process_count,arrival_rate,burst_mean,burst_variance,short_job_ratio,priority_mean,priority_variance,io_frequency,io_cpu_ratio,profile,seed,label,score_fcfs,score_sjf,score_round_robin,score_priority,score_priority_rr
12.0,0.9230769230769231,8.5,6.583333333333333,1.0,3.0833333333333335,1.9097222222222223,2.3333333333333335,1.5294117647058822,interactive,420000000,Round Robin,0.1316842410752327,0.0819948001994444,0.05845323741007194,0.2598376783079193,0.7834158415841584
12.0,1.2,9.416666666666666,9.243055555555555,1.0,2.75,1.8541666666666667,2.9166666666666665,1.6194690265486726,interactive,420000001,Round Robin,0.11651291661304852,0.15356211774988318,0.08965714724082485,0.2630475302889096,0.7771381578947368
12.0,1.0909090909090908,8,10,1.0,2.8333333333333335,2.638888888888889,2.5,1.625,interactive,420000002,FCFS,0.05837942452923823,0.07643557575176962,0.06054718738429697,0.3224637681159421,0.8071748878923767
12.0,0.8571428571428571,8.5,6.75,1.0,2.25,1.5208333333333333,2.5,1.411764705882353,interactive,420000003,Round Robin,0.1548846020703809,0.15397923875432526,0.10810165956914751,0.2857061732073674,0.782871972318339
12.0,0.8571428571428571,7.333333333333333,8.88888888888889,1.0,2.6666666666666665,2.5555555555555554,2.0833333333333335,1.5568181818181819,interactive,420000004,SJF,0.11878761690175622,0.09612254769254494,0.09682805361528093,0.2969700584516283,0.8002793296089385
12.0,1.0,10.166666666666666,10.13888888888889,1.0,3.4166666666666665,1.5763888888888888,2.5833333333333335,1.139344262295082,interactive,420000005,Round Robin,0.1414585801987061,0.16031449893390193,0.10447761194029848,0.29880670488534394,0.7792207792207793
12.0,1.2,9.666666666666666,11.38888888888889,1.0,3.4166666666666665,2.076388888888889,2.6666666666666665,1.3189655172413792,interactive,420000006,SJF,0.14204808685774203,0.0793875433292437,0.087141750580945,0.254293041926851,0.7911849710982659
12.0,1.2,9.583333333333334,12.409722222222221,1.0,2.9166666666666665,1.5763888888888888,2.5,1.4173913043478261,interactive,420000007,Round Robin,0.08550468036127457,0.16842793740618528,0.06847995925966224,0.29053571428571423,0.7882562277580072
12.0,0.8571428571428571,9.083333333333334,3.4097222222222223,1.0,2.8333333333333335,1.9722222222222223,3.0833333333333335,1.5412844036697249,interactive,420000008,SJF,0.11339014933394756,0.10174595405362424,0.11867185634153743,0.3134920634920635,0.8026315789473684
12.0,1.0,7.166666666666667,5.638888888888889,1.0,3.3333333333333335,1.7222222222222223,2.1666666666666665,1.5116279069767442,interactive,420000009,SJF,0.08239675962568088,0.03617021276595746,0.06017505470459518,0.26601716584104373,0.8053191489361702
12.0,1.0,9.5,10.916666666666666,1.0,2.25,1.8541666666666667,2.5833333333333335,1.4210526315789473,interactive,420000010,Round Robin,0.1038930156717094,0.15301877599357974,0.0944466390894622,0.27557339449541285,0.778782894736842
12.0,1.0,7.916666666666667,14.743055555555555,1.0,2.5833333333333335,2.076388888888889,2.1666666666666665,1.4210526315789473,interactive,420000011,SJF,0.102342737354179,0.0698160535117057,0.10672451684527719,0.3285093678489703,0.8286713286713288
12.0,1.2,7.416666666666667,8.243055555555555,1.0,2.5,1.5833333333333333,2.1666666666666665,1.5056179775280898,interactive,420000012,FCFS,0.12277045298510599,0.20968633211737361,0.1343966486324848,0.33303085299455537,0.8288590604026845
12.0,1.0,9.083333333333334,6.743055555555555,1.0,3,1.8333333333333333,2.9166666666666665,1.4036697247706422,interactive,420000013,Round Robin,0.07751002643332422,0.1854901558654635,0.057013945857260044,0.2767140468227425,0.8333333333333333
12.0,0.9230769230769231,8.333333333333334,12.722222222222221,1.0,2.5,2.25,2.5,1.32,interactive,420000014,SJF,0.08439089127024717,0.051636302294196995,0.08057026787199821,0.2868809272918862,0.7947530864197532
12.0,1.0909090909090908,7.833333333333333,15.972222222222221,1.0,2.9166666666666665,1.0763888888888888,2.3333333333333335,1.3404255319148937,interactive,420000015,Round Robin,0.13386071927818022,0.14330003127817334,0.0755813953488372,0.3052034250392664,0.7868852459016393
12.0,0.8571428571428571,8.416666666666666,10.909722222222221,1.0,3.4166666666666665,2.076388888888889,2.3333333333333335,1.4752475247524752,interactive,420000016,SJF,0.08717755365579005,0.03129890453834117,0.051307847082494966,0.29621809309309305,0.7876344086021505
12.0,0.8571428571428571,9.083333333333334,12.409722222222221,1.0,3,1.8333333333333333,3.0833333333333335,1.5688073394495412,interactive,420000017,SJF,0.10539938454567765,0.0848501062646209,0.13711005320914257,0.28867524784138154,0.8138297872340425
12.0,1.3333333333333333,8.416666666666666,10.57638888888889,1.0,2.9166666666666665,1.4097222222222223,2.5,1.5742574257425743,interactive,420000018,SJF,0.08968990612804559,0.06800396423751685,0.08617234468937879,0.33271699921582293,0.8078947368421052
12.0,1.0,9.666666666666666,9.88888888888889,1.0,3.6666666666666665,1.7222222222222223,2.8333333333333335,1.5344827586206897,interactive,420000019,SJF,0.11207834930028082,0.09469173101942861,0.10917925247215039,0.25436975436975434,0.8207364341085271
12.0,0.8,10,15.5,1.0,3,2.3333333333333335,3.0833333333333335,1.55,interactive,420000020,Round Robin,0.10530555128106486,0.08324162687539001,0.08083596214511041,0.28976270795374204,0.7888719512195121
12.0,0.9230769230769231,8.666666666666666,21.88888888888889,1.0,2.75,2.5208333333333335,2,1.0769230769230769,interactive,420000021,Round Robin,0.14165501854738993,0.15449438202247187,0.08289144462490665,0.2941626794258373,0.7780898876404494
12.0,0.8571428571428571,8.833333333333334,8.305555555555555,1.0,3.75,2.1875,2.4166666666666665,1.5471698113207548,interactive,420000022,Round Robin,0.07131256603921261,0.09988396312370923,0.06030603060306031,0.3071558520315342,0.8502415458937198
12.0,0.8571428571428571,7.833333333333333,19.13888888888889,1.0,2.6666666666666665,1.8888888888888888,2.1666666666666665,1.4680851063829787,interactive,420000023,Round Robin,0.17551305166649891,0.12241367176090956,0.09967845659163987,0.36524150467297,0.7838709677419355
12.0,0.75,9.333333333333334,16.055555555555557,1.0,3.25,1.8541666666666667,2.6666666666666665,1.3214285714285714,interactive,420000024,SJF,0.1346057832327855,0.0688403875243436,0.08947368421052633,0.2760177411690163,0.8003952569169961
12.0,1.0909090909090908,8.916666666666666,13.57638888888889,1.0,2.75,1.1875,2.4166666666666665,1.3738317757009346,interactive,420000025,Round Robin,0.10618689908669204,0.13245614035087716,0.07291280301344344,0.3026234138191655,0.7763157894736842
12.0,1.0909090909090908,7.75,14.354166666666666,1.0,3.75,2.3541666666666665,2.1666666666666665,1.2580645161290323,interactive,420000026,Round Robin,0.12320672712516559,0.09933774834437085,0.09432480144554448,0.3074565785092101,0.8460264900662251
12.0,1.0,8.333333333333334,7.722222222222222,1.0,3.9166666666666665,1.0763888888888888,2.5833333333333335,1.71,interactive,420000027,Round Robin,0.08574665635017135,0.2134289120567568,0.08539766383803085,0.2757499126765182,0.8539156626506024
12.0,0.6666666666666666,7.833333333333333,23.305555555555557,1.0,3.1666666666666665,2.9722222222222223,2.1666666666666665,1.2446808510638299,interactive,420000028,Round Robin,0.14120583984817092,0.21179963124490303,0.12795986249648508,0.3639333187792259,0.8322784810126582
12.0,1.0909090909090908,9,8.833333333333334,1.0,3,2.6666666666666665,2.9166666666666665,1.4351851851851851,interactive,420000029,Round Robin,0.07097828043246301,0.12206547335631861,0.046511627906976744,0.27643876045253324,0.7947761194029851
12.0,1.5,7.666666666666667,15.555555555555555,1.0,2.5833333333333335,2.2430555555555554,2.0833333333333335,1.2717391304347827,interactive,420000030,Round Robin,0.16917805571127567,0.15007292521259002,0.11045523710794153,0.28827756053940645,0.782122905027933
12.0,0.8571428571428571,9.083333333333334,9.243055555555555,1.0,3.0833333333333335,2.576388888888889,2.9166666666666665,1.6422018348623852,interactive,420000031,SJF,0.09833524571994835,0.07423754449558628,0.08259717314487633,0.27684677078936265,0.8154981549815499
12.0,1.0,9,11,1.0,2.75,2.1875,2.5833333333333335,1.4722222222222223,interactive,420000032,Round Robin,0.0969193347392638,0.1262443266042423,0.08720420683610867,0.2848080676642811,0.8056640625
12.0,1.2,8.5,8.916666666666666,1.0,3.5,2.4166666666666665,2.3333333333333335,1.5392156862745099,interactive,420000033,SJF,0.12113602236835293,0.054226912229423184,0.10229455441212504,0.254916277258567,0.8110599078341014
12.0,1.3333333333333333,8.083333333333334,9.409722222222221,1.0,3.4166666666666665,1.4097222222222223,2.1666666666666665,1.3917525773195876,interactive,420000034,SJF,0.18158465831081982,0.05937471757605785,0.10220396894532424,0.25346191889218594,0.835820895522388
12.0,1.0,10.583333333333334,12.909722222222221,1.0,2.1666666666666665,1.9722222222222223,3,1.4330708661417322,interactive,420000035,SJF,0.07070349637827907,0.02914110429447853,0.0802640722724114,0.31414532480964075,0.7891104294478528
12.0,0.9230769230769231,10.166666666666666,11.63888888888889,1.0,2.5,1.4166666666666667,2.9166666666666665,1.4098360655737705,interactive,420000036,Round Robin,0.12839763732206938,0.17312091295685506,0.08484005563282336,0.2983471074380165,0.8004115226337449
12.0,1.0,9.5,10.916666666666666,1.0,3,2.6666666666666665,2.9166666666666665,1.5701754385964912,interactive,420000037,Round Robin,0.14249282994312154,0.2158893280632411,0.11051829268292684,0.3051055714078005,0.7974308300395256
12.0,1.5,8.083333333333334,16.57638888888889,1.0,3.4166666666666665,1.2430555555555556,2.5,1.6082474226804124,interactive,420000038,Round Robin,0.10285705462181566,0.11658031088082903,0.07053005357526636,0.3037329475397144,0.8199481865284974
12.0,1.0909090909090908,7.75,10.854166666666666,1.0,2.9166666666666665,2.076388888888889,2.4166666666666665,1.6021505376344085,interactive,420000039,SJF,0.06738664535407578,0.029620853080568717,0.08095010476608801,0.3028030663806998,0.8033175355450237
12.0,0.8571428571428571,9.583333333333334,12.909722222222221,1.0,3.6666666666666665,1.8888888888888888,2.75,1.2608695652173914,interactive,420000040,Round Robin,0.12405497951253294,0.09637766192793801,0.08590308370044053,0.26331719128329295,0.8231441048034935
12.0,1.5,9.5,9.916666666666666,1.0,3,2,2.9166666666666665,1.8245614035087718,interactive,420000041,Round Robin,0.08679319597272481,0.06466879681165397,0.05930138099106416,0.3222895753549186,0.7780303030303031
12.0,1.0,10.333333333333334,12.88888888888889,1.0,2.9166666666666665,2.9097222222222223,3.0833333333333335,1.596774193548387,interactive,420000042,SJF,0.10259153782622679,0.04979312373493137,0.08863257405514328,0.2733630006357279,0.8003194888178914
12.0,0.8571428571428571,9.25,4.1875,1.0,2.8333333333333335,2.4722222222222223,2.9166666666666665,1.6666666666666667,interactive,420000043,SJF,0.12583151367736345,0.06818181818181818,0.12824428535890986,0.27941176470588236,0.7968227424749164
12.0,0.75,8.333333333333334,15.055555555555555,1.0,2.8333333333333335,1.8055555555555556,2.3333333333333335,1.46,interactive,420000044,SJF,0.15145493042952207,0.027894736842105264,0.10738354506957049,0.26044529961517315,0.8275862068965518
12.0,0.8,8.333333333333334,11.88888888888889,1.0,3.0833333333333335,1.4097222222222223,2.4166666666666665,1.51,interactive,420000045,Round Robin,0.0929774133760563,0.09768462827013231,0.04938271604938271,0.3172892829355307,0.8263358778625953
12.0,0.8571428571428571,8.333333333333334,13.055555555555555,1.0,2.5,1.9166666666666667,2.6666666666666665,1.64,interactive,420000046,Round Robin,0.16685874085297056,0.27797406230040156,0.0887740757706554,0.33299779230957927,0.830223880597015
12.0,0.6666666666666666,9,18,1.0,4.25,1.3541666666666667,2.5,1.4259259259259258,interactive,420000047,Round Robin,0.11097490475050935,0.12179759523558872,0.06371927724511314,0.28495440729483285,0.9057971014492754
12.0,1.3333333333333333,9.666666666666666,6.388888888888889,1.0,2.8333333333333335,2.3055555555555554,2.3333333333333335,1.0948275862068966,interactive,420000048,Round Robin,0.142133813711122,0.13017525647288716,0.08426966292134833,0.2748058671268335,0.7509057971014492
12.0,1.0909090909090908,7.166666666666667,9.472222222222221,1.0,2.4166666666666665,2.2430555555555554,2.0833333333333335,1.6046511627906976,interactive,420000049,SJF,0.10836857651912978,0.051162790697674404,0.08580160216396174,0.31863904289874556,0.7906976744186047
12.0,1.0,7.166666666666667,9.972222222222221,1.0,2.3333333333333335,1.8888888888888888,2.0833333333333335,1.4767441860465116,interactive,420000050,SJF,0.16384837795231058,0.1068087965893012,0.10790611675544866,0.3167542393121566,0.7786624203821656
12.0,0.7058823529411765,8.25,13.854166666666666,1.0,3.4166666666666665,2.4097222222222223,2.3333333333333335,1.4242424242424243,interactive,420000051,Round Robin,0.05781574072209584,0.08105321572521762,0.051301499086406445,0.34006032897249044,0.7995283018867925
12.0,0.9230769230769231,9.666666666666666,5.388888888888889,1.0,3.5833333333333335,2.076388888888889,2.9166666666666665,1.5344827586206897,interactive,420000052,SJF,0.13748277320010197,0.10069084712284201,0.1281849301746606,0.26674641148325356,0.7958515283842795
12.0,0.9230769230769231,7.583333333333333,11.57638888888889,1.0,2.8333333333333335,1.6388888888888888,2.25,1.5274725274725274,interactive,420000053,SJF,0.09202479926509308,0.027366152366152356,0.09745136620792444,0.32920114775862985,0.8012820512820513
12.0,0.7058823529411765,6.75,8.020833333333334,1.0,3.8333333333333335,1.3055555555555556,2,1.4444444444444444,interactive,420000054,SJF,0.13480458523689748,0.058916580578512415,0.07717647964683538,0.30900621118012417,0.87890625
12.0,0.75,8.666666666666666,10.722222222222221,1.0,2.4166666666666665,2.2430555555555554,2.5833333333333335,1.5096153846153846,interactive,420000055,Round Robin,0.10793506493506493,0.10995339379771045,0.0876758200756269,0.259753742153549,0.788
12.0,1.2,7.083333333333333,20.90972222222222,1.0,2.5833333333333335,1.2430555555555556,1.8333333333333333,1.3411764705882352,interactive,420000056,Round Robin,0.19203250167625366,0.10730714238626542,0.10153947981148286,0.2779431216931217,0.8895348837209303
12.0,0.8571428571428571,6.916666666666667,14.07638888888889,1.0,2.5,2.25,2.25,1.6867469879518073,interactive,420000057,Round Robin,0.16891256375936042,0.13890970140970144,0.11956885598397102,0.34101685714191643,0.814935064935065
12.0,1.0,9.333333333333334,12.38888888888889,1.0,2.4166666666666665,2.2430555555555554,2.75,1.2410714285714286,interactive,420000058,Round Robin,0.11713883109792986,0.10855983166892591,0.0744322960470984,0.2677293428757319,0.774561403508772
12.0,0.9230769230769231,7.833333333333333,8.13888888888889,1.0,3.4166666666666665,1.7430555555555556,2.4166666666666665,1.6702127659574468,interactive,420000059,SJF,0.06333626361916941,0.018895348837209298,0.05351283150372095,0.29094132039785536,0.8677325581395349
12.0,1.0,8.916666666666666,14.243055555555555,1.0,2.4166666666666665,1.2430555555555556,2.6666666666666665,1.308411214953271,interactive,420000060,Round Robin,0.13486885245901642,0.12042576204523106,0.08287795992714024,0.27642576204523106,0.7909999999999999
12.0,1.0,9.333333333333334,11.222222222222221,1.0,2.9166666666666665,1.0763888888888888,2.6666666666666665,1.4375,interactive,420000061,SJF,0.08332667862095,0.06920658889122812,0.09282598453538356,0.32758620689655177,0.7920353982300885
12.0,0.8,7.75,8.1875,1.0,3.0833333333333335,1.0763888888888888,2.1666666666666665,1.3655913978494623,interactive,420000062,Round Robin,0.10733464754265516,0.08697128309657719,0.0728738030888483,0.34812986946135277,0.8510638297872339
12.0,0.8571428571428571,9.833333333333334,4.972222222222222,1.0,2.3333333333333335,2.2222222222222223,2.9166666666666665,1.4067796610169492,interactive,420000063,Round Robin,0.09261068078050107,0.12737137684135674,0.08270676691729323,0.28244837758112096,0.7817220543806647
12.0,1.0,8.916666666666666,11.409722222222221,1.0,2.4166666666666665,1.2430555555555556,2.75,1.514018691588785,interactive,420000064,SJF,0.11508790149098733,0.06761922632712537,0.08416289592760182,0.32430159279873755,0.7920081967213115
12.0,1.2,7,11.833333333333334,1.0,2.5833333333333335,1.0763888888888888,2.0833333333333335,1.2380952380952381,interactive,420000065,Round Robin,0.12042107685227794,0.17832473257001558,0.061585365853658536,0.3398920190752295,0.7865566037735849
12.0,0.9230769230769231,8,18.833333333333332,1.0,3.0833333333333335,1.9097222222222223,2.25,1.09375,interactive,420000066,SJF,0.13917974589984938,0.05414746543778803,0.08156582302315932,0.3022763758346523,0.8006912442396313
12.0,1.2,8,12.5,1.0,3.1666666666666665,2.138888888888889,2.25,1.5416666666666667,interactive,420000067,Round Robin,0.09381313651919351,0.1255382323421705,0.0738327904451683,0.27972465581977474,0.8132911392405063
12.0,1.2,9,14.333333333333334,1.0,3.25,2.0208333333333335,3,1.8333333333333333,interactive,420000068,SJF,0.10934714227497325,0.07167235494880546,0.12376203986872984,0.3064586461185198,0.7918088737201365
12.0,0.9230769230769231,8.166666666666666,7.305555555555555,1.0,3.4166666666666665,1.7430555555555556,2.0833333333333335,1.1224489795918366,interactive,420000069,SJF,0.1568173485272548,0.09658618242912603,0.11701050536108482,0.30098432721712537,0.8157327586206897
12.0,1.0,8.333333333333334,7.555555555555555,1.0,2.8333333333333335,1.1388888888888888,2.5,1.3,interactive,420000070,Round Robin,0.10910661442576337,0.17235588308842797,0.07226833055645993,0.26963141025641024,0.7948717948717949
12.0,0.9230769230769231,7,5.666666666666667,1.0,3.1666666666666665,2.4722222222222223,2.25,1.6071428571428572,interactive,420000071,Round Robin,0.10008890476245338,0.09218732598284889,0.08978525650760864,0.32229965156794427,0.8378048780487806
12.0,1.0,8.833333333333334,20.13888888888889,1.0,3.75,1.3541666666666667,2.6666666666666665,1.6037735849056605,interactive,420000072,SJF,0.07803621414243109,0.02645985401459854,0.04179728317659351,0.26410658307210033,0.7864963503649636
12.0,1.0909090909090908,8.25,6.354166666666667,1.0,3.4166666666666665,1.9097222222222223,2.4166666666666665,1.4141414141414141,interactive,420000073,Round Robin,0.16907651415136013,0.11556603773584906,0.0913088612068204,0.2816892928500072,0.8195754716981132
12.0,1.3333333333333333,8.916666666666666,9.243055555555555,1.0,2.5833333333333335,2.076388888888889,2.8333333333333335,1.560747663551402,interactive,420000074,SJF,0.1667222318304886,0.0926669202355008,0.1108354011579818,0.3006579990486761,0.7835365853658536
12.0,1.3333333333333333,8.333333333333334,15.055555555555555,1.0,2.6666666666666665,2.388888888888889,2.1666666666666665,1.45,interactive,420000075,SJF,0.09507492017948815,0.04001677186296691,0.08830414887227526,0.31301939058171746,0.7924382716049383
12.0,0.8571428571428571,7.166666666666667,10.63888888888889,1.0,3.0833333333333335,1.9097222222222223,2.0833333333333335,1.2906976744186047,interactive,420000076,Round Robin,0.1661746931142013,0.16268699654775604,0.12187621702381772,0.26098265895953754,0.828125
12.0,0.75,9.75,10.354166666666666,1.0,3,2,2.8333333333333335,1.4017094017094016,interactive,420000077,Round Robin,0.1084093555900621,0.09186238354037268,0.086328125,0.298218476637508,0.7872670807453417
12.0,0.9230769230769231,9.166666666666666,11.305555555555555,1.0,3,2,2.75,1.5,interactive,420000078,SJF,0.11805472814647129,0.10595074117801391,0.12069649491459335,0.26686024220427884,0.7984126984126985
12.0,1.3333333333333333,6.166666666666667,10.472222222222221,1.0,3.0833333333333335,2.576388888888889,1.75,1.4324324324324325,interactive,420000079,SJF,0.12638528082532996,0.09905260111809003,0.10160265666970579,0.2831920903954802,0.7939330543933054
12.0,1.7142857142857142,10.416666666666666,15.07638888888889,1.0,3.0833333333333335,1.7430555555555556,2.8333333333333335,1.344,interactive,420000080,Round Robin,0.08280933080492343,0.11066754578911028,0.06001500375093771,0.29523565717632616,0.7743055555555556
12.0,1.3333333333333333,8.833333333333334,13.63888888888889,1.0,3,1.3333333333333333,2.3333333333333335,1.1603773584905661,interactive,420000081,SJF,0.13130651852033137,0.11857096953017301,0.13633390031630693,0.29651102036226085,0.7922535211267605
12.0,1.2,8.25,6.1875,1.0,2.6666666666666665,1.7222222222222223,2.1666666666666665,1.3737373737373737,interactive,420000082,Round Robin,0.14682174869488132,0.13190071247988966,0.11126154902273941,0.3122629582806574,0.7885338345864661
12.0,0.8571428571428571,8.583333333333334,15.743055555555555,1.0,3.4166666666666665,1.9097222222222223,2.5833333333333335,1.6601941747572815,interactive,420000083,Round Robin,0.09547594589967472,0.1247430363621265,0.07224175987556898,0.3238157894736842,0.8585858585858586
12.0,1.0909090909090908,10.416666666666666,16.743055555555557,1.0,3,2.6666666666666665,2.75,1.488,interactive,420000084,Round Robin,0.1010179654146846,0.11975424747926369,0.08852397500074491,0.2770675505050505,0.7987804878048781
12.0,0.8571428571428571,10.416666666666666,15.07638888888889,1.0,2.5833333333333335,2.2430555555555554,3,1.352,interactive,420000085,SJF,0.10964268932322427,0.048640570010055305,0.08849293544433225,0.3095737552078781,0.7692307692307692
12.0,0.9230769230769231,8.333333333333334,8.38888888888889,1.0,3,1.5,2.4166666666666665,1.31,interactive,420000086,Round Robin,0.10204695687596049,0.17145813851146932,0.06035328753680079,0.25049067713444556,0.7936320754716981
12.0,1.3333333333333333,8,12,1.0,2.5833333333333335,1.4097222222222223,2.5,1.7708333333333333,interactive,420000087,Round Robin,0.17948395571463477,0.18589178166136064,0.10714910056581618,0.25,0.8038674033149171
12.0,0.9230769230769231,7.25,12.354166666666666,1.0,3.25,2.5208333333333335,2,1.2413793103448276,interactive,420000088,SJF,0.10490557513327912,0.08885560675883254,0.09806372549019605,0.2818627450980392,0.8260368663594471
12.0,0.75,10.583333333333334,15.07638888888889,1.0,2.8333333333333335,1.8055555555555556,2.75,1.188976377952756,interactive,420000089,SJF,0.11285185821597618,0.08419935597189693,0.10794619517424985,0.2656842904123451,0.7729508196721311
12.0,1.2,8.083333333333334,11.909722222222221,1.0,2.5833333333333335,2.4097222222222223,2.5,1.4742268041237114,interactive,420000090,Round Robin,0.1046400449943757,0.08874513487491549,0.07553677721088436,0.26015361952861954,0.8011811023622046
12.0,1.0,7.833333333333333,5.805555555555555,1.0,2.8333333333333335,1.9722222222222223,2,1.2872340425531914,interactive,420000091,Round Robin,0.11004700784505045,0.17091970003370408,0.04571984435797666,0.28123179007124194,0.7593023255813953
12.0,1.0909090909090908,7.833333333333333,7.472222222222222,1.0,3.6666666666666665,1.7222222222222223,2,1.2765957446808511,interactive,420000092,Round Robin,0.1125346021813053,0.1254980079681275,0.10649839774521773,0.26220752797558494,0.8017928286852589
12.0,0.9230769230769231,7.5,13.916666666666666,1.0,3.25,2.0208333333333335,2.25,1.5333333333333334,interactive,420000093,Round Robin,0.09786991352326384,0.12407073509015255,0.08197996281759966,0.33709876543209877,0.8114754098360655
12.0,0.8571428571428571,9.75,20.1875,1.0,2.25,1.6875,2.6666666666666665,1.3076923076923077,interactive,420000094,Round Robin,0.12683701771816525,0.15326151121605663,0.08108502878610459,0.30840204592766063,0.7840909090909092
12.0,0.8571428571428571,7.333333333333333,13.88888888888889,1.0,2.25,2.0208333333333335,2.25,1.4090909090909092,interactive,420000095,SJF,0.14754858935823148,0.030016261496057628,0.08909090909090911,0.3455346395764514,0.8134328358208955
12.0,1.7142857142857142,8.333333333333334,14.555555555555555,1.0,2.4166666666666665,1.4097222222222223,2.75,1.72,interactive,420000096,SJF,0.1306485276736993,0.05404436572199728,0.11518973017828854,0.2743055555555556,0.8416149068322981
12.0,1.2,9.083333333333334,7.409722222222222,1.0,2.75,1.6875,2.5,1.3211009174311927,interactive,420000097,Round Robin,0.12031120912506998,0.10768206842395929,0.08917197452229303,0.2677810553916749,0.7771966527196653
12.0,0.9230769230769231,10.083333333333334,19.57638888888889,1.0,3.25,1.8541666666666667,2.8333333333333335,1.4132231404958677,interactive,420000098,SJF,0.1537819959735404,0.09185598779557591,0.13535418217010642,0.2810769099110928,0.7780701754385965
12.0,1.0909090909090908,9.333333333333334,10.88888888888889,1.0,2.75,1.3541666666666667,2.9166666666666665,1.7321428571428572,interactive,420000099,Round Robin,0.09136868088312629,0.08969996005642118,0.07356354609021282,0.26310223266745003,0.8118932038834952
12.0,0.9230769230769231,8.666666666666666,12.722222222222221,1.0,2.5833333333333335,1.0763888888888888,2,1.1826923076923077,interactive,420000100,Round Robin,0.11088041431261772,0.10954545454545456,0.10219655683882473,0.3012891515511944,0.78625
12.0,0.8,9.25,7.354166666666667,1.0,3.8333333333333335,0.9722222222222222,2.75,1.6306306306306306,interactive,420000101,Round Robin,0.1547106734522385,0.16946777590616594,0.10694776440136951,0.25902691511387166,0.8094713656387665
12.0,1.3333333333333333,8.166666666666666,6.972222222222222,1.0,2.6666666666666665,2.7222222222222223,2.3333333333333335,1.2755102040816326,interactive,420000102,SJF,0.07546296296296295,0.05064534231200895,0.08935185185185184,0.25527497194163856,0.7925925925925925
12.0,1.2,9,11.666666666666666,1.0,3.1666666666666665,1.1388888888888888,2.3333333333333335,1.3148148148148149,interactive,420000103,SJF,0.10417930696702671,0.05222330504556158,0.06901279707495428,0.3014705882352941,0.8025291828793775
12.0,0.8571428571428571,8.75,11.1875,1.0,3.3333333333333335,1.7222222222222223,2.5,1.561904761904762,interactive,420000104,Round Robin,0.13573568815004752,0.11927066477697551,0.08567662565905099,0.30227964039475463,0.7975409836065575
12.0,1.3333333333333333,9.083333333333334,8.409722222222221,1.0,3.0833333333333335,1.4097222222222223,2.3333333333333335,1.3761467889908257,interactive,420000105,FCFS,0.08913063851055854,0.10793895070038305,0.09561258278145696,0.2924094871593497,0.7959905660377358
12.0,1.2,8.833333333333334,7.638888888888889,1.0,3,2,2.5833333333333335,1.6132075471698113,interactive,420000106,Round Robin,0.08093250405468028,0.16178807779193696,0.07043558850787766,0.31351771540790446,0.7939453125
12.0,1.0,8.25,5.854166666666667,1.0,1.9166666666666667,1.2430555555555556,2,1.3333333333333333,interactive,420000107,Round Robin,0.08313627300969073,0.11034423975139869,0.0665098700731541,0.30841164127360643,0.7831196581196581
12.0,1.2,10.083333333333334,12.743055555555555,1.0,3.3333333333333335,1.7222222222222223,2.75,1.512396694214876,interactive,420000108,SJF,0.11291009985039835,0.08535121594823088,0.10139860139860138,0.2624681663837012,0.782960199004975
12.0,0.75,8.333333333333334,8.88888888888889,1.0,3.4166666666666665,1.5763888888888888,2.1666666666666665,1.21,interactive,420000109,Round Robin,0.16636164816316715,0.17530378594241822,0.13190600333016497,0.2957934462444771,0.8095854922279793
12.0,1.2,8.666666666666666,8.222222222222221,1.0,3,2.6666666666666665,2.5,1.6923076923076923,interactive,420000110,SJF,0.059718141801445905,0.04892987886975048,0.08421980878121232,0.31272509003601445,0.8080110497237569
12.0,0.9230769230769231,9.083333333333334,14.57638888888889,1.0,2.9166666666666665,2.2430555555555554,2.5833333333333335,1.146788990825688,interactive,420000111,SJF,0.10618540051679588,0.056156015037594015,0.08096468561584841,0.34924356089022257,0.7763157894736843
12.0,1.0,9.333333333333334,6.722222222222222,1.0,2.9166666666666665,1.5763888888888888,2.3333333333333335,1.2053571428571428,interactive,420000112,Round Robin,0.10032439071010041,0.07684265851118789,0.07257440839155067,0.3099500868055555,0.7740524781341108
12.0,1.0,8.166666666666666,9.972222222222221,1.0,2.5,1.9166666666666667,2.3333333333333335,1.469387755102041,interactive,420000113,SJF,0.11056498513411964,0.07486894540076414,0.0891322834645669,0.30892125984251967,0.7821576763485477
12.0,0.8,10.75,9.1875,1.0,3.0833333333333335,2.4097222222222223,3,1.4883720930232558,interactive,420000114,Round Robin,0.1551996589455734,0.184207377210862,0.09161290322580641,0.2859712230215827,0.7643171806167401
12.0,0.9230769230769231,7.583333333333333,6.743055555555555,1.0,2.9166666666666665,2.076388888888889,2.25,1.4395604395604396,interactive,420000115,FCFS,0.10301263362487853,0.12501084696258596,0.10495626822157433,0.2609998764058831,0.8202380952380952
12.0,1.0909090909090908,8.833333333333334,10.305555555555555,1.0,2.4166666666666665,1.7430555555555556,2.5,1.2735849056603774,interactive,420000116,SJF,0.0959311493666157,0.03977418096224942,0.07356948228882836,0.2859562272016675,0.778169014084507
12.0,1.0909090909090908,7.583333333333333,12.243055555555555,1.0,2.75,1.3541666666666667,2.0833333333333335,1.5164835164835164,interactive,420000117,Round Robin,0.20797923342455957,0.25,0.09416419904665613,0.29380225092388673,0.7556179775280899
12.0,0.8571428571428571,10.5,18.083333333333332,1.0,3,1.8333333333333333,3.3333333333333335,1.5238095238095237,interactive,420000118,Round Robin,0.15526092155060817,0.2126523532535471,0.11481420720748246,0.26557223264540336,0.7985232067510548
12.0,0.8571428571428571,8.916666666666666,14.07638888888889,1.0,2.8333333333333335,1.8055555555555556,2.5833333333333335,1.485981308411215,interactive,420000119,SJF,0.07263664874551974,0.04802801496942864,0.05897250733137832,0.2774778761061947,0.7916666666666667
12.0,0.8,8.583333333333334,15.743055555555555,1.0,3.1666666666666665,2.3055555555555554,2.3333333333333335,1.3009708737864079,interactive,420000120,SJF,0.11155090097742427,0.06354588511846579,0.06629554655870445,0.2773279352226721,0.7724014336917563
12.0,1.0,7.416666666666667,8.409722222222221,1.0,3.5,1.4166666666666667,2.3333333333333335,1.4606741573033708,interactive,420000121,FCFS,0.08275162337662337,0.1451298701298701,0.08700941915227631,0.3197115384615385,0.8480113636363636
12.0,1.2,7.75,6.020833333333333,1.0,2.9166666666666665,2.4097222222222223,2.25,1.3333333333333333,interactive,420000122,SJF,0.12567371078772294,0.08214159887258983,0.10970885703063626,0.3103626179245283,0.8079399141630901
12.0,1.2,10.416666666666666,7.743055555555555,1.0,2.5,1.5833333333333333,2.8333333333333335,1.336,interactive,420000123,Round Robin,0.12230111751121492,0.14725316047610784,0.09240924092409242,0.2656944973948406,0.7828418230563003
12.0,1.0909090909090908,8.416666666666666,10.243055555555555,1.0,3.4166666666666665,1.5763888888888888,2.5833333333333335,1.5544554455445545,interactive,420000124,SJF,0.1228887521647981,0.03183962264150945,0.09613526570048309,0.29169307222135654,0.7912735849056605
12.0,1.2,10.333333333333334,19.555555555555557,1.0,3,2.6666666666666665,2.6666666666666665,1.2338709677419355,interactive,420000125,Round Robin,0.13105112400480107,0.12571572333825276,0.08099438652766643,0.26221830029866955,0.7973856209150327
12.0,0.8571428571428571,9.166666666666666,18.305555555555557,1.0,2.5833333333333335,2.576388888888889,2.4166666666666665,1.3363636363636364,interactive,420000126,Round Robin,0.14096442137312046,0.0864453170983311,0.07880724174653889,0.2967657342657342,0.7952488687782806
12.0,1.0909090909090908,8,11,1.0,2.8333333333333335,2.138888888888889,2.1666666666666665,1.3020833333333333,interactive,420000127,SJF,0.142797165317573,0.11442353676930436,0.11822734582710888,0.2857381988617342,0.8302845528455285
12.0,1.0,9.583333333333334,14.243055555555555,1.0,2.5,1.5833333333333333,2.9166666666666665,1.6347826086956523,interactive,420000128,Round Robin,0.13188852459016392,0.11107252014448456,0.09774700854700855,0.3332923076923076,0.7950819672131147
12.0,0.7058823529411765,9.916666666666666,11.409722222222221,1.0,2.75,3.3541666666666665,2.8333333333333335,1.4705882352941178,interactive,420000129,Round Robin,0.1124247886571698,0.14490933847041976,0.08833143474504768,0.28233224165563375,0.8220338983050848
12.0,0.8571428571428571,7.416666666666667,13.409722222222221,1.0,3.0833333333333335,1.9097222222222223,1.9166666666666667,1.5730337078651686,interactive,420000130,Round Robin,0.20643613937808622,0.2612150730581902,0.061768530559167756,0.3322102059882191,0.8541666666666667
12.0,1.5,9.083333333333334,14.07638888888889,1.0,3.6666666666666665,1.5555555555555556,2,1.0458715596330275,interactive,420000131,Round Robin,0.14309969347356763,0.1302939084416977,0.09492563429571305,0.2726823185414517,0.8039568345323741
12.0,0.8571428571428571,7.5,15.083333333333334,1.0,3.5833333333333335,2.576388888888889,2.25,1.5333333333333334,interactive,420000132,Round Robin,0.14671081677704195,0.110627147766323,0.08278145695364239,0.31798917867140025,0.8566666666666667
12.0,0.7058823529411765,9.166666666666666,8.63888888888889,1.0,1.9166666666666667,1.7430555555555556,2.75,1.5,interactive,420000133,Round Robin,0.14502150478687084,0.15797546012269942,0.0886250429235487,0.3370377038506437,0.8174846625766872
12.0,1.2,9.25,9.020833333333334,1.0,2.5833333333333335,1.5763888888888888,3.25,1.8738738738738738,interactive,420000134,Round Robin,0.12835930056228778,0.11904343530607793,0.1109368340937919,0.30218533986175117,0.7805084745762711
12.0,1.2,8.166666666666666,3.9722222222222223,1.0,3.4166666666666665,1.9097222222222223,2.1666666666666665,1.3775510204081634,interactive,420000135,Round Robin,0.10704941860465118,0.16174903100775193,0.08720930232558138,0.26485148514851486,0.80625
12.0,1.0,9.25,9.6875,1.0,4.583333333333333,0.24305555555555555,2.5,1.3243243243243243,interactive,420000136,Round Robin,0.14941583206088593,0.16761992255413305,0.08599484325841082,0.28141135972461273,0.8051801801801801
12.0,0.8571428571428571,9.25,8.854166666666666,1.0,2.3333333333333335,1.7222222222222223,2.9166666666666665,1.6216216216216217,interactive,420000137,Round Robin,0.09529836722444773,0.07687747035573127,0.050332778702163065,0.3057674693491687,0.7954545454545454
12.0,1.0,8.083333333333334,12.57638888888889,1.0,2,1.5,2.25,1.4742268041237114,interactive,420000138,Round Robin,0.09782968853545396,0.09560867923548978,0.06854713304332423,0.27999999999999997,0.7891156462585034
12.0,1.0,10,10.166666666666666,1.0,2.8333333333333335,1.3055555555555556,3,1.5833333333333333,interactive,420000139,Round Robin,0.08237158387721707,0.09878872232775968,0.06946508172362556,0.3169336384439359,0.769620253164557
12.0,1.5,8.166666666666666,6.972222222222222,1.0,2.8333333333333335,1.8055555555555556,2.6666666666666665,1.7346938775510203,interactive,420000140,Round Robin,0.12692684076687905,0.1624501771479185,0.08148804251550046,0.30570599613152805,0.8024193548387097
12.0,1.0,8.583333333333334,20.243055555555557,1.0,3.0833333333333335,1.4097222222222223,2.25,1.2815533980582525,interactive,420000141,Round Robin,0.12676383381559675,0.12591367994924765,0.07799669232306804,0.3143147436272795,0.7724252491694352
12.0,0.8571428571428571,9.416666666666666,14.57638888888889,1.0,3.1666666666666665,2.3055555555555554,2.4166666666666665,1.2035398230088497,interactive,420000142,SJF,0.10163125653419498,0.05129347702974882,0.08309837110058557,0.2530594405594406,0.7970679012345678
12.0,0.8571428571428571,9.5,14.75,1.0,3.25,1.6875,2.75,1.2543859649122806,interactive,420000143,SJF,0.043047990986731094,0.03006254943895937,0.047951582867783955,0.28519652522419714,0.79858934169279
12.0,2.0,9.333333333333334,11.055555555555555,1.0,2.75,1.6875,3.25,1.7142857142857142,interactive,420000144,FCFS,0.09631179061219863,0.10991737582180368,0.09720743371669203,0.2747773628267739,0.7794117647058824
12.0,0.9230769230769231,9.166666666666666,13.805555555555555,1.0,2.6666666666666665,1.5555555555555556,2.3333333333333335,1.2363636363636363,interactive,420000145,SJF,0.10899688799173335,0.06448362633929644,0.0906059031059031,0.2675438596491228,0.7852233676975945
12.0,0.8571428571428571,8.416666666666666,12.57638888888889,1.0,3,1.3333333333333333,2.5,1.5841584158415842,interactive,420000146,SJF,0.05521474104920011,0.05045528051895545,0.06105714349595218,0.2965576207039845,0.820855614973262
12.0,1.5,9.833333333333334,14.805555555555555,1.0,2.75,1.8541666666666667,2.5833333333333335,1.2627118644067796,interactive,420000147,Round Robin,0.14163076020552656,0.1289687700669009,0.08157467532467533,0.2892294337606838,0.764018691588785
12.0,0.9230769230769231,9,10.333333333333334,1.0,2.5,1.9166666666666667,2.5,1.4444444444444444,interactive,420000148,Round Robin,0.1454293407975623,0.18339631263581427,0.10813330425923907,0.2720224080539092,0.7978723404255319
12.0,1.3333333333333333,7.833333333333333,12.472222222222221,1.0,3.0833333333333335,1.7430555555555556,2.25,1.3936170212765957,interactive,420000149,Round Robin,0.09851889473738212,0.08636278856581651,0.06711174935267775,0.30295031055900623,0.7782805429864253
12.0,0.8571428571428571,6.333333333333333,17.38888888888889,1.0,3.0833333333333335,2.4097222222222223,1.9166666666666667,1.4736842105263157,interactive,420000150,SJF,0.11825041602111662,0.05254777070063693,0.0728270638426888,0.27515880137950444,0.8614649681528663
12.0,0.75,6.916666666666667,7.909722222222222,1.0,3.25,2.3541666666666665,1.9166666666666667,1.4819277108433735,interactive,420000151,Round Robin,0.14857095926412617,0.20369441164895713,0.07752956636005255,0.2712261681097543,0.8388888888888888
12.0,0.9230769230769231,8.416666666666666,6.909722222222222,1.0,2.8333333333333335,2.3055555555555554,2.4166666666666665,1.4455445544554455,interactive,420000152,Round Robin,0.13032040923680738,0.10142094485885622,0.09095031055900624,0.2530434782608696,0.7868217054263567
12.0,1.3333333333333333,8.916666666666666,6.743055555555555,1.0,2.75,1.8541666666666667,2.5833333333333335,1.411214953271028,interactive,420000153,Round Robin,0.10974233642133308,0.1509115378899219,0.08886255924170616,0.2970540758676352,0.8013937282229966
12.0,0.75,9.416666666666666,8.07638888888889,1.0,2.75,1.1875,2.3333333333333335,1.2566371681415929,interactive,420000154,SJF,0.094841059602649,0.04217350993377484,0.07600000000000001,0.2718859929645027,0.7913907284768211
12.0,0.8571428571428571,10.833333333333334,8.805555555555555,1.0,2.9166666666666665,1.7430555555555556,3.1666666666666665,1.3153846153846154,interactive,420000155,Round Robin,0.09925819213153175,0.10714174268507057,0.0969013129959973,0.25,0.7782152230971129
12.0,0.6666666666666666,8.5,14.25,1.0,3,1,2.4166666666666665,1.2647058823529411,interactive,420000156,Round Robin,0.17190089027438427,0.15264354998583973,0.10287303058387395,0.3046162601333717,0.8125
12.0,1.3333333333333333,9.416666666666666,7.576388888888889,1.0,3.4166666666666665,1.9097222222222223,2.5,1.3716814159292035,interactive,420000157,FCFS,0.09908407198495839,0.11495030889067957,0.0992156862745098,0.25885520542481055,0.8356164383561644
12.0,1.2,9.166666666666666,16.305555555555557,1.0,2.75,1.8541666666666667,2.8333333333333335,1.4363636363636363,interactive,420000158,Round Robin,0.0995571916346564,0.11965986250312169,0.09754307656870619,0.284453160979521,0.7871212121212121
12.0,1.2,8.666666666666666,11.38888888888889,1.0,3.0833333333333335,1.5763888888888888,2.4166666666666665,1.5096153846153846,interactive,420000159,Round Robin,0.07633282234712996,0.0822303539914876,0.057166843391999116,0.34405779115230856,0.7894736842105263
12.0,1.0909090909090908,8.166666666666666,3.138888888888889,1.0,2.9166666666666665,1.7430555555555556,2.5833333333333335,1.4387755102040816,interactive,420000160,Round Robin,0.09274039762801112,0.10620124996924289,0.067062818336163,0.26,0.7880434782608696
12.0,1.3333333333333333,8.083333333333334,14.409722222222221,1.0,3.5,1.9166666666666667,2.25,1.4123711340206186,interactive,420000161,SJF,0.12613130440560835,0.08582159182938574,0.09106515490258707,0.3300035994382848,0.7860738255033557
12.0,1.0909090909090908,8,15.666666666666666,1.0,2.1666666666666665,2.3055555555555554,2.25,1.4895833333333333,interactive,420000162,SJF,0.11847704367301234,0.077661084639568,0.08673163335177402,0.2657200811359026,0.8063829787234043
12.0,1.2,8,7.833333333333333,1.0,2.8333333333333335,1.6388888888888888,1.9166666666666667,1.125,interactive,420000163,SJF,0.1502482477562577,0.11229912984956124,0.11616093620546813,0.25,0.8091603053435115
12.0,1.0909090909090908,8.333333333333334,20.22222222222222,1.0,3,1.8333333333333333,2.25,1.37,interactive,420000164,SJF,0.1425141150580408,0.021857923497267756,0.09844843354042342,0.3323591923485653,0.7964480874316939
12.0,1.0909090909090908,7.833333333333333,14.805555555555555,1.0,3.6666666666666665,2.2222222222222223,1.9166666666666667,1.202127659574468,interactive,420000165,SJF,0.17608330180345996,0.08444444444444445,0.10362931407339862,0.30785872622298077,0.8300000000000001
12.0,0.8,8.416666666666666,11.409722222222221,1.0,3.5,1.0833333333333333,2.5,1.5346534653465347,interactive,420000166,Round Robin,0.10880479236577181,0.08934856335632044,0.07524464279448966,0.2819399928774929,0.8154296875
12.0,0.8,10,15.833333333333334,1.0,3.8333333333333335,2.4722222222222223,2.9166666666666665,1.4333333333333333,interactive,420000167,Round Robin,0.15728031244452337,0.17886206284395528,0.06558139534883722,0.25,0.866412213740458
12.0,1.2,7.916666666666667,9.409722222222221,1.0,2.75,1.6875,2,1.1894736842105262,interactive,420000168,Round Robin,0.13941083350540298,0.14117454745681052,0.11933379617576442,0.3111664653784219,0.7758620689655172
12.0,1.2,10,8.833333333333334,1.0,2.1666666666666665,2.3055555555555554,2.6666666666666665,1.3166666666666667,interactive,420000169,Round Robin,0.1063054620107554,0.1442953020134228,0.0823278921220724,0.29730999465126523,0.7692953020134228
12.0,1.0909090909090908,10.166666666666666,11.13888888888889,1.0,2.8333333333333335,1.9722222222222223,2.9166666666666665,1.598360655737705,interactive,420000170,Round Robin,0.08748178393686931,0.09053555225604222,0.07126948775055679,0.2850851438637698,0.779320987654321
12.0,0.9230769230769231,8.75,16.1875,1.0,2.9166666666666665,1.9097222222222223,2.6666666666666665,1.561904761904762,interactive,420000171,SJF,0.11563994722084775,0.05910852713178294,0.08297872340425531,0.32676671732522794,0.8062015503875969
12.0,0.9230769230769231,7.75,14.354166666666666,1.0,2.4166666666666665,1.5763888888888888,2.3333333333333335,1.6344086021505377,interactive,420000172,Round Robin,0.12932236475181258,0.17787433155080218,0.12038125968539713,0.3184358892300988,0.7965909090909091
12.0,0.8571428571428571,8.916666666666666,12.57638888888889,1.0,3.4166666666666665,1.7430555555555556,2.5,1.280373831775701,interactive,420000173,Round Robin,0.12624764113407452,0.09523020412845455,0.09484346224677716,0.2817763157894737,0.8127572016460904
12.0,0.8571428571428571,8.416666666666666,14.909722222222221,1.0,3,1.8333333333333333,2.4166666666666665,1.6237623762376239,interactive,420000174,Round Robin,0.13611935586266916,0.19087538282773825,0.08739406779661019,0.300091533180778,0.7968085106382978
12.0,1.7142857142857142,9.333333333333334,12.555555555555555,1.0,2.3333333333333335,1.7222222222222223,2.6666666666666665,1.5089285714285714,interactive,420000175,SJF,0.07947542186353634,0.0745474769806739,0.08471666392558888,0.25,0.7720364741641337
12.0,1.5,9.833333333333334,7.638888888888889,1.0,3.0833333333333335,1.7430555555555556,2.8333333333333335,1.4830508474576272,interactive,420000176,Round Robin,0.10656352726682118,0.10806875553308644,0.09608411892675853,0.26668104687949384,0.777602523659306
12.0,1.0,8.666666666666666,15.722222222222221,1.0,3,1.5,2.5833333333333335,1.6346153846153846,interactive,420000177,SJF,0.06570609944731393,0.042016806722689086,0.07942649820073087,0.27896746300989184,0.7899159663865547
12.0,1.7142857142857142,7.666666666666667,5.722222222222222,1.0,3.3333333333333335,1.5555555555555556,2.25,1.5,interactive,420000178,SJF,0.07526411445244668,0.03409090909090909,0.058734939759036146,0.2945572410411967,0.8371212121212122
12.0,1.2,10,5.166666666666667,1.0,2.3333333333333335,1.0555555555555556,2.75,1.275,interactive,420000179,FCFS,0.11307437169668862,0.11788327400855714,0.11933777508580658,0.28895463510848124,0.7731164383561644
12.0,1.0,9.083333333333334,22.243055555555557,1.0,2.8333333333333335,1.1388888888888888,2.5,1.4036697247706422,interactive,420000180,SJF,0.07936834021311319,0.03545454545454546,0.04751847940865893,0.28500986193293887,0.8
12.0,1.0909090909090908,9.75,7.6875,1.0,3,2,2.9166666666666665,1.4957264957264957,interactive,420000181,Round Robin,0.13362747116115162,0.11448358568876993,0.10530035335689046,0.2626215000725374,0.7834645669291338
12.0,1.5,8.833333333333334,6.138888888888889,1.0,3,2.5,2.4166666666666665,1.2169811320754718,interactive,420000182,Round Robin,0.1358746361673161,0.10456962114454722,0.10250631222566972,0.2728505204233359,0.7794117647058824
12.0,0.7058823529411765,6.333333333333333,3.0555555555555554,1.0,3.1666666666666665,2.3055555555555554,1.9166666666666667,1.5921052631578947,interactive,420000183,Round Robin,0.17107543771756656,0.12378640776699028,0.10419596674636292,0.2847889513671401,0.9077669902912622
12.0,1.0,8.75,7.520833333333333,1.0,3,1.8333333333333333,2.3333333333333335,1.619047619047619,interactive,420000184,Round Robin,0.16124459200727767,0.24991576649408734,0.10512820512820512,0.3059738746983942,0.78515625
12.0,1.2,7.75,11.020833333333334,1.0,3.1666666666666665,1.6388888888888888,2.0833333333333335,1.3225806451612903,interactive,420000185,Round Robin,0.10737330075800293,0.06740196078431372,0.06496272630457937,0.27661643048392665,0.7916666666666667
12.0,1.5,7.083333333333333,7.909722222222222,1.0,2.8333333333333335,1.9722222222222223,1.5833333333333333,1.1647058823529413,interactive,420000186,SJF,0.14737486398258975,0.040522839097317485,0.09956474428726876,0.26746632996632996,0.8043478260869565
12.0,1.2,7.583333333333333,2.9097222222222223,1.0,2.3333333333333335,1.2222222222222223,2.0833333333333335,1.3296703296703296,interactive,420000187,Round Robin,0.12124243513307106,0.142250330556742,0.09589652096342549,0.29188766773743247,0.7760791366906474
12.0,1.0909090909090908,9.333333333333334,5.555555555555555,1.0,3.1666666666666665,2.3055555555555554,2.5,1.2410714285714286,interactive,420000188,Round Robin,0.15823051446972164,0.13553045006279904,0.10912981455064197,0.2673190431811121,0.7909356725146199
12.0,1.0,8.666666666666666,14.722222222222221,1.0,2.8333333333333335,2.8055555555555554,2.5,1.4807692307692308,interactive,420000189,Round Robin,0.08519417475728157,0.0665571649715557,0.06105263157894737,0.276146545122885,0.8106796116504854
12.0,1.2,8.416666666666666,10.909722222222221,1.0,2.5833333333333335,2.4097222222222223,2.4166666666666665,1.4158415841584158,interactive,420000190,SJF,0.14287516217385035,0.0760094601361683,0.08375378405650857,0.2988505747126437,0.7964285714285715
12.0,1.0909090909090908,8.166666666666666,5.972222222222222,1.0,3.6666666666666665,3.0555555555555554,2.0833333333333335,1.3979591836734695,interactive,420000191,Round Robin,0.12519080603645177,0.23690069554072316,0.08190091001011124,0.27063106796116504,0.8045685279187818
12.0,0.9230769230769231,8.916666666666666,12.57638888888889,1.0,3.5,1.4166666666666667,2.3333333333333335,1.4485981308411215,interactive,420000192,SJF,0.075406653889626,0.0644820807649755,0.06980370273109245,0.3216447563874034,0.8061403508771929
12.0,0.8,9.416666666666666,14.57638888888889,1.0,2.9166666666666665,2.076388888888889,2.75,1.575221238938053,interactive,420000193,Round Robin,0.11681139549055453,0.14309848462168634,0.1069239869336023,0.3114381067961165,0.818287037037037
12.0,0.8571428571428571,11,5.666666666666667,1.0,3.5833333333333335,1.7430555555555556,3.75,1.4242424242424243,interactive,420000194,SJF,0.14720036319612592,0.08906047250209963,0.12204728583545377,0.25746395250212045,0.8093220338983051
12.0,1.2,7.333333333333333,7.555555555555555,1.0,2.9166666666666665,1.4097222222222223,1.9166666666666667,1.3863636363636365,interactive,420000195,FCFS,0.07650185136336547,0.12100231902319344,0.09737911787427347,0.2654796442787878,0.7903587443946188
12.0,0.631578947368421,7.25,12.354166666666666,1.0,2.8333333333333335,1.4722222222222223,2.1666666666666665,1.3793103448275863,interactive,420000196,SJF,0.11069846585998272,0.06228126067021122,0.11037604878034735,0.3039160856910789,0.8052884615384615
12.0,0.8571428571428571,8.916666666666666,13.409722222222221,1.0,2,0.5,2.75,1.411214953271028,interactive,420000197,SJF,0.11898207977944344,0.044246291726934985,0.09463904481647255,0.28605726786202584,0.7853881278538812
12.0,0.8571428571428571,9.083333333333334,5.076388888888889,1.0,2.9166666666666665,1.5763888888888888,2.8333333333333335,1.6605504587155964,interactive,420000198,Round Robin,0.10897148116140476,0.18951952322697224,0.08394887755055087,0.2723475355054303,0.8111510791366907
12.0,1.3333333333333333,8.416666666666666,13.909722222222221,1.0,3.1666666666666665,1.9722222222222223,2.4166666666666665,1.4653465346534653,interactive,420000199,Round Robin,0.10268745852687458,0.10271456372373802,0.07612095933263816,0.3726074123822484,0.7965367965367965
12.0,0.8571428571428571,8.333333333333334,9.38888888888889,1.0,2.6666666666666665,2.7222222222222223,2.3333333333333335,1.37,interactive,420000200,Round Robin,0.14614032878338545,0.17695275543992428,0.1186445337712977,0.29621809309309305,0.8158482142857143
12.0,0.6666666666666666,6.75,12.854166666666666,1.0,3.0833333333333335,2.076388888888889,2.25,1.7037037037037037,interactive,420000201,SJF,0.13541253244060641,0.00485436893203883,0.07869080779944289,0.2819925204724904,0.8398058252427185
12.0,0.75,9.583333333333334,11.909722222222221,1.0,2.8333333333333335,1.8055555555555556,2.5,1.2260869565217392,interactive,420000202,Round Robin,0.14438532494416742,0.19543098771537262,0.1056606948766225,0.25878224731435745,0.7800353356890459
12.0,1.0909090909090908,10.25,3.8541666666666665,1.0,2.8333333333333335,1.6388888888888888,3.3333333333333335,1.5528455284552845,interactive,420000203,SJF,0.10389837797984763,0.07547198581983158,0.09712460063897764,0.27737556561085974,0.7961538461538462
12.0,1.3333333333333333,8.583333333333334,14.243055555555555,1.0,3.4166666666666665,1.9097222222222223,2.3333333333333335,1.3495145631067962,interactive,420000204,Round Robin,0.13829291402906654,0.11894434922522645,0.11327017801171724,0.2593941028407048,0.8185840707964602
12.0,1.2,11.083333333333334,13.07638888888889,1.0,3.3333333333333335,2.2222222222222223,3,1.3082706766917294,interactive,420000205,Round Robin,0.10552963932187961,0.1273255839518838,0.10378062430046014,0.26120041039671676,0.7958776595744681
12.0,1.2,8.916666666666666,9.243055555555555,1.0,2.4166666666666665,2.2430555555555554,2.25,1.2897196261682242,interactive,420000206,Round Robin,0.1345806002782747,0.08649500343203333,0.0769665796594235,0.28129790495656615,0.7855769230769231
12.0,0.9230769230769231,8.166666666666666,9.13888888888889,1.0,3.4166666666666665,2.7430555555555554,2.5,1.5408163265306123,interactive,420000207,Round Robin,0.13499001746264028,0.18629046884663442,0.0748426014654018,0.2819528251606573,0.8101604278074866
12.0,0.8,9.916666666666666,12.243055555555555,1.0,2.25,1.0208333333333333,2.75,1.403361344537815,interactive,420000208,Round Robin,0.08846533900881728,0.14068105807236242,0.08458498023715418,0.27042199666295885,0.7894230769230769
12.0,1.3333333333333333,7.5,7.583333333333333,1.0,3.5,1.75,2.1666666666666665,1.488888888888889,interactive,420000209,SJF,0.16713071960685358,0.07056266051096298,0.10257787325456497,0.3016417895784758,0.8136792452830188
12.0,2.0,9.25,9.854166666666666,1.0,3.3333333333333335,1.8888888888888888,2.6666666666666665,1.5855855855855856,interactive,420000210,Round Robin,0.06822889010411298,0.10201110419614841,0.05474452554744526,0.3100698995194408,0.7890879478827362
12.0,1.0909090909090908,6.25,3.1875,1.0,3.6666666666666665,0.8888888888888888,2.0833333333333335,1.9333333333333333,interactive,420000211,Round Robin,0.0757002972547648,0.07714285714285714,0.07060230285444484,0.3420350128847922,0.8328571428571429
12.0,1.0909090909090908,9.5,9.416666666666666,1.0,3.5,1.9166666666666667,3,1.587719298245614,interactive,420000212,Round Robin,0.08155343666601864,0.09343316071944054,0.05811138014527845,0.2631145612796989,0.7901459854014599
12.0,1.3333333333333333,8.833333333333334,10.472222222222221,1.0,2.8333333333333335,1.8055555555555556,2.8333333333333335,1.4245283018867925,interactive,420000213,Round Robin,0.1457220190104117,0.16964178386825338,0.11404140414041404,0.318327186700971,0.7934397163120568
12.0,1.0909090909090908,8.25,7.520833333333333,1.0,2,1.3333333333333333,2.1666666666666665,1.3434343434343434,interactive,420000214,SJF,0.09471689779477159,0.05803571428571428,0.06772957060583146,0.2892385966395717,0.7964285714285715
12.0,0.9230769230769231,10.75,7.354166666666667,1.0,3.5833333333333335,2.4097222222222223,2.8333333333333335,1.186046511627907,interactive,420000215,Round Robin,0.13342848426741044,0.12045345594003314,0.10454757946170508,0.2538764385221078,0.8027597402597403
12.0,0.75,6.666666666666667,7.388888888888889,1.0,3,1.5,2,1.375,interactive,420000216,SJF,0.10502321488767728,0.03493449781659389,0.07133713662505227,0.2871046228710462,0.8340611353711791
12.0,0.9230769230769231,7.916666666666667,6.076388888888889,1.0,3.1666666666666665,1.9722222222222223,2.1666666666666665,1.431578947368421,interactive,420000217,FCFS,0.084221766222694,0.11376131112050583,0.10980985696029955,0.26568090339892664,0.7993273542600896
12.0,1.2,8.166666666666666,13.305555555555555,1.0,2.9166666666666665,1.9097222222222223,2.5,1.5408163265306123,interactive,420000218,Round Robin,0.1076888733597329,0.10158428532457388,0.08710998877665545,0.3304239172619235,0.7830188679245282
12.0,1.0909090909090908,7.5,12.416666666666666,1.0,3.3333333333333335,2.5555555555555554,2,1.4,interactive,420000219,Round Robin,0.12894195345260304,0.11540842669616304,0.11180784804506802,0.30504055619930476,0.8139013452914798
12.0,1.0909090909090908,11,9.5,1.0,2.5,2.25,3.25,1.628787878787879,interactive,420000220,Round Robin,0.09476429012557469,0.0748337769559423,0.06877444589308994,0.313468992248062,0.7714681440443214
12.0,1.0909090909090908,8.416666666666666,14.409722222222221,1.0,3.1666666666666665,1.8055555555555556,2.25,1.3366336633663367,interactive,420000221,Round Robin,0.10389445532304865,0.08186071651460669,0.056224899598393545,0.30883779478817525,0.791501976284585
12.0,0.8,8.333333333333334,3.888888888888889,1.0,3.3333333333333335,2.5555555555555554,2.6666666666666665,1.58,interactive,420000222,Round Robin,0.16024885452376073,0.1297493407687953,0.11199294532627865,0.25,0.8119158878504673
12.0,1.0,9.333333333333334,13.555555555555555,1.0,3.1666666666666665,1.8055555555555556,2.4166666666666665,1.1696428571428572,interactive,420000223,Round Robin,0.15006567425569178,0.23462946710409882,0.1335001126218542,0.2808535178777393,0.8
12.0,1.5,9.083333333333334,15.57638888888889,1.0,2.6666666666666665,2.5555555555555554,2.5833333333333335,1.4678899082568808,interactive,420000224,Round Robin,0.09132730695117085,0.09807577793385654,0.06080449017773623,0.270856293608743,0.7827510917030567
12.0,0.9230769230769231,6.583333333333333,6.909722222222222,1.0,3.3333333333333335,1.8888888888888888,1.8333333333333333,1.3164556962025316,interactive,420000225,Round Robin,0.11755449179322505,0.11024777691444357,0.08526187576126679,0.2885332551390205,0.8426573426573427
12.0,1.0,9.333333333333334,13.38888888888889,1.0,3.5,1.5833333333333333,2.5,1.3571428571428572,interactive,420000226,SJF,0.12179771133259507,0.07786603094258895,0.0872093023255814,0.2544475468687674,0.7944444444444445
12.0,0.9230769230769231,7.333333333333333,14.722222222222221,1.0,3.5,1.5833333333333333,2.1666666666666665,1.5340909090909092,interactive,420000227,SJF,0.135297181590824,0.03818670578931285,0.07832552402049905,0.30662650602409636,0.8252118644067796
12.0,0.8571428571428571,8.75,17.6875,1.0,3.4166666666666665,2.2430555555555554,2.5,1.542857142857143,interactive,420000228,Round Robin,0.11233302407252065,0.12869197234233254,0.10438162437770998,0.28235908141962424,0.8390410958904109
12.0,2.0,8.25,14.854166666666666,1.0,3.3333333333333335,1.8888888888888888,2,1.3131313131313131,interactive,420000229,Round Robin,0.14291508186440907,0.1257059427544603,0.10571142284569139,0.28424496050925385,0.778061224489796
12.0,0.8,8.166666666666666,6.305555555555555,1.0,3.25,1.5208333333333333,2.1666666666666665,1.316326530612245,interactive,420000230,Round Robin,0.089842392135597,0.10925308147007944,0.08348218846998057,0.3292369772560528,0.7948473282442747
12.0,1.5,9.583333333333334,9.57638888888889,1.0,3.5833333333333335,1.7430555555555556,2.9166666666666665,1.5304347826086957,interactive,420000231,Round Robin,0.06213455005581234,0.08487959041397847,0.05182162854567774,0.3143559488692232,0.795854271356784
12.0,1.0909090909090908,9.166666666666666,17.805555555555557,1.0,3.25,1.6875,2.5,1.509090909090909,interactive,420000232,SJF,0.12258309701393025,0.10358992356246984,0.12873083512363995,0.272149302707137,0.8042986425339367
12.0,1.2,7.583333333333333,9.909722222222221,1.0,2.9166666666666665,1.5763888888888888,2,1.1538461538461537,interactive,420000233,FCFS,0.10923076998967358,0.14477239979891787,0.11626449152222346,0.25,0.8078034682080926
12.0,0.9230769230769231,9.916666666666666,4.076388888888889,1.0,3.25,1.1875,2.75,1.4453781512605042,interactive,420000234,Round Robin,0.0865544943832665,0.1176973053408238,0.08475119774468151,0.2779123763375732,0.7776872964169381
12.0,1.0909090909090908,7.916666666666667,7.576388888888889,1.0,3.0833333333333335,0.9097222222222222,2.1666666666666665,1.6,interactive,420000235,Round Robin,0.15765729798786332,0.19544798625927895,0.07770526379432226,0.30392156862745096,0.7747524752475248
12.0,0.9230769230769231,8.75,14.354166666666666,1.0,2.75,1.5208333333333333,2.5833333333333335,1.361904761904762,interactive,420000236,Round Robin,0.04661319073083779,0.10126559714795004,0.023203120677253348,0.31261859582542695,0.7852941176470589
12.0,1.0,8.083333333333334,10.07638888888889,1.0,3.3333333333333335,1.5555555555555556,2.5,1.6288659793814433,interactive,420000237,FCFS,0.08205890682526196,0.20744067968940721,0.10151157337621013,0.29336579427875836,0.8484848484848484
12.0,1.2,7.75,14.854166666666666,1.0,2.5833333333333335,1.5763888888888888,2.25,1.5376344086021505,interactive,420000238,Round Robin,0.16383861236802413,0.20937868504044974,0.10972850678733032,0.2607717803030303,0.7948717948717949
12.0,1.0,9.75,11.020833333333334,1.0,2.6666666666666665,0.8888888888888888,3,1.452991452991453,interactive,420000239,Round Robin,0.1281094527363184,0.19455323572974817,0.10103816975058202,0.2781582952815829,0.7770522388059702
12.0,1.0,9.166666666666666,10.63888888888889,1.0,2.3333333333333335,1.8888888888888888,2.6666666666666665,1.6181818181818182,interactive,420000240,SJF,0.1075594012965374,0.08129078987297497,0.1027481446241933,0.25,0.8282122905027933
12.0,1.5,8.333333333333334,7.555555555555555,1.0,3.25,1.5208333333333333,2.5,1.46,interactive,420000241,Round Robin,0.14961480013849882,0.15922315623437078,0.09892086330935251,0.25,0.7633689839572193
12.0,1.5,9.416666666666666,9.07638888888889,1.0,3.25,1.6875,2.75,1.2743362831858407,interactive,420000242,SJF,0.0902242266404116,0.049038461538461545,0.06317093311312966,0.25885520542481055,0.7865384615384615
12.0,0.9230769230769231,10.75,14.854166666666666,1.0,2.9166666666666665,1.5763888888888888,3,1.5426356589147288,interactive,420000243,Round Robin,0.11987115653389238,0.10039079822616409,0.0916547744665554,0.2809915626143964,0.7749999999999999
12.0,0.8571428571428571,10,11.833333333333334,1.0,3.1666666666666665,3.138888888888889,2.8333333333333335,1.35,interactive,420000244,Round Robin,0.15512921607868882,0.22457429853982105,0.08709422011084719,0.2703448275862069,0.8229613733905579
12.0,1.0909090909090908,8.333333333333334,7.722222222222222,1.0,2.9166666666666665,2.9097222222222223,2.25,1.38,interactive,420000245,Round Robin,0.13999133209154788,0.10810321621948818,0.08765652951699462,0.28703703703703703,0.7989690721649485
12.0,1.0,9.166666666666666,11.63888888888889,1.0,3,3,2.5833333333333335,1.4181818181818182,interactive,420000246,SJF,0.14030020320180137,0.061233125178623414,0.11751832756857883,0.29900221729490023,0.8012295081967213
12.0,1.0909090909090908,9.083333333333334,16.40972222222222,1.0,3,1.1666666666666667,2.75,1.7522935779816513,interactive,420000247,Round Robin,0.14648057969749834,0.11285341268993984,0.09787422497785651,0.35027044365133125,0.7798245614035088
12.0,1.0,8.916666666666666,9.57638888888889,1.0,2.9166666666666665,2.576388888888889,2.3333333333333335,1.3364485981308412,interactive,420000248,Round Robin,0.153652038596959,0.16454735028786438,0.11044765695928488,0.27173225857436384,0.784688995215311
12.0,0.75,8.166666666666666,14.305555555555555,1.0,2.3333333333333335,1.7222222222222223,2.6666666666666665,1.5408163265306123,interactive,420000249,SJF,0.12824930422764536,0.0662572721396251,0.10238640766003128,0.35581520989470783,0.8235294117647058
12.0,1.0,8.666666666666666,12.055555555555555,1.0,2.5,1.5833333333333333,2.6666666666666665,1.3269230769230769,interactive,420000250,SJF,0.08439165015676395,0.06597589331822215,0.08068573578489778,0.30223123732251517,0.8239795918367347
12.0,1.0,7.083333333333333,8.243055555555555,1.0,3.0833333333333335,2.2430555555555554,2.4166666666666665,1.6941176470588235,interactive,420000251,Round Robin,0.11145714012982055,0.14166241062308477,0.09256325556407563,0.32661250321993673,0.8252314814814814
12.0,0.8571428571428571,6.833333333333333,8.472222222222221,1.0,2.5,1.25,2.1666666666666665,1.548780487804878,interactive,420000252,Round Robin,0.13244379233501752,0.1199905686992732,0.0990052343554842,0.2695332242988,0.8709016393442623
12.0,0.8571428571428571,10.083333333333334,3.7430555555555554,1.0,3.0833333333333335,2.2430555555555554,2.9166666666666665,1.4545454545454546,interactive,420000253,Round Robin,0.1256728033648157,0.1729701458987038,0.09254143646408838,0.26602224576271183,0.7919580419580419
12.0,0.9230769230769231,8.25,7.1875,1.0,2.9166666666666665,2.576388888888889,2.1666666666666665,1.3232323232323233,interactive,420000254,SJF,0.1294927524832191,0.10181720330645229,0.13710599874252904,0.31530825496342735,0.786697247706422
12.0,1.0909090909090908,9.5,5.25,1.0,3.6666666666666665,0.7222222222222222,2.8333333333333335,1.236842105263158,interactive,420000255,Round Robin,0.11505840583839225,0.11094518759310686,0.08780330373163332,0.27918388429752067,0.7766990291262136
12.0,1.2,7.333333333333333,8.38888888888889,1.0,3.0833333333333335,2.9097222222222223,1.9166666666666667,1.4886363636363635,interactive,420000256,Round Robin,0.14953288843836043,0.3253825334128155,0.08013937282229965,0.25546695662679714,0.8282442748091603
12.0,0.9230769230769231,8.833333333333334,15.13888888888889,1.0,2.8333333333333335,1.1388888888888888,2.5,1.5,interactive,420000257,Round Robin,0.11934996744067197,0.13483065027984534,0.08519003931847968,0.27476190476190476,0.8160377358490567
12.0,0.8571428571428571,8,8.666666666666666,1.0,3,1.8333333333333333,2.1666666666666665,1.375,interactive,420000258,SJF,0.16373390385918016,0.04945673756612074,0.08067632850241545,0.2950636802810716,0.7872881355932204
12.0,0.9230769230769231,9.666666666666666,12.38888888888889,1.0,3.4166666666666665,1.2430555555555556,2.8333333333333335,1.3103448275862069,interactive,420000259,Round Robin,0.11490323902967955,0.160322837791521,0.11106740099659058,0.2706611570247934,0.7794117647058824
12.0,0.9230769230769231,10.083333333333334,6.743055555555555,1.0,3.8333333333333335,1.4722222222222223,2.6666666666666665,1.2314049586776858,interactive,420000260,Round Robin,0.1270143685004366,0.13691601855317026,0.10434173669467786,0.25411543715846996,0.8006072874493927
12.0,0.9230769230769231,8.25,11.854166666666666,1.0,3.25,1.8541666666666667,2.25,1.3434343434343434,interactive,420000261,SJF,0.09349287974683546,0.0676091208881242,0.09507483818770227,0.2891209112149532,0.8164556962025316
12.0,0.8571428571428571,8.416666666666666,10.07638888888889,1.0,2.8333333333333335,2.138888888888889,2.4166666666666665,1.4554455445544554,interactive,420000262,Round Robin,0.1282401012707335,0.11364503439172255,0.07616487455197131,0.33446519524617996,0.7860169491525424
12.0,1.0909090909090908,8.25,18.6875,1.0,2.5833333333333335,1.2430555555555556,2.5,1.3434343434343434,interactive,420000263,SJF,0.10455603646140732,0.005136804002980948,0.07583954814172837,0.27520369363508795,0.7876838235294117
12.0,0.9230769230769231,6.75,11.1875,1.0,3.3333333333333335,2.388888888888889,2.25,1.6790123456790123,interactive,420000264,Round Robin,0.20200314670555275,0.17832373005256083,0.12791157389558117,0.2902761795166859,0.8883495145631068
12.0,1.0909090909090908,9.916666666666666,20.243055555555557,1.0,3.25,1.8541666666666667,2.5833333333333335,1.4789915966386555,interactive,420000265,Round Robin,0.14004496024379023,0.15407239819004526,0.08640939597315436,0.31815171317555635,0.7676470588235293
12.0,0.75,7.833333333333333,9.472222222222221,1.0,2.9166666666666665,2.2430555555555554,2.3333333333333335,1.5,interactive,420000266,SJF,0.13241327075725337,0.0013157894736842196,0.11739255386212777,0.278834532408469,0.8197368421052631
12.0,0.9230769230769231,9.166666666666666,10.972222222222221,1.0,2.5833333333333335,1.4097222222222223,2.4166666666666665,1.3818181818181818,interactive,420000267,SJF,0.11383905754880919,0.06436560612445572,0.08555657773689052,0.2961733669296296,0.7886904761904763
12.0,1.0909090909090908,10.416666666666666,5.576388888888889,1.0,2.5833333333333335,1.2430555555555556,3.1666666666666665,1.496,interactive,420000268,SJF,0.11823164353055185,0.10514949103290919,0.108949798604971,0.28358208955223885,0.7663316582914572
12.0,2.0,10.25,10.6875,1.0,3.8333333333333335,1.8055555555555556,2.75,1.3089430894308942,interactive,420000269,Round Robin,0.09114967695270115,0.14632268059764325,0.08739845071027555,0.2778595317725753,0.8020565552699228
12.0,0.9230769230769231,8.333333333333334,13.055555555555555,1.0,1.9166666666666667,0.9097222222222222,2.0833333333333335,1.24,interactive,420000270,Round Robin,0.1304023171065287,0.0822072072072072,0.08129285014691481,0.31087724740373945,0.7916666666666667
12.0,0.8,8,6.5,1.0,3.0833333333333335,2.4097222222222223,2.5,1.3645833333333333,interactive,420000271,Round Robin,0.09211252805136548,0.0773318399601767,0.062114989733059525,0.260554988083078,0.8151515151515152
12.0,1.3333333333333333,9.083333333333334,13.57638888888889,1.0,2.75,1.1875,2.75,1.4128440366972477,interactive,420000272,FCFS,0.10067036842003546,0.12786849864721891,0.10932542614438674,0.28530450132391877,0.7647058823529411
12.0,0.8571428571428571,8.416666666666666,17.57638888888889,1.0,2.8333333333333335,1.6388888888888888,2.4166666666666665,1.3564356435643565,interactive,420000273,Round Robin,0.11720878636115942,0.11526791386829652,0.08227218964128048,0.2784665267976349,0.8019662921348314
12.0,0.8,8.916666666666666,18.243055555555557,1.0,2.5833333333333335,1.5763888888888888,2.4166666666666665,1.2710280373831775,interactive,420000274,Round Robin,0.12899834213956304,0.08797829642839998,0.062173458725182845,0.2819422293106504,0.7729681978798586
12.0,0.8571428571428571,8.333333333333334,10.055555555555555,1.0,3.4166666666666665,1.5763888888888888,2.5,1.64,interactive,420000275,Round Robin,0.09158205402254177,0.09269711215783852,0.06949311982857659,0.28290343915343913,0.8373493975903614
12.0,0.8571428571428571,7.5,7.25,1.0,3.5,1.9166666666666667,2.3333333333333335,1.4111111111111112,interactive,420000276,SJF,0.09928143935533654,0.08415841584158415,0.08522637828776625,0.28625638262567954,0.806930693069307
12.0,1.2,8.166666666666666,13.13888888888889,1.0,3.25,1.1875,2.0833333333333335,1.1734693877551021,interactive,420000277,Round Robin,0.11780851899789548,0.11371363135976693,0.06697459584295615,0.27520537714712473,0.8148148148148149
12.0,1.0,8.916666666666666,9.243055555555555,1.0,3.4166666666666665,1.7430555555555556,2.4166666666666665,1.4299065420560748,interactive,420000278,Round Robin,0.1045510185576981,0.08652304285650746,0.0665236051502146,0.272984441301273,0.7940140845070423
12.0,1.2,8.666666666666666,14.88888888888889,1.0,2.3333333333333335,1.5555555555555556,2.4166666666666665,1.3942307692307692,interactive,420000279,Round Robin,0.12271725440806044,0.09197179215171303,0.0862873134328358,0.3620269517997627,0.7802267002518892
12.0,0.9230769230769231,8.333333333333334,9.555555555555555,1.0,3.3333333333333335,1.3888888888888888,2.5,1.44,interactive,420000280,Round Robin,0.12429975336022789,0.10621761658031088,0.07702952029520296,0.2921629874193479,0.7979274611398963
12.0,0.8571428571428571,8.5,14.583333333333334,1.0,2.1666666666666665,1.1388888888888888,2.75,1.7549019607843137,interactive,420000281,Round Robin,0.12074798937566864,0.09655163658818672,0.09515019008614993,0.33522341840675574,0.7968197879858657
12.0,1.3333333333333333,8.166666666666666,4.638888888888889,1.0,3.0833333333333335,1.4097222222222223,2.1666666666666665,1.316326530612245,interactive,420000282,Round Robin,0.15578765870823105,0.14730820062830102,0.11044520547945207,0.2604097818902842,0.8047808764940239
12.0,1.2,8.75,8.020833333333334,1.0,2.5833333333333335,1.7430555555555556,2.75,1.438095238095238,interactive,420000283,SJF,0.11987496817628923,0.0842041243529179,0.09474979491386384,0.2547627770653966,0.7827586206896552
12.0,0.9230769230769231,7.5,5.416666666666667,1.0,3.5,2.25,2.5833333333333335,1.6333333333333333,interactive,420000284,Round Robin,0.10294117647058824,0.21935624021955377,0.08359133126934984,0.2948284160762287,0.9451754385964912
12.0,0.8571428571428571,8.5,8.416666666666666,1.0,2.6666666666666665,1.5555555555555556,2.5833333333333335,1.6372549019607843,interactive,420000285,Round Robin,0.09886560419936141,0.1131042370219116,0.09650878185056083,0.29786971404988927,0.7922794117647058
12.0,0.8571428571428571,9.25,10.854166666666666,1.0,2.6666666666666665,0.8888888888888888,2.25,1.1261261261261262,interactive,420000286,SJF,0.10436675239759542,0.051013960683842355,0.11744348092410775,0.25,0.7926008968609866
12.0,1.2,8.833333333333334,9.472222222222221,1.0,2.8333333333333335,2.9722222222222223,2.4166666666666665,1.4339622641509433,interactive,420000287,SJF,0.118024173977763,0.07913669064748202,0.1010362694300518,0.2781454877614584,0.7841726618705036
12.0,0.6666666666666666,8.083333333333334,18.40972222222222,1.0,3.5833333333333335,1.5763888888888888,2.6666666666666665,1.7628865979381443,interactive,420000288,SJF,0.21802260830827488,0.07892923277688815,0.10450416914830256,0.26533577270770553,0.9146341463414633
12.0,1.2,6.166666666666667,3.8055555555555554,1.0,3,2,1.5,1.2702702702702702,interactive,420000289,Round Robin,0.14575724443824103,0.0945057188168027,0.08608341685569092,0.2893258426966292,0.8043478260869565
12.0,0.75,8.333333333333334,11.555555555555555,1.0,2.5833333333333335,1.2430555555555556,2.8333333333333335,1.6,interactive,420000290,SJF,0.1027702015532544,0.061297498352230244,0.07421875000000001,0.2920411920413488,0.8417159763313609
12.0,1.0,10.666666666666666,13.055555555555555,1.0,2.5833333333333335,1.9097222222222223,3.1666666666666665,1.3984375,interactive,420000291,SJF,0.10401388282910799,0.0654085014342341,0.08934953538241601,0.30014497697424525,0.7905844155844155
12.0,1.0,7.333333333333333,6.222222222222222,1.0,3.0833333333333335,1.4097222222222223,2.4166666666666665,1.4886363636363635,interactive,420000292,Round Robin,0.06854786283113927,0.1414921041922061,0.05798246043216838,0.2966583718450053,0.8309523809523809
12.0,1.3333333333333333,9.416666666666666,11.743055555555555,1.0,3,2.1666666666666665,2.5833333333333335,1.4336283185840708,interactive,420000293,Round Robin,0.07209534887613181,0.09056993130669032,0.06940980881130507,0.2915913881361036,0.7793624161073825
12.0,0.8571428571428571,7.666666666666667,11.222222222222221,1.0,2.9166666666666665,1.9097222222222223,2.0833333333333335,1.358695652173913,interactive,420000294,SJF,0.08830218745472983,0.02564102564102563,0.07359194177621875,0.31181645231282035,0.8002136752136753
12.0,0.8571428571428571,9.083333333333334,11.243055555555555,1.0,2.5833333333333335,2.7430555555555554,2.3333333333333335,1.4220183486238531,interactive,420000295,Round Robin,0.12480937637191247,0.10440776038121174,0.06905854969660452,0.2724761846362393,0.7754424778761062
12.0,0.9230769230769231,8.083333333333334,3.7430555555555554,1.0,2.5,1.9166666666666667,2.3333333333333335,1.5360824742268042,interactive,420000296,Round Robin,0.13260370361315857,0.13226495726495727,0.12641449052739376,0.26031823612468774,0.8226495726495726
12.0,1.0909090909090908,9.25,11.6875,1.0,2.75,2.1875,2.5,1.3963963963963963,interactive,420000297,Round Robin,0.1278900840509987,0.13338862395466172,0.056244464127546495,0.28003167585158073,0.773109243697479
12.0,0.9230769230769231,7.25,6.854166666666667,1.0,2.9166666666666665,1.7430555555555556,2.1666666666666665,1.4942528735632183,interactive,420000298,Round Robin,0.1607127570408738,0.11288702842234584,0.08778625954198474,0.25,0.8006329113924051
12.0,1.0,10.083333333333334,13.909722222222221,1.0,2.5,1.0833333333333333,2.6666666666666665,1.3801652892561984,interactive,420000299,Round Robin,0.09300433071980527,0.13391854437627587,0.05784789644012944,0.32020241612896744,0.7740524781341107
12.0,1.0,8.333333333333334,17.72222222222222,1.0,2.9166666666666665,2.4097222222222223,2.25,1.27,interactive,420000300,SJF,0.1645636581393368,0.05872073589774443,0.10042060988433227,0.2954482332715771,0.8047210300429184
12.0,1.3333333333333333,9.333333333333334,9.055555555555555,1.0,3.25,2.0208333333333335,2.5,1.2232142857142858,interactive,420000301,FCFS,0.07159833630421866,0.1423699914748508,0.07856628023701566,0.2846586213726173,0.7883986928104576
12.0,0.8571428571428571,8.666666666666666,16.555555555555557,1.0,2.6666666666666665,1.7222222222222223,2.75,1.4423076923076923,interactive,420000302,Round Robin,0.05270712464617671,0.09898719229721135,0.042556557377384244,0.31202611064820485,0.8876146788990826
12.0,0.8571428571428571,11.083333333333334,15.07638888888889,1.0,2.75,2.3541666666666665,3,1.4586466165413534,interactive,420000303,Round Robin,0.11354166035770308,0.18310004822377018,0.0858949515675396,0.27826294061606854,0.7860262008733625
12.0,0.8571428571428571,9.25,9.020833333333334,1.0,3.8333333333333335,1.3055555555555556,2.5,1.4504504504504505,interactive,420000304,Round Robin,0.12224323408698358,0.11258865248226949,0.08496476115896633,0.30090054815974937,0.7952127659574468
12.0,0.8571428571428571,9.666666666666666,13.722222222222221,1.0,2.9166666666666665,2.9097222222222223,2.8333333333333335,1.3362068965517242,interactive,420000305,Round Robin,0.1413880384850394,0.13197118371129327,0.09147353496783348,0.25862590799031476,0.7870722433460076
12.0,0.8,8.25,11.520833333333334,1.0,2.9166666666666665,2.4097222222222223,2.5,1.5656565656565657,interactive,420000306,Round Robin,0.12518538514577127,0.11075949367088608,0.09628918535116483,0.32194244604316546,0.8212025316455696
12.0,1.5,8.166666666666666,7.972222222222222,1.0,2.5,1.9166666666666667,1.9166666666666667,1.1224489795918366,interactive,420000307,Round Robin,0.11779565571882651,0.19958985639245475,0.07796451914098972,0.265167474194228,0.8144171779141105
12.0,0.8,7.583333333333333,8.07638888888889,1.0,3.0833333333333335,3.2430555555555554,2.0833333333333335,1.1428571428571428,interactive,420000308,Round Robin,0.12934211680232752,0.18229978901018257,0.09609304647513696,0.285626877294471,0.806060606060606
12.0,0.8,9,7.833333333333333,1.0,3.1666666666666665,1.6388888888888888,2.75,1.5555555555555556,interactive,420000309,SJF,0.10189837477267663,0.07489451476793248,0.09869516121469765,0.29424763068074566,0.8185654008438819
12.0,0.9230769230769231,8.083333333333334,8.243055555555555,1.0,3,1.6666666666666667,2.1666666666666665,1.2474226804123711,interactive,420000310,Round Robin,0.1299145011444729,0.13279237698205915,0.08671065032987746,0.32070366061509115,0.7913533834586466
12.0,0.7058823529411765,9,10.166666666666666,1.0,3.0833333333333335,1.4097222222222223,2.4166666666666665,1.2685185185185186,interactive,420000311,SJF,0.08323470968118993,0.01448123958972561,0.0916204680370897,0.2741114949600113,0.7899590163934427
12.0,2.4,7.75,9.354166666666666,1.0,3.75,1.6875,2.3333333333333335,1.3978494623655915,interactive,420000312,Round Robin,0.16352358097330846,0.19803683897349922,0.09265175718849843,0.27498422049232063,0.7997737556561086
12.0,1.3333333333333333,10,10.333333333333334,1.0,3.3333333333333335,1.8888888888888888,2.8333333333333335,1.35,interactive,420000313,Round Robin,0.1587593403223108,0.15416734008051447,0.1331409145936856,0.2661344537815126,0.7808370044052864
12.0,1.7142857142857142,9.083333333333334,10.243055555555555,1.0,2.75,1.3541666666666667,2.5,1.3577981651376148,interactive,420000314,Round Robin,0.14989918154593695,0.09565278957802321,0.09430756159728121,0.25,0.7956730769230769
12.0,1.7142857142857142,8.166666666666666,13.972222222222221,1.0,2.8333333333333335,2.138888888888889,2.0833333333333335,1.3979591836734695,interactive,420000315,SJF,0.07903833255945933,0.07163828573205891,0.0718305983853279,0.25,0.7803030303030303
12.0,0.9230769230769231,9.083333333333334,12.409722222222221,1.0,3.5833333333333335,0.5763888888888888,2.5833333333333335,1.4770642201834863,interactive,420000316,SJF,0.10387623923183203,0.06565656565656566,0.08673901762876102,0.2800347249129079,0.7920875420875422
12.0,1.0,10.416666666666666,8.409722222222221,1.0,2.75,2.3541666666666665,2.9166666666666665,1.432,interactive,420000317,SJF,0.11986068254642138,0.10662535294358964,0.11376970090992006,0.30468749999999994,0.7858361774744027
12.0,1.0909090909090908,10,17.333333333333332,1.0,2.6666666666666665,1.7222222222222223,2.6666666666666665,1.3166666666666667,interactive,420000318,SJF,0.1607176551984401,0.09548369319424103,0.0956663941128373,0.2997148042520094,0.7774725274725275
12.0,0.9230769230769231,7.333333333333333,8.222222222222221,1.0,2.9166666666666665,1.9097222222222223,2.25,1.6818181818181819,interactive,420000319,Round Robin,0.11111111111111113,0.12222222222222222,0.08726314961868069,0.27397007001437385,0.875
12.0,0.8571428571428571,8.75,10.1875,1.0,2.9166666666666665,2.4097222222222223,2.5833333333333335,1.4857142857142858,interactive,420000320,Round Robin,0.06909924153638636,0.05041866601802918,0.038984587488667274,0.2853982300884956,0.8038617886178862
12.0,0.8571428571428571,7.583333333333333,12.243055555555555,1.0,2.6666666666666665,2.2222222222222223,2,1.2087912087912087,interactive,420000321,Round Robin,0.16196213461706968,0.1183820968303727,0.08091459020745632,0.2820194057004245,0.8189655172413792
12.0,0.9230769230769231,9.25,14.020833333333334,1.0,2.75,1.8541666666666667,2.5833333333333335,1.5585585585585586,interactive,420000322,Round Robin,0.10533787790153966,0.11256032238686421,0.066815201228311,0.31128364005549414,0.788546255506608
12.0,1.2,8.416666666666666,14.409722222222221,1.0,3.25,2.3541666666666665,2.4166666666666665,1.4257425742574257,interactive,420000323,SJF,0.057634150839019,0.05513622134529226,0.08279019286681821,0.25320855614973264,0.804858934169279
12.0,0.8,8,10.5,1.0,2.5,1.4166666666666667,1.75,1.09375,interactive,420000324,Round Robin,0.16106090141177862,0.21315198771339125,0.08945720741926368,0.31595829991980756,0.787037037037037
12.0,1.3333333333333333,8.083333333333334,12.909722222222221,1.0,3.0833333333333335,1.2430555555555556,2.3333333333333335,1.5670103092783505,interactive,420000325,Round Robin,0.08151108880604149,0.09064730842074592,0.059411146161934804,0.3389410259557963,0.7982954545454546
12.0,1.0,7,9,1.0,3.1666666666666665,0.8055555555555556,2,1.5595238095238095,interactive,420000326,SJF,0.13102475824886883,0.10459183673469385,0.1081235236835699,0.3359130229401791,0.8201530612244898
12.0,1.0,8.5,5.083333333333333,1.0,3.3333333333333335,2.2222222222222223,2.5,1.5294117647058822,interactive,420000327,SJF,0.09417008436875927,0.0762467292596583,0.09077588961220495,0.2692529842125529,0.7893258426966292
12.0,0.8571428571428571,9.666666666666666,6.888888888888889,1.0,3.25,1.6875,2.9166666666666665,1.3706896551724137,interactive,420000328,Round Robin,0.1401196386995428,0.16955654720309085,0.1260082889048515,0.2705004205214466,0.7843137254901961
12.0,0.8571428571428571,7.25,17.854166666666668,1.0,2.4166666666666665,1.5763888888888888,2.0833333333333335,1.2183908045977012,interactive,420000329,Round Robin,0.11215404965404965,0.16398613291470435,0.07341269841269842,0.39412804232804227,0.8333333333333333
12.0,1.5,8.416666666666666,7.743055555555555,1.0,2.9166666666666665,2.076388888888889,2.25,1.1683168316831682,interactive,420000330,FCFS,0.09388544397927906,0.22811434337406059,0.12151513052948434,0.26435237556561086,0.8044747081712063
12.0,0.8,9.416666666666666,20.07638888888889,1.0,2.6666666666666665,2.7222222222222223,2.3333333333333335,1.336283185840708,interactive,420000331,SJF,0.10649708638025596,0.09472656249999997,0.09670287521742296,0.40453862923430856,0.7890625
12.0,1.2,9.333333333333334,13.722222222222221,1.0,2.9166666666666665,2.576388888888889,2.25,1.2857142857142858,interactive,420000332,Round Robin,0.12370576614191983,0.18086865372418606,0.11834970421926944,0.25,0.7647058823529411
12.0,1.2,8.916666666666666,12.409722222222221,1.0,3.4166666666666665,2.7430555555555554,2.6666666666666665,1.5700934579439252,interactive,420000333,Round Robin,0.1097857149080391,0.08738759197020618,0.08167141500474834,0.2812964675588437,0.768348623853211
12.0,0.9230769230769231,9.5,18.083333333333332,1.0,2.8333333333333335,1.4722222222222223,2.9166666666666665,1.6666666666666667,interactive,420000334,Round Robin,0.14207944056922409,0.10751910029453678,0.07765667574931881,0.33447639946874214,0.7723509933774835
12.0,2.0,6.916666666666667,11.409722222222221,1.0,2.75,2.5208333333333335,1.9166666666666667,1.6746987951807228,interactive,420000335,Round Robin,0.0986648910519728,0.10078731877369827,0.06767680425861916,0.316147859922179,0.7934397163120568
12.0,1.2,7.333333333333333,11.38888888888889,1.0,3.75,1.3541666666666667,2,1.4772727272727273,interactive,420000336,Round Robin,0.13019295768621914,0.16504461241191185,0.10430728840311872,0.33035287408135944,0.8600628930817611
12.0,0.8571428571428571,10.083333333333334,12.57638888888889,1.0,2.75,2.8541666666666665,2.5833333333333335,1.1239669421487604,interactive,420000337,Round Robin,0.10229461345703811,0.09258358012163384,0.09142212189616253,0.2925646551724138,0.7759938837920489
12.0,1.0909090909090908,7.333333333333333,9.555555555555555,1.0,3,2,1.9166666666666667,1.3295454545454546,interactive,420000338,Round Robin,0.10422789236080378,0.10203621307625756,0.09863181502203766,0.2907439570468815,0.825
12.0,1.2,7.083333333333333,8.743055555555555,1.0,3.1666666666666665,2.138888888888889,1.9166666666666667,1.4,interactive,420000339,Round Robin,0.1453153209045832,0.16648309496410763,0.08684546615581096,0.26966462656117834,0.8591772151898733
12.0,0.9230769230769231,8.5,10.416666666666666,1.0,3.4166666666666665,1.5763888888888888,2.25,1.2745098039215685,interactive,420000340,Round Robin,0.12160372258263824,0.10306031819586037,0.10194624652455976,0.2600806451612903,0.8177083333333333
12.0,1.2,10.583333333333334,6.076388888888889,1.0,2.1666666666666665,1.8055555555555556,3.5,1.5590551181102361,interactive,420000341,Round Robin,0.12151649655273533,0.1362596582833169,0.09912926992632287,0.2938673451482716,0.7885572139303483
12.0,1.2,9.083333333333334,12.07638888888889,1.0,3.0833333333333335,1.7430555555555556,2.8333333333333335,1.3394495412844036,interactive,420000342,Round Robin,0.14081001996335493,0.10388589398023362,0.0941495259694123,0.32148167706334135,0.7736928104575163
12.0,1.2,7.666666666666667,2.388888888888889,1.0,3.1666666666666665,1.6388888888888888,2,1.1304347826086956,interactive,420000343,SJF,0.09671349256623321,0.05236613630435594,0.08712784588441333,0.26596491228070174,0.7978723404255319
12.0,0.8571428571428571,7.333333333333333,10.722222222222221,1.0,3.8333333333333335,1.4722222222222223,2.4166666666666665,1.6931818181818181,interactive,420000344,Round Robin,0.21072048611111108,0.2872705018359853,0.13256060194650313,0.23151893527983644,0.8489583333333334
12.0,1.0,9.083333333333334,8.743055555555555,1.0,3.25,2.5208333333333335,2.5,1.5688073394495412,interactive,420000345,Round Robin,0.0974135484434354,0.0962837837837838,0.08256992963135705,0.27246767757534335,0.7829391891891893
12.0,1.3333333333333333,8.916666666666666,11.07638888888889,1.0,2.9166666666666665,2.4097222222222223,2.3333333333333335,1.355140186915888,interactive,420000346,SJF,0.09208968183972961,0.04882061368481672,0.06073059360730595,0.2772277227722772,0.7854938271604939
12.0,0.8,9.333333333333334,16.72222222222222,1.0,2.25,2.1875,2.3333333333333335,1.3303571428571428,interactive,420000347,SJF,0.13583954056148986,0.038793103448275856,0.08386219124480311,0.3217251621506941,0.8034482758620689
12.0,0.75,7.833333333333333,7.305555555555555,1.0,2.9166666666666665,2.2430555555555554,2.5,1.553191489361702,interactive,420000348,Round Robin,0.08862988862988862,0.19263208372119262,0.06293706293706293,0.3035314044929429,0.837037037037037
12.0,0.8571428571428571,6.916666666666667,12.243055555555555,1.0,3.25,1.5208333333333333,1.9166666666666667,1.4819277108433735,interactive,420000349,Round Robin,0.16193741209563997,0.15208333333333335,0.06805325185508515,0.283561055010351,0.85625
12.0,1.0,8.916666666666666,16.40972222222222,1.0,3.75,1.3541666666666667,2.4166666666666665,1.3271028037383177,interactive,420000350,SJF,0.12915210718042755,0.052932752406034185,0.07574199111633136,0.27275485436893204,0.7858649789029536
12.0,1.0909090909090908,9.166666666666666,19.305555555555557,1.0,2.9166666666666665,2.2430555555555554,2.5,1.2272727272727273,interactive,420000351,SJF,0.12939876215738286,0.07558734369079195,0.09386446886446888,0.29147897897897895,0.7982758620689655
12.0,1.0,8.666666666666666,4.722222222222222,1.0,3,1.8333333333333333,2.8333333333333335,1.6923076923076923,interactive,420000352,SJF,0.15429720097515828,0.09267114464482883,0.11706089807588352,0.302492318197337,0.7818181818181817
12.0,0.7058823529411765,8.416666666666666,7.243055555555555,1.0,3.0833333333333335,1.4097222222222223,2.4166666666666665,1.316831683168317,interactive,420000353,Round Robin,0.11722015717243953,0.13811324475770323,0.09841398599035042,0.2863636363636364,0.8078817733990147
12.0,0.7058823529411765,8.833333333333334,13.63888888888889,1.0,3,2.1666666666666665,2.4166666666666665,1.490566037735849,interactive,420000354,Round Robin,0.12414340513186492,0.12779831675071557,0.06491063029162748,0.3078650612859114,0.7963362068965517
12.0,1.7142857142857142,7.25,10.354166666666666,1.0,2.3333333333333335,1.8888888888888888,2.0833333333333335,1.3563218390804597,interactive,420000355,SJF,0.09232125325312847,0.0537413314840499,0.061893203883495146,0.27717391304347827,0.8014285714285714
12.0,1.2,8.333333333333334,6.722222222222222,1.0,2.8333333333333335,1.6388888888888888,2.5833333333333335,1.43,interactive,420000356,Round Robin,0.12676170744749907,0.13436417448626106,0.11690834807037893,0.25423370025402203,0.7754901960784314
12.0,1.0909090909090908,7.666666666666667,13.055555555555555,1.0,3.0833333333333335,1.7430555555555556,2.1666666666666665,1.2826086956521738,interactive,420000357,Round Robin,0.146910656962146,0.14662801701818204,0.09141588469934736,0.32981495662510146,0.7990867579908676
12.0,1.5,6.416666666666667,8.409722222222221,1.0,3.5833333333333335,1.7430555555555556,1.5,1.1428571428571428,interactive,420000358,SJF,0.1525200880536435,0.03210153028631163,0.10217766342746079,0.283515731874145,0.7976653696498055
12.0,1.0,7.833333333333333,6.805555555555555,1.0,2.8333333333333335,1.8055555555555556,2.5,1.425531914893617,interactive,420000359,SJF,0.12080739299610896,0.04125000000000001,0.08608949416342412,0.298618794749604,0.79125
12.0,1.0909090909090908,9.916666666666666,15.909722222222221,1.0,2.4166666666666665,1.4097222222222223,3.0833333333333335,1.3781512605042017,interactive,420000360,Round Robin,0.11808039488034583,0.10426894410640279,0.09756907015562977,0.28592722039473684,0.7946768060836502
12.0,0.8571428571428571,9.166666666666666,5.805555555555555,1.0,4.083333333333333,0.7430555555555556,2.5,1.2636363636363637,interactive,420000361,Round Robin,0.09226672315443858,0.1619575660831278,0.07698476343223738,0.25458949515553286,0.8077830188679245
12.0,1.0909090909090908,9.5,10.416666666666666,1.0,2.9166666666666665,1.2430555555555556,2.8333333333333335,1.456140350877193,interactive,420000362,Round Robin,0.11048593873424326,0.0937585343945403,0.07443229604709839,0.279871784969491,0.7887537993920972
12.0,0.8,9.5,10.583333333333334,1.0,3.5833333333333335,1.4097222222222223,2.6666666666666665,1.3596491228070176,interactive,420000363,Round Robin,0.10403411536636786,0.11407423815403758,0.0753570639318366,0.27945154019534185,0.7996389891696751
12.0,1.2,8.75,13.354166666666666,1.0,3,2.3333333333333335,2.3333333333333335,1.3238095238095238,interactive,420000364,Round Robin,0.1277244653157062,0.2086790328315752,0.09499897912306673,0.34083932401211336,0.7718531468531469
12.0,1.0909090909090908,7.25,11.854166666666666,1.0,2.9166666666666665,1.7430555555555556,2.4166666666666665,1.6436781609195403,interactive,420000365,SJF,0.13907653289682237,0.0397489539748954,0.11227552697837981,0.3423426457397629,0.8232217573221757
12.0,1.3333333333333333,8.083333333333334,10.409722222222221,1.0,2.75,2.0208333333333335,2.25,1.3711340206185567,interactive,420000366,Round Robin,0.11084037253627896,0.1153424010202807,0.08086124401913877,0.29166315313286506,0.7798353909465021
12.0,1.0,7.416666666666667,8.409722222222221,1.0,2.8333333333333335,1.8055555555555556,2.25,1.5617977528089888,interactive,420000367,SJF,0.15620692157005006,0.07251082251082251,0.10047190097424717,0.32577987666596064,0.7694805194805194
12.0,1.5,8.166666666666666,13.305555555555555,1.0,3.0833333333333335,1.5763888888888888,2.5,1.346938775510204,interactive,420000368,Round Robin,0.15529903418797603,0.11426016436478324,0.09969167523124359,0.34235300160061655,0.8493377483443709
12.0,1.2,8.5,8.583333333333334,1.0,3,1.1666666666666667,2.0833333333333335,1.2450980392156863,interactive,420000369,Round Robin,0.16693027177281367,0.1498398789414414,0.11819220504301227,0.2549563838223632,0.796875
12.0,1.0909090909090908,10.083333333333334,11.909722222222221,1.0,3.3333333333333335,1.3888888888888888,3.0833333333333335,1.487603305785124,interactive,420000370,Round Robin,0.14637437971173567,0.10539845758354757,0.100336329588015,0.3312195348645076,0.7808483290488433
12.0,0.8571428571428571,9.333333333333334,12.055555555555555,1.0,3.0833333333333335,2.2430555555555554,2.5833333333333335,1.5357142857142858,interactive,420000371,Round Robin,0.080759939750476,0.07559467985335493,0.06126126126126123,0.3024727272727273,0.7910094637223974
12.0,0.8571428571428571,7.75,9.020833333333334,1.0,2.8333333333333335,1.8055555555555556,2.3333333333333335,1.6021505376344085,interactive,420000372,SJF,0.16899226790926314,0.0604736867186631,0.08358509566968783,0.284776860483276,0.8206214689265536
12.0,1.0,8.25,7.854166666666667,1.0,3.0833333333333335,2.2430555555555554,2.5,1.4444444444444444,interactive,420000373,Round Robin,0.13346689233532522,0.11180704133172503,0.10411908353084824,0.2826168929110105,0.8015267175572519
12.0,0.8571428571428571,7.75,9.1875,1.0,3,2.3333333333333335,2.0833333333333335,1.1935483870967742,interactive,420000374,Round Robin,0.10012122073632015,0.09266409266409266,0.06725755995828989,0.3050937793488022,0.7760617760617761
12.0,1.0909090909090908,8.833333333333334,12.472222222222221,1.0,3.8333333333333335,1.4722222222222223,2.6666666666666665,1.4528301886792452,interactive,420000375,Round Robin,0.08439563405387762,0.09071899415418297,0.08078969661672052,0.3073466015332183,0.807218309859155
12.0,1.0,9.333333333333334,13.722222222222221,1.0,2.5833333333333335,1.5763888888888888,2.5,1.3214285714285714,interactive,420000376,Round Robin,0.12987143786200023,0.12856188780053426,0.07867266400294667,0.28770187277276515,0.775375939849624
12.0,1.0,8.833333333333334,17.97222222222222,1.0,2.8333333333333335,0.9722222222222222,2.25,1.3773584905660377,interactive,420000377,SJF,0.14873234522934287,0.0974554577104239,0.107296187518707,0.28950668896321075,0.7872807017543859
12.0,1.0909090909090908,9.416666666666666,8.07638888888889,1.0,3.5,1.5833333333333333,2.75,1.4867256637168142,interactive,420000378,Round Robin,0.11458946583460887,0.11663794527219186,0.0822890559732665,0.25,0.7911073825503356
12.0,0.9230769230769231,8,10.166666666666666,1.0,3.25,1.0208333333333333,2.5,1.7395833333333333,interactive,420000379,SJF,0.10513569948297155,0.05987394957983193,0.08985558592300165,0.34575024462664916,0.8119747899159664
12.0,0.75,9.333333333333334,10.38888888888889,1.0,3.1666666666666665,1.6388888888888888,2.5833333333333335,1.2321428571428572,interactive,420000380,Round Robin,0.12292963107949406,0.10865512546799096,0.07809694793536803,0.29922154971599585,0.7857142857142857
12.0,1.0,8.416666666666666,8.243055555555555,1.0,2.5,1.4166666666666667,2.1666666666666665,1.316831683168317,interactive,420000381,Round Robin,0.10971443329397876,0.12644615494259795,0.09680731358212043,0.25,0.7923553719008265
12.0,1.3333333333333333,7.75,7.020833333333333,1.0,2.5833333333333335,2.576388888888889,1.8333333333333333,1.032258064516129,interactive,420000382,Round Robin,0.08330313333876702,0.08452601672646755,0.07843569570732731,0.29510905485789823,0.7922374429223744
12.0,0.8571428571428571,7.833333333333333,7.472222222222222,1.0,3.8333333333333335,1.4722222222222223,2.0833333333333335,1.4893617021276595,interactive,420000383,SJF,0.10941232416172697,0.041438113775103924,0.12089939607063677,0.2742574257425742,0.827247191011236
12.0,0.75,8.833333333333334,8.63888888888889,1.0,2.5,2.4166666666666665,2.5,1.3867924528301887,interactive,420000384,Round Robin,0.098892316989774,0.19543136633049418,0.0703146804580333,0.27717579750346744,0.7962555066079295
12.0,1.0,9.833333333333334,11.972222222222221,1.0,3,1.6666666666666667,2.5,1.4067796610169492,interactive,420000385,Round Robin,0.1213714755288041,0.13874303643465458,0.09081284328319905,0.2890625,0.7895189003436427
12.0,1.2,8.916666666666666,9.57638888888889,1.0,2.9166666666666665,2.076388888888889,2.4166666666666665,1.411214953271028,interactive,420000386,Round Robin,0.11480314269961403,0.10582646676365581,0.09198943661971831,0.32413861386138615,0.7793594306049823
12.0,1.2,9.75,8.520833333333334,1.0,2.5,2.0833333333333335,2.9166666666666665,1.5982905982905984,interactive,420000387,SJF,0.0970301990721737,0.051572787125091446,0.10141039341541624,0.2626086956521739,0.804858934169279
12.0,1.0909090909090908,9.25,14.020833333333334,1.0,3.5,2.0833333333333335,2.8333333333333335,1.3873873873873874,interactive,420000388,Round Robin,0.0926829268292683,0.09273720328239693,0.073890207928628,0.27564102564102566,0.8426829268292683
12.0,1.2,8.583333333333334,20.90972222222222,1.0,2.75,1.6875,2.4166666666666665,1.3592233009708738,interactive,420000389,SJF,0.05624144437456065,0.05387810558893678,0.06248151377802477,0.29514168230982396,0.8071192052980132
12.0,0.75,10.333333333333334,16.22222222222222,1.0,2.8333333333333335,2.138888888888889,2.5833333333333335,1.2741935483870968,interactive,420000390,Round Robin,0.09269174275382615,0.08043766454431725,0.06038426349496799,0.32249025341130605,0.8095238095238095
12.0,1.5,8.75,17.020833333333332,1.0,2.8333333333333335,1.9722222222222223,2.5833333333333335,1.5809523809523809,interactive,420000391,Round Robin,0.1313373154139705,0.09267912772585671,0.09008283479061205,0.31494058786741713,0.7772108843537415
12.0,0.8571428571428571,9.416666666666666,9.909722222222221,1.0,3.4166666666666665,2.2430555555555554,2.5833333333333335,1.424778761061947,interactive,420000392,SJF,0.07352692691038556,0.03922761065618208,0.09928691163557987,0.25869565217391305,0.78003003003003
12.0,1.0,8.916666666666666,8.243055555555555,1.0,2.75,1.5208333333333333,2.0833333333333335,1.3364485981308412,interactive,420000393,FCFS,0.09339716599140396,0.09439355842911876,0.12172598548728224,0.2637006861063465,0.8189655172413793
12.0,1.7142857142857142,7.5,9.083333333333334,1.0,3,0.8333333333333334,2.25,1.4,interactive,420000394,SJF,0.1067306646789054,0.020918403294869672,0.09442125751206443,0.28004073319755596,0.7981418918918919
12.0,0.7058823529411765,9.583333333333334,9.409722222222221,1.0,3.4166666666666665,1.7430555555555556,2.6666666666666665,1.434782608695652,interactive,420000395,SJF,0.1200668050419305,0.05238970588235295,0.10350314112943748,0.2695771339075959,0.8180147058823529
12.0,1.0,8.666666666666666,6.055555555555555,1.0,3.75,1.8541666666666667,2.4166666666666665,1.3365384615384615,interactive,420000396,FCFS,0.08107650925283985,0.11555732189453846,0.10260551265769775,0.281999821603782,0.8354779411764706
12.0,1.0,9.083333333333334,16.743055555555557,1.0,3.6666666666666665,1.3888888888888888,2.3333333333333335,1.238532110091743,interactive,420000397,Round Robin,0.18837310764903722,0.15900137303789666,0.11734693877551022,0.25,0.8002283105022832
12.0,0.8571428571428571,10,14.166666666666666,1.0,3,2.3333333333333335,2.75,1.3916666666666666,interactive,420000398,SJF,0.10068651945888765,0.09467686299530291,0.11203625943057886,0.28596419016258495,0.7916666666666667
12.0,0.6666666666666666,10.333333333333334,19.22222222222222,1.0,3.0833333333333335,1.7430555555555556,2.8333333333333335,1.3951612903225807,interactive,420000399,Round Robin,0.15244842876421824,0.09093270843576842,0.08583744845659473,0.29663635584688214,0.7955465587044535
12.0,1.0,6.75,6.520833333333333,1.0,2.5833333333333335,2.076388888888889,2.0833333333333335,1.691358024691358,interactive,420000400,SJF,0.12687843634397608,0.05882352941176472,0.11294804666967816,0.2984639755976646,0.8382352941176471
12.0,1.0909090909090908,8.75,12.6875,1.0,2.9166666666666665,2.4097222222222223,2.25,1.1904761904761905,interactive,420000401,SJF,0.1337486457204767,0.06599178403755868,0.07464788732394366,0.25,0.7872596153846154
12.0,0.8,9.25,11.354166666666666,1.0,3.25,1.1875,2.5,1.3873873873873874,interactive,420000402,Round Robin,0.11337058212058215,0.13568737006237006,0.07728040540540543,0.2588897827835881,0.8076923076923077
12.0,1.0909090909090908,8.75,12.854166666666666,1.0,2.5833333333333335,2.4097222222222223,2.75,1.7714285714285714,interactive,420000403,Round Robin,0.07821459288990823,0.07736525229357795,0.07563568691037734,0.25957943925233645,0.801605504587156
12.0,1.2,8.833333333333334,13.472222222222221,1.0,2.75,1.6875,2.3333333333333335,1.2735849056603774,interactive,420000404,Round Robin,0.12671951808926107,0.12802198038723267,0.08063063063063061,0.2770432692307693,0.7873263888888888
12.0,0.9230769230769231,9,16.833333333333332,1.0,3.25,2.5208333333333335,2.75,1.4722222222222223,interactive,420000405,Round Robin,0.14995483509901913,0.1345177664974619,0.08945841392649904,0.2922141907549552,0.8147208121827412
12.0,0.9230769230769231,10.333333333333334,12.055555555555555,1.0,2.5,1.4166666666666667,2.8333333333333335,1.282258064516129,interactive,420000406,Round Robin,0.10684823612320193,0.08587568203556367,0.07998590556730092,0.31039918674632233,0.7693850267379679
12.0,0.75,9.666666666666666,12.88888888888889,1.0,3.0833333333333335,1.7430555555555556,2.6666666666666665,1.4482758620689655,interactive,420000407,Round Robin,0.08211457934459032,0.1408710797089813,0.03328660637547522,0.3022538041917887,0.8133561643835616
12.0,0.8571428571428571,7,6,1.0,2.75,1.5208333333333333,2,1.2142857142857142,interactive,420000408,Round Robin,0.18556250000000002,0.25,0.10323660714285718,0.24580564263322888,0.8200000000000001
12.0,1.3333333333333333,8.416666666666666,7.243055555555555,1.0,3.5,1.9166666666666667,2.8333333333333335,1.7623762376237624,interactive,420000409,Round Robin,0.08829565921561511,0.08119598453010905,0.06361085126286249,0.28706792697618383,0.8078358208955224
12.0,1.0,8,8,1.0,2.6666666666666665,0.8888888888888888,2.4166666666666665,1.3958333333333333,interactive,420000410,Round Robin,0.11879470632037366,0.14805602006688967,0.06673511293634499,0.2914618788248353,0.7925824175824177
12.0,2.0,10.083333333333334,8.743055555555555,1.0,3.5,1.9166666666666667,3.1666666666666665,1.578512396694215,interactive,420000411,FCFS,0.111198409693298,0.12097637196919576,0.12166227846148943,0.27382055184278437,0.7881578947368422
12.0,1.3333333333333333,7.833333333333333,14.13888888888889,1.0,3.5,2.0833333333333335,2,1.2553191489361701,interactive,420000412,Round Robin,0.12394981516746946,0.12196516008876045,0.11986479042369942,0.2992948651347498,0.8019911504424779
12.0,0.8,9.166666666666666,9.972222222222221,1.0,2.9166666666666665,2.4097222222222223,2.75,1.5636363636363637,interactive,420000413,SJF,0.10069816761166567,0.06608986794279581,0.07611438183347351,0.3051760926309463,0.7903587443946188
12.0,1.0909090909090908,8.5,8.916666666666666,1.0,2.9166666666666665,1.5763888888888888,2.5,1.2745098039215685,interactive,420000414,Round Robin,0.15843795340141348,0.17531676413255357,0.0870996864986694,0.3037056928034372,0.7938596491228069
12.0,1.3333333333333333,8.583333333333334,7.409722222222222,1.0,2.75,2.1875,2.3333333333333335,1.3398058252427185,interactive,420000415,Round Robin,0.14705015920931555,0.109642589981398,0.1067463706233988,0.25976676384839653,0.7819767441860466
12.0,0.9230769230769231,6.666666666666667,11.722222222222221,1.0,2.9166666666666665,2.576388888888889,2.1666666666666665,1.5625,interactive,420000416,Round Robin,0.0653078982597055,0.07189922480620153,0.04485294117647061,0.3086176470588235,0.8511904761904763
12.0,0.8571428571428571,8.916666666666666,14.909722222222221,1.0,2.5833333333333335,2.076388888888889,2.6666666666666665,1.4579439252336448,interactive,420000417,SJF,0.06921882372962646,0.0436843973429339,0.07516650808753567,0.27711703139866795,0.8018292682926829
12.0,1.0909090909090908,8.5,21.916666666666668,1.0,3.1666666666666665,1.4722222222222223,2.4166666666666665,1.2450980392156863,interactive,420000418,Round Robin,0.14897527701472268,0.19547741291346113,0.09748935191455377,0.34261434748534947,0.8170391061452513
12.0,1.0909090909090908,7.083333333333333,8.409722222222221,1.0,3,2,2,1.223529411764706,interactive,420000419,Round Robin,0.1661875788135685,0.1454081632653061,0.10813859991398278,0.35723032264522364,0.8022959183673469
12.0,0.75,7.75,8.1875,1.0,3.1666666666666665,1.4722222222222223,2.3333333333333335,1.6021505376344085,interactive,420000420,SJF,0.15129158843353038,0.09011958146487295,0.09232297856805957,0.3028140084214851,0.8316666666666667
12.0,0.9230769230769231,9,9,1.0,2.9166666666666665,1.4097222222222223,2.5,1.5277777777777777,interactive,420000421,SJF,0.10555839781342559,0.09526835205479353,0.10793186670379652,0.25,0.7754065040650406
12.0,1.0909090909090908,9.833333333333334,9.63888888888889,1.0,3.6666666666666665,1.8888888888888888,2.75,1.3983050847457628,interactive,420000422,Round Robin,0.14448859253846466,0.2612437854368801,0.12073296095978586,0.27531362007168464,0.8244047619047619
12.0,0.75,9.166666666666666,12.972222222222221,1.0,2.4166666666666665,0.7430555555555556,3,1.6090909090909091,interactive,420000423,SJF,0.11020579507523308,0.04976277430608597,0.08546994020553866,0.25596252129471897,0.8031914893617021
12.0,0.6666666666666666,9.916666666666666,13.07638888888889,1.0,2.25,1.6875,3,1.3781512605042017,interactive,420000424,Round Robin,0.12098958333333334,0.09515053999366148,0.08281250000000001,0.2772387233344125,0.7849999999999999
12.0,0.9230769230769231,8.25,7.1875,1.0,2.4166666666666665,1.2430555555555556,2.5,1.4545454545454546,interactive,420000425,SJF,0.10228801454040767,0.06442562309084189,0.06563126252505011,0.31657608695652173,0.7888888888888889
12.0,1.5,8.333333333333334,12.555555555555555,1.0,3.3333333333333335,1.5555555555555556,2.1666666666666665,1.44,interactive,420000426,Round Robin,0.17379764446256804,0.15433308448426028,0.07835400225479142,0.3097315147090314,0.7776595744680851
12.0,1.3333333333333333,9.916666666666666,4.076388888888889,1.0,2.75,2.0208333333333335,2.5833333333333335,1.4369747899159664,interactive,420000427,Round Robin,0.11820652173913042,0.18829417722241243,0.10164035363516585,0.29903724747474747,0.7649456521739131
12.0,0.8,9.083333333333334,7.076388888888889,1.0,2.75,2.0208333333333335,2.8333333333333335,1.5229357798165137,interactive,420000428,FCFS,0.10067190669371198,0.10570044109597866,0.10162331115144188,0.314,0.78125
12.0,1.7142857142857142,9.5,6.416666666666667,1.0,2.8333333333333335,1.8055555555555556,2.75,1.3596491228070176,interactive,420000429,Round Robin,0.12220572936489811,0.15048939382405924,0.09970566593083147,0.27533783783783783,0.7794540229885057
12.0,0.8571428571428571,7.75,7.854166666666667,1.0,2.3333333333333335,1.3888888888888888,2.4166666666666665,1.3870967741935485,interactive,420000430,Round Robin,0.11754742547425474,0.1433340108401084,0.08874113475177303,0.2808080808080808,0.7988888888888889
12.0,0.75,9.25,8.854166666666666,1.0,2.9166666666666665,1.5763888888888888,2.8333333333333335,1.5405405405405406,interactive,420000431,Round Robin,0.08209440477768729,0.06325468431086081,0.058354324097397145,0.28767045454545453,0.7772556390977443
12.0,0.6666666666666666,8.416666666666666,8.409722222222221,1.0,2.0833333333333335,1.5763888888888888,2.4166666666666665,1.386138613861386,interactive,420000432,Round Robin,0.1161937843437651,0.15677015790069757,0.06634423783101233,0.2953187250996016,0.8082010582010581
12.0,0.9230769230769231,7.5,5.083333333333333,1.0,2.5,2.0833333333333335,2.25,1.6,interactive,420000433,Round Robin,0.108134236250921,0.1210493968897753,0.08581706063720453,0.28236607142857145,0.8116438356164384
12.0,0.8,7.416666666666667,14.909722222222221,1.0,2.5833333333333335,1.9097222222222223,2.25,1.3370786516853932,interactive,420000434,SJF,0.12491266272061784,0.04510309278350514,0.08141506365369498,0.30559000758387256,0.8028350515463918
12.0,0.8,8.416666666666666,6.409722222222222,1.0,2.5833333333333335,1.7430555555555556,2.25,1.4257425742574257,interactive,420000435,Round Robin,0.10969457322061629,0.08326515771293516,0.07901554404145078,0.25967219363445776,0.8245614035087718
12.0,1.0909090909090908,8.666666666666666,13.722222222222221,1.0,3.5,2.0833333333333335,2.4166666666666665,1.4134615384615385,interactive,420000436,Round Robin,0.1548196646462543,0.19476268175690145,0.09295127753071682,0.25967219363445776,0.8179190751445087
12.0,0.9230769230769231,8.166666666666666,7.972222222222222,1.0,3.4166666666666665,1.2430555555555556,2,1.2755102040816326,interactive,420000437,Round Robin,0.1600879324308689,0.25649131703401595,0.099406492248062,0.28812893081761004,0.7898009950248757
12.0,0.6666666666666666,6.916666666666667,9.243055555555555,1.0,2.9166666666666665,2.576388888888889,2.3333333333333335,1.7108433734939759,interactive,420000438,SJF,0.1286719237280585,0.06388888888888887,0.08160382898754993,0.31875968992248055,0.825
12.0,1.0909090909090908,8.083333333333334,7.243055555555555,1.0,2.6666666666666665,2.2222222222222223,2.25,1.4536082474226804,interactive,420000439,Round Robin,0.14553473430373465,0.18948168003020682,0.1037489102005231,0.2601643143037708,0.8042035398230089
12.0,1.3333333333333333,10,10.666666666666666,1.0,2.9166666666666665,1.5763888888888888,2.6666666666666665,1.2666666666666666,interactive,420000440,Round Robin,0.1619661567691226,0.12425911432064249,0.11253571229061425,0.25,0.7659235668789809
12.0,1.5,9.416666666666666,14.57638888888889,1.0,2.5833333333333335,2.2430555555555554,2.5833333333333335,1.3893805309734513,interactive,420000441,SJF,0.1405454697506515,0.07985769684989907,0.10182119205298013,0.3334418813262752,0.7723463687150838
12.0,1.3333333333333333,9.416666666666666,10.409722222222221,1.0,2.9166666666666665,2.7430555555555554,2.75,1.3628318584070795,interactive,420000442,SJF,0.11776921180028291,0.07234227569468779,0.10341869735651453,0.25,0.7920634920634921
12.0,0.75,9.416666666666666,14.909722222222221,1.0,3.1666666666666665,2.138888888888889,2.4166666666666665,1.0530973451327434,interactive,420000443,SJF,0.11117563556587945,0.008902674830808876,0.05685814298619174,0.2697427832318929,0.7845982142857143
12.0,0.8,7.833333333333333,8.972222222222221,1.0,3,2.5,2.0833333333333335,1.2659574468085106,interactive,420000444,SJF,0.06598334401024983,0.04602115422109574,0.10230410893454372,0.25219780219780225,0.8239910313901345
12.0,0.8571428571428571,9.083333333333334,8.743055555555555,1.0,3.6666666666666665,1.5555555555555556,2.4166666666666665,1.311926605504587,interactive,420000445,FCFS,0.05899721658015497,0.08991156581993866,0.06425113343352339,0.2722401522674611,0.8317535545023698
12.0,0.6666666666666666,10.833333333333334,11.305555555555555,1.0,2.3333333333333335,1.7222222222222223,3.25,1.7461538461538462,interactive,420000446,Round Robin,0.06801363991629479,0.06757242266091823,0.0551994301994302,0.3145899470899471,0.7861356932153392
12.0,1.0909090909090908,9.916666666666666,17.243055555555557,1.0,3.5833333333333335,1.9097222222222223,2.6666666666666665,1.2016806722689075,interactive,420000447,Round Robin,0.16646175653783846,0.14936202511286203,0.0985738255033557,0.262347179772159,0.8157327586206897
12.0,1.0909090909090908,8.833333333333334,9.972222222222221,1.0,3.25,2.3541666666666665,2.3333333333333335,1.2169811320754718,interactive,420000448,Round Robin,0.12603784790784822,0.16332127113308412,0.07917760279965005,0.3051470588235294,0.799492385786802
12.0,0.8571428571428571,9.416666666666666,10.243055555555555,1.0,2.9166666666666665,1.9097222222222223,2.5,1.3274336283185841,interactive,420000449,FCFS,0.08029486237033406,0.13134745190290584,0.09382079041980912,0.3150978407557355,0.7853773584905661
12.0,0.75,7.583333333333333,21.57638888888889,1.0,3.1666666666666665,2.138888888888889,1.9166666666666667,1.1758241758241759,interactive,420000450,SJF,0.10084801658740028,0.032740794206009886,0.06570713391739674,0.3043660726702028,0.8102409638554217
12.0,0.7058823529411765,8.333333333333334,8.88888888888889,1.0,2.6666666666666665,1.5555555555555556,2.75,1.87,interactive,420000451,SJF,0.07104700854700856,0.04817023597964193,0.05059523809523808,0.26963141025641024,0.8076923076923077
12.0,1.5,9.916666666666666,15.743055555555555,1.0,2.3333333333333335,1.7222222222222223,2.75,1.3025210084033614,interactive,420000452,SJF,0.13455398230088494,0.09407079646017703,0.09772272727272725,0.25852272727272724,0.7865044247787611
12.0,1.0909090909090908,9.166666666666666,13.305555555555555,1.0,2.4166666666666665,1.4097222222222223,2.5833333333333335,1.3909090909090909,interactive,420000453,Round Robin,0.12034700882347654,0.13246356497205602,0.0943231441048035,0.30436991869918695,0.8127572016460904
12.0,0.9230769230769231,11.5,11.75,1.0,3.75,2.0208333333333335,3.25,1.5072463768115942,interactive,420000454,Round Robin,0.08365454810921302,0.12202554083778577,0.07391590013140603,0.25,0.8064814814814815
12.0,1.0,8.5,9.416666666666666,1.0,3.6666666666666665,1.7222222222222223,2.0833333333333335,1.1862745098039216,interactive,420000455,Round Robin,0.10828655814002569,0.12496475624409156,0.07784697508896796,0.2689613300952736,0.8309716599190283
12.0,0.9230769230769231,7.75,7.1875,1.0,3,2.6666666666666665,1.9166666666666667,1.1827956989247312,interactive,420000456,Round Robin,0.15826188918438963,0.13025210084033612,0.12715508346918136,0.28413182765522793,0.8046218487394958
12.0,0.9230769230769231,9.25,7.1875,1.0,2.6666666666666665,2.2222222222222223,2.6666666666666665,1.5945945945945945,interactive,420000457,Round Robin,0.1265500686600594,0.12393336408319759,0.09608488859871424,0.26776401564537156,0.7878151260504203
12.0,0.9230769230769231,7.25,8.854166666666666,1.0,2.3333333333333335,2.0555555555555554,1.8333333333333333,1.2413793103448276,interactive,420000458,SJF,0.14814046828769342,0.06685115220609358,0.09002169197396966,0.31249052684412837,0.7978971962616823
12.0,0.75,7.416666666666667,16.243055555555557,1.0,3.5833333333333335,1.9097222222222223,2.25,1.5280898876404494,interactive,420000459,SJF,0.12546435041029794,0.005686274509803906,0.09155946607007201,0.33922922732960514,0.8168789808917197
12.0,0.75,9.916666666666666,8.409722222222221,1.0,3.3333333333333335,1.5555555555555556,3.0833333333333335,1.5126050420168067,interactive,420000460,Round Robin,0.12405898682004829,0.16109254598528078,0.08752857597711938,0.27452631578947373,0.7818877551020409
12.0,0.7058823529411765,9.666666666666666,6.555555555555555,1.0,2.75,1.5208333333333333,2.6666666666666665,1.3017241379310345,interactive,420000461,Round Robin,0.0832365600898729,0.1187226648569999,0.08234240687679081,0.28571428571428575,0.7918502202643172
12.0,0.8571428571428571,10.25,7.020833333333333,1.0,2.9166666666666665,1.2430555555555556,2.9166666666666665,1.2764227642276422,interactive,420000462,SJF,0.1310893142475469,0.09529047257869538,0.11375322271920293,0.26945862481880634,0.7902542372881356
12.0,1.0,7.833333333333333,15.972222222222221,1.0,3.8333333333333335,0.9722222222222222,2.25,1.5106382978723405,interactive,420000463,Round Robin,0.16435477270402077,0.15330280689820747,0.08047601564219678,0.30444468137794417,0.8362676056338028
12.0,1.0909090909090908,8.333333333333334,7.555555555555555,1.0,3.9166666666666665,1.0763888888888888,2.4166666666666665,1.36,interactive,420000464,Round Robin,0.14535945043595228,0.252519582852648,0.10846919013533234,0.25,0.8306962025316456
12.0,1.0909090909090908,7.75,12.854166666666666,1.0,2.6666666666666665,3.0555555555555554,2.1666666666666665,1.5376344086021505,interactive,420000465,FCFS,0.06890996213810412,0.09469016614279302,0.09000487677633741,0.3142316809000487,0.8024809160305344
12.0,1.0,8.916666666666666,12.909722222222221,1.0,2.8333333333333335,1.8055555555555556,2.5833333333333335,1.3644859813084111,interactive,420000466,SJF,0.10875942378851142,0.07559312978609732,0.10268714011516317,0.2641136363636364,0.8208762886597938
12.0,0.8571428571428571,10.166666666666666,7.638888888888889,1.0,3.1666666666666665,1.1388888888888888,2.9166666666666665,1.4754098360655739,interactive,420000467,SJF,0.1153315180498669,0.0445766863939376,0.09993656677522775,0.2736328125,0.7959770114942528
12.0,0.75,8.5,9.916666666666666,1.0,2.6666666666666665,0.8888888888888888,2.3333333333333335,1.2941176470588236,interactive,420000468,SJF,0.09163118244349819,0.06945969279442146,0.07074223961763863,0.3211805555555556,0.8004694835680751
12.0,0.6666666666666666,6.333333333333333,4.055555555555555,1.0,2.8333333333333335,2.138888888888889,1.8333333333333333,1.5526315789473684,interactive,420000469,Round Robin,0.1123517419326496,0.25,0.06518723994452152,0.20365441823456595,0.89247311827957
12.0,1.3333333333333333,8.25,12.354166666666666,1.0,2.9166666666666665,1.0763888888888888,2.25,1.4242424242424243,interactive,420000470,SJF,0.08880769058597074,0.04610770401539908,0.06872509960159362,0.26501547987616103,0.7949438202247191
12.0,1.0909090909090908,8,6.5,1.0,3.25,1.0208333333333333,2.25,1.3541666666666667,interactive,420000471,Round Robin,0.15313604859980917,0.2128398058252427,0.10597302504816955,0.2813513665188843,0.8374999999999999
12.0,1.2,8.416666666666666,10.07638888888889,1.0,3.1666666666666665,2.4722222222222223,2.6666666666666665,1.7128712871287128,interactive,420000472,Round Robin,0.1524877048794937,0.15072912496777974,0.10980036297640655,0.25492647058823525,0.8018134715025906
12.0,0.8571428571428571,9.083333333333334,10.243055555555555,1.0,2.4166666666666665,1.9097222222222223,2.5,1.4495412844036697,interactive,420000473,FCFS,0.11550074321813451,0.22265066282923426,0.11608801826193133,0.30614837398373984,0.7958333333333334
12.0,1.0,8.75,18.1875,1.0,2.5833333333333335,1.9097222222222223,2.5833333333333335,1.3904761904761904,interactive,420000474,Round Robin,0.12860160632431025,0.11278195488721804,0.10238227385791332,0.3067751893222069,0.7941729323308271
12.0,0.8571428571428571,8,12.166666666666666,1.0,3.1666666666666665,1.8055555555555556,2.1666666666666665,1.5104166666666667,interactive,420000475,SJF,0.11957784767710833,0.0,0.09869840421469048,0.33596068610291635,0.8284313725490196
12.0,1.0,9.166666666666666,12.63888888888889,1.0,3.0833333333333335,1.5763888888888888,2.3333333333333335,1.2363636363636363,interactive,420000476,SJF,0.1611886117431085,0.12446205964811234,0.1411317094864126,0.25,0.7798245614035088
12.0,1.0,10.166666666666666,12.972222222222221,1.0,3,2.6666666666666665,2.75,1.3524590163934427,interactive,420000477,Round Robin,0.11031183645252088,0.16596878176966118,0.09790000999786645,0.2737329306722689,0.7913961038961039
12.0,0.75,9,10.833333333333334,1.0,2.9166666666666665,2.7430555555555554,2.5833333333333335,1.3333333333333333,interactive,420000478,Round Robin,0.09640205091937763,0.14922643133878605,0.055059523809523794,0.2624307359307359,0.8094059405940595
12.0,1.0,9.666666666666666,16.72222222222222,1.0,3.4166666666666665,2.076388888888889,2.6666666666666665,1.4741379310344827,interactive,420000479,Round Robin,0.09689888444401076,0.08393501805054152,0.07454184376453284,0.28453185328185326,0.8095667870036101
12.0,0.8,10.166666666666666,5.638888888888889,1.0,3.4166666666666665,1.0763888888888888,2.8333333333333335,1.5573770491803278,interactive,420000480,Round Robin,0.12264336180426491,0.18971762658731373,0.09132770785396745,0.25,0.7814009661835749
12.0,0.9230769230769231,8,8.833333333333334,1.0,2.9166666666666665,2.076388888888889,2.3333333333333335,1.4791666666666667,interactive,420000481,FCFS,0.07912567417405209,0.08452751966837091,0.08110922007761828,0.2935779816513761,0.8537414965986394
12.0,0.8571428571428571,8.5,16.75,1.0,3.0833333333333335,2.4097222222222223,2,1.088235294117647,interactive,420000482,SJF,0.08519093260307317,0.06309904153354633,0.0814285714285714,0.3396043380938869,0.7843450479233227
12.0,1.3333333333333333,8.416666666666666,13.07638888888889,1.0,3,2.6666666666666665,2.25,1.4257425742574257,interactive,420000483,SJF,0.12538813895215284,0.10521235521235518,0.13336508924474155,0.2935136999509938,0.8127413127413128
12.0,0.9230769230769231,8.333333333333334,13.055555555555555,1.0,3.8333333333333335,1.3055555555555556,2.6666666666666665,1.75,interactive,420000484,FCFS,0.10432492010641323,0.12026489910472099,0.12538498551709784,0.3148798117755688,0.8061440677966101
12.0,1.0,9.583333333333334,6.743055555555555,1.0,3.6666666666666665,1.7222222222222223,2.75,1.4086956521739131,interactive,420000485,Round Robin,0.11117958249928513,0.12201029453817558,0.07461538461538463,0.26294090700870365,0.7908921933085502
12.0,1.2,8.916666666666666,13.57638888888889,1.0,3.0833333333333335,1.2430555555555556,2.6666666666666665,1.5794392523364487,interactive,420000486,Round Robin,0.13220095567713516,0.0945481638572405,0.05565693430656935,0.28129790495656615,0.7876602564102564
12.0,1.2,8,10.666666666666666,1.0,3.25,2.3541666666666665,2.3333333333333335,1.5,interactive,420000487,Round Robin,0.1349758816668903,0.09772398350673109,0.09486911232689413,0.28363384188626906,0.8066239316239316
12.0,0.75,9.416666666666666,9.909722222222221,1.0,2.9166666666666665,2.576388888888889,2.5,1.4336283185840708,interactive,420000488,SJF,0.12594479669187403,0.048489666136724965,0.1005188682976216,0.26732711732711734,0.8034825870646767
12.0,1.5,9.75,10.520833333333334,1.0,2.5,1.75,2.75,1.3076923076923077,interactive,420000489,SJF,0.09838817323619757,0.05553746321223525,0.0876795162509448,0.27482192963522556,0.7898936170212766
12.0,1.0,8.75,7.520833333333333,1.0,3.4166666666666665,1.0763888888888888,2.5833333333333335,1.5333333333333334,interactive,420000490,SJF,0.10941613890272539,0.014130434782608694,0.0830605564648118,0.2936751994680852,0.8119565217391305
12.0,0.8571428571428571,7.916666666666667,11.743055555555555,1.0,3,2.1666666666666665,1.8333333333333333,1.063157894736842,interactive,420000491,Round Robin,0.13388529094298893,0.12209302325581398,0.08597046413502107,0.28532762805680323,0.7813953488372093
12.0,1.0,8.916666666666666,6.743055555555555,1.0,3.1666666666666665,2.638888888888889,2.3333333333333335,1.439252336448598,interactive,420000492,SJF,0.10380017079419301,0.07930542166528265,0.09981838593678291,0.2768015170670038,0.7788135593220339
12.0,0.8,8.166666666666666,12.972222222222221,1.0,3.25,1.8541666666666667,2.6666666666666665,1.5612244897959184,interactive,420000493,SJF,0.13642169550032365,0.04523890477518948,0.11533173957028618,0.2721649484536082,0.7972636815920398
12.0,1.3333333333333333,9.666666666666666,7.222222222222222,1.0,2.9166666666666665,1.2430555555555556,3.0833333333333335,1.6637931034482758,interactive,420000494,Round Robin,0.149327303131651,0.1082852128520146,0.10298410227709962,0.28992671460176994,0.7798076923076923
12.0,1.0909090909090908,9.166666666666666,16.13888888888889,1.0,2.75,2.5208333333333335,2.3333333333333335,1.2363636363636363,interactive,420000495,SJF,0.15563274413838663,0.09689695155658022,0.09753879532842948,0.2677063027940221,0.789179104477612
12.0,0.6666666666666666,8.916666666666666,15.743055555555555,1.0,4,0.8333333333333334,2.6666666666666665,1.560747663551402,interactive,420000496,Round Robin,0.16969112928148122,0.1213768115942029,0.08835494665354252,0.31562337660700146,0.8351449275362319
12.0,0.7058823529411765,9.083333333333334,8.07638888888889,1.0,4.166666666666667,0.9722222222222222,2.6666666666666665,1.5596330275229358,interactive,420000497,Round Robin,0.15696518166308288,0.14307418960800347,0.0987158908507223,0.25463203463203465,0.8238993710691824
12.0,1.0,9.583333333333334,18.743055555555557,1.0,3.4166666666666665,1.7430555555555556,2.5833333333333335,1.2347826086956522,interactive,420000498,Round Robin,0.10803612192186246,0.07428415412967238,0.06466601317897495,0.3054370176825301,0.7969283276450512
12.0,0.9230769230769231,9.25,10.1875,1.0,3.5,2.25,3.0833333333333335,1.7117117117117118,interactive,420000499,SJF,0.09646628282018964,0.04299430795457789,0.07436318816762529,0.3007795393052944,0.8016014234875445
10.0,2.5,18.9,43.69,0.0,3.1,1.89,0.4,0.06349206349206349,batch,421000000,Round Robin,0.2769163358170355,0.23778098919379864,0.13966630785791173,0.2580538974719101,0.7633928571428572
10.0,2.0,19.1,78.89,0.0,3.5,1.25,0.4,0.08900523560209424,batch,421000001,Round Robin,0.2639188693845966,0.1935201401050788,0.12645348837209303,0.28168604651162793,0.7749562171628721
10.0,2.5,18.6,132.44,0.0,2.9,2.29,0.4,0.043010752688172046,batch,421000002,Round Robin,0.31345447293014367,0.20591121436596443,0.14636608344549124,0.2654777927321669,0.7530241935483871
10.0,2.5,23.1,41.69,0.0,2.4,1.24,0.8,0.11255411255411256,batch,421000003,Round Robin,0.2601501385267274,0.19441105769230768,0.1359784283513097,0.26852732825567743,0.7530048076923077
10.0,1.6666666666666667,20,52.6,0.0,3.7,2.01,0.4,0.075,batch,421000004,Round Robin,0.2553523544350717,0.22492937853107348,0.11430035879036389,0.2651204510507432,0.771186440677966
10.0,1.25,23.9,57.69,0.0,3.2,1.96,0.7,0.100418410041841,batch,421000005,Round Robin,0.16992464200584073,0.16424211091720325,0.11775289884046383,0.27472632513994294,0.7539021852237253
10.0,1.6666666666666667,18.8,73.56,0.0,3.2,1.56,0.4,0.0797872340425532,batch,421000006,Round Robin,0.26095076102966963,0.22690649282935918,0.12608426270136308,0.27191070128836176,0.7610062893081762
10.0,2.0,17.9,42.49,0.0,3,2,0.3,0.061452513966480445,batch,421000007,Round Robin,0.26930965934761003,0.21529547302792085,0.12941176470588234,0.2642083112407211,0.7596774193548388
10.0,1.4285714285714286,21.6,22.84,0.0,3,3.4,0.5,0.0787037037037037,batch,421000008,Round Robin,0.253406332269183,0.2452948557089084,0.12588373919874313,0.2653181461115475,0.7518820577164367
10.0,2.0,19.9,56.29,0.0,3.2,0.96,0.6,0.10552763819095477,batch,421000009,Round Robin,0.22528557555094772,0.1932299012693935,0.11385896180215474,0.27940232650258723,0.7556417489421721
10.0,1.1111111111111112,15.6,56.24,0.0,2.6,2.64,0.2,0.057692307692307696,batch,421000010,Round Robin,0.2545534886416319,0.19374999999999998,0.12795549374130738,0.27459878689537937,0.759375
10.0,5.0,21.7,37.01,0.0,3.7,2.21,0.5,0.08294930875576037,batch,421000011,Round Robin,0.22923737212948334,0.24628577320991288,0.12479201331114805,0.25,0.7686522262334536
10.0,2.0,18.9,41.29,0.0,2.7,1.21,0.5,0.10052910052910052,batch,421000012,Round Robin,0.25245890799168713,0.20671641791044776,0.12860759493670887,0.2608860759493671,0.7559701492537314
10.0,2.0,22.5,59.85,0.0,2.9,2.49,0.4,0.04,batch,421000013,Round Robin,0.2015625547561347,0.18936052921719956,0.1291768541157294,0.27363488182559087,0.7560639470782801
10.0,2.0,20.2,58.16,0.0,3,1.2,0.5,0.1188118811881188,batch,421000014,Round Robin,0.19456438999858455,0.17445582586427655,0.1237901171676006,0.2703769740193581,0.7647247119078104
10.0,1.6666666666666667,21.4,39.84,0.0,3.8,1.56,0.5,0.08411214953271028,batch,421000015,Round Robin,0.2610477058526269,0.25,0.1389491966999566,0.28713767752245506,0.7572655217965654
10.0,1.25,21.8,89.16,0.0,3,2,0.6,0.12385321100917432,batch,421000016,Round Robin,0.25599953401677544,0.21950943905254028,0.1290773532152842,0.25,0.7602848101265822
10.0,1.4285714285714286,21.7,109.81,0.0,2.7,1.61,0.6,0.10138248847926268,batch,421000017,Round Robin,0.24205859468639665,0.16099538303027836,0.12236590038314177,0.362787356321839,0.7515906680805938
10.0,5.0,18.4,41.44,0.0,3.7,1.61,0.3,0.07065217391304347,batch,421000018,Round Robin,0.20016164468243297,0.22886297376093298,0.12922636103151863,0.2712034383954155,0.7729591836734694
10.0,1.25,22.3,92.21,0.0,3.2,1.56,0.5,0.06726457399103139,batch,421000019,Round Robin,0.19242951348809373,0.15680309734513276,0.10917874396135266,0.2785024154589372,0.7549778761061947
10.0,2.0,20.2,16.56,0.0,2.5,1.25,0.2,0.024752475247524754,batch,421000020,Round Robin,0.21636833405986633,0.25,0.13154560810810811,0.24964354475443187,0.7567204301075269
10.0,1.6666666666666667,21.2,69.36,0.0,2.9,1.69,0.6,0.08962264150943396,batch,421000021,Round Robin,0.20613490049880048,0.19010589507146233,0.125366568914956,0.25,0.752808988764045
10.0,2.5,19.7,49.81,0.0,3.3,2.01,0.5,0.1065989847715736,batch,421000022,Round Robin,0.21325289575289574,0.1958857372223709,0.12259740259740261,0.28584415584415584,0.7665540540540541
10.0,2.0,17.9,47.89,0.0,3.6,1.44,0.4,0.0670391061452514,batch,421000023,Round Robin,0.1727678345079349,0.16046831955922863,0.11907417735638595,0.3035240214911155,0.7630853994490359
10.0,3.3333333333333335,25,80.4,0.0,3.7,1.81,0.6,0.104,batch,421000024,Round Robin,0.25245610945609476,0.2216867469879518,0.13357693869265125,0.26583434835566383,0.7683734939759036
10.0,3.3333333333333335,16.1,61.29,0.0,3.1,1.69,0.3,0.07453416149068323,batch,421000025,Round Robin,0.22659359761373932,0.18339416058394162,0.12308228730822875,0.2740585774058577,0.7541058394160585
10.0,1.6666666666666667,23.7,78.41,0.0,3.5,1.65,0.6,0.08860759493670886,batch,421000026,Round Robin,0.22183161808856766,0.19040862656072646,0.12324253075571176,0.2921792618629174,0.7590805902383655
10.0,1.6666666666666667,23.9,45.89,0.0,2.3,2.61,0.6,0.10460251046025104,batch,421000027,Round Robin,0.22500209079215136,0.23577929465301478,0.12971606378840916,0.27411513029949436,0.7554038680318544
10.0,2.0,22.1,92.69,0.0,2.7,1.81,0.5,0.049773755656108594,batch,421000028,Round Robin,0.1714823816779124,0.16666666666666669,0.11662011173184356,0.31098696461824954,0.7543290043290043
10.0,1.6666666666666667,20.3,22.81,0.0,2.8,0.96,0.4,0.07881773399014778,batch,421000029,Round Robin,0.20743854880708318,0.24361917179063575,0.1320188598371196,0.26135876553793397,0.7583979328165374
10.0,2.5,24.3,56.81,0.0,3.4,2.24,0.8,0.11934156378600823,batch,421000030,Round Robin,0.21600713662325036,0.2030885780885781,0.13230647709320698,0.2798183254344392,0.7590326340326341
10.0,2.0,21.3,56.61,0.0,3.2,2.16,0.5,0.08450704225352113,batch,421000031,Round Robin,0.2818942673765847,0.22612577391460076,0.13837050523441058,0.28117888029130633,0.7603359173126615
10.0,2.0,15.8,50.76,0.0,2.6,2.44,0.3,0.08860759493670886,batch,421000032,Round Robin,0.2962753737807404,0.18762475049900199,0.14500349406009783,0.2636268343815513,0.7564870259481038
10.0,1.4285714285714286,20.9,64.49,0.0,2.8,2.36,0.5,0.09090909090909091,batch,421000033,Round Robin,0.2452298062669266,0.21683301049498235,0.12669990933816863,0.28377153218495016,0.7548015364916774
10.0,2.5,20.7,121.61,0.0,2.6,3.24,0.4,0.057971014492753624,batch,421000034,Round Robin,0.3081761298516247,0.18492647058823528,0.14112690889942076,0.28475513428120064,0.7558823529411764
10.0,2.5,16.7,17.61,0.0,3.6,1.24,0.1,0.011976047904191617,batch,421000035,Round Robin,0.24082259547331708,0.20323741007194243,0.1468052738336714,0.2829614604462475,0.7640287769784173
10.0,1.25,27.2,83.56,0.0,2.9,2.49,0.8,0.10294117647058823,batch,421000036,Round Robin,0.20315061288266573,0.17559188275084558,0.11439312567132119,0.2636054421768707,0.7590191657271703
10.0,1.4285714285714286,18.5,68.85,0.0,2.7,1.41,0.4,0.07027027027027027,batch,421000037,Round Robin,0.24215809675730915,0.17073976221928666,0.12175707547169812,0.3013381676727598,0.7546235138705416
10.0,2.0,15.2,24.76,0.0,2.7,1.61,0.2,0.046052631578947366,batch,421000038,Round Robin,0.17923988495116525,0.194672131147541,0.12182269063856167,0.27882827030378177,0.7549180327868852
10.0,2.0,23.2,52.16,0.0,2.6,1.64,0.6,0.07758620689655173,batch,421000039,Round Robin,0.1974215550294557,0.2392190194998155,0.12318238471125878,0.25652673950546295,0.751787842669845
10.0,1.25,21.6,75.04,0.0,2.6,1.84,0.5,0.06944444444444445,batch,421000040,Round Robin,0.23906562904225093,0.2164750957854406,0.13169949610627577,0.2774851122308749,0.7538314176245211
10.0,1.6666666666666667,14.8,54.16,0.0,3.2,1.96,0.3,0.07432432432432433,batch,421000041,Round Robin,0.28182465200192,0.17913832199546487,0.1346309813463098,0.2613544201135442,0.7715419501133787
10.0,2.0,20.3,59.81,0.0,2.5,1.25,0.5,0.08374384236453201,batch,421000042,Round Robin,0.23751272880219598,0.25,0.12432165762210164,0.24864726828836348,0.7556089743589743
10.0,2.0,20.3,78.21,0.0,2.9,2.09,0.4,0.07389162561576355,batch,421000043,Round Robin,0.2185873720557405,0.19270679183623135,0.10738068812430632,0.25,0.75625
10.0,1.25,21.1,48.49,0.0,2.4,2.04,0.5,0.07109004739336493,batch,421000044,Round Robin,0.19819974478425445,0.21513819095477388,0.11728950923007651,0.2763189490532192,0.7547110552763818
10.0,1.4285714285714286,18.2,45.76,0.0,3.2,2.76,0.4,0.09340659340659341,batch,421000045,Round Robin,0.25348829073548174,0.20923076923076925,0.14232209737827714,0.2810326377742108,0.7638461538461538
10.0,2.0,22.8,47.16,0.0,3.2,2.16,0.6,0.08771929824561403,batch,421000046,Round Robin,0.18842054825458251,0.2162887828162291,0.11636828644501279,0.2542625745950554,0.7622315035799523
10.0,5.0,23,69.6,0.0,2.7,1.61,0.5,0.09565217391304348,batch,421000047,Round Robin,0.2608751608751608,0.24109571756630585,0.1254826254826255,0.25,0.753921568627451
10.0,2.0,19.9,64.09,0.0,2.3,1.41,0.6,0.11055276381909548,batch,421000048,Round Robin,0.2471472703538907,0.21756329113924053,0.11799702528507684,0.2762198836238731,0.7543512658227849
10.0,2.0,23.7,102.01,0.0,2.8,1.56,0.5,0.08860759493670886,batch,421000049,Round Robin,0.25261243386243387,0.22916666666666669,0.12790178571428573,0.2502232142857143,0.7569444444444444
10.0,1.6666666666666667,20.9,64.29,0.0,3.4,1.64,0.5,0.06220095693779904,batch,421000050,Round Robin,0.1586930559440249,0.1697566628041715,0.11470306513409964,0.2951925410709697,0.7630359212050986
10.0,5.0,20.7,48.01,0.0,2.8,2.16,0.5,0.0821256038647343,batch,421000051,Round Robin,0.23016357998087245,0.21458965800526647,0.12655693950177938,0.2964857651245552,0.7546136101499423
10.0,2.0,23.9,51.49,0.0,3.9,1.29,0.7,0.08786610878661087,batch,421000052,Round Robin,0.17594516991178788,0.20748116254036594,0.10799522673031026,0.2551710421638823,0.7653390742734123
10.0,1.4285714285714286,19.8,43.76,0.0,2.8,1.76,0.4,0.08080808080808081,batch,421000053,Round Robin,0.22739344699350086,0.24061619172915424,0.12475822050290136,0.26861702127659576,0.7542194092827004
10.0,2.0,19.5,26.45,0.0,3.1,1.69,0.5,0.08717948717948718,batch,421000054,Round Robin,0.2608177969551413,0.2552248977737392,0.14107223989095866,0.24458092485549132,0.7593930635838151
10.0,1.1111111111111112,21.1,83.69,0.0,2.8,1.76,0.5,0.08056872037914692,batch,421000055,Round Robin,0.2144077938737837,0.16531595953175485,0.12924345295829295,0.29582929194956353,0.7528801843317972
10.0,1.6666666666666667,16.9,52.09,0.0,2.6,1.44,0.5,0.10059171597633136,batch,421000056,Round Robin,0.21510449157829073,0.19685374149659865,0.13287585776668742,0.2871871430115795,0.7602040816326531
10.0,1.6666666666666667,19.3,35.21,0.0,2.9,2.09,0.6,0.10362694300518134,batch,421000057,Round Robin,0.22582286486542008,0.22655068078668683,0.12342386032977691,0.284917555771096,0.75
10.0,3.3333333333333335,18.4,53.44,0.0,3.1,1.29,0.2,0.043478260869565216,batch,421000058,Round Robin,0.22219029474744936,0.18075980392156865,0.13597430406852248,0.3011241970021413,0.7610294117647058
10.0,2.0,17.4,53.04,0.0,3,3.2,0.5,0.12643678160919541,batch,421000059,Round Robin,0.23154667094983783,0.21108058608058608,0.12241169305724725,0.27710109622411694,0.7641941391941391
10.0,2.0,23.1,48.09,0.0,3,2,0.7,0.13852813852813853,batch,421000060,Round Robin,0.22892016774960977,0.21275327771156138,0.12524930195452733,0.2762404459526329,0.7541716328963051
10.0,2.5,22.2,31.16,0.0,3.3,1.61,0.5,0.0945945945945946,batch,421000061,Round Robin,0.20436161495584262,0.22105390941922692,0.12256325176275404,0.2568910256410256,0.7551829268292682
10.0,2.0,21.3,66.21,0.0,2.7,1.01,0.6,0.09389671361502347,batch,421000062,Round Robin,0.22865263667150462,0.21147798742138366,0.11635220125786164,0.2754996214657894,0.7555031446540881
10.0,1.25,28.8,58.96,0.0,2.6,1.44,0.8,0.08680555555555555,batch,421000063,Round Robin,0.21200187970478446,0.1805199171539703,0.12668126368470442,0.25,0.756120527306968
10.0,1.4285714285714286,21.4,51.44,0.0,2.6,2.64,0.5,0.08878504672897196,batch,421000064,Round Robin,0.23352227126805777,0.1846301020408163,0.12719101123595505,0.26685393258426965,0.7576530612244898
10.0,2.5,19,89.8,0.0,2.8,1.96,0.4,0.06842105263157895,batch,421000065,Round Robin,0.273863929396792,0.20133111480865226,0.12511704613308988,0.2621217254706669,0.75
10.0,1.4285714285714286,26.5,95.05,0.0,2.8,1.56,0.8,0.10943396226415095,batch,421000066,Round Robin,0.21711932940709608,0.1669838249286394,0.11889675736116287,0.2885762206485278,0.7566603235014272
10.0,1.4285714285714286,22,76.2,0.0,2.6,1.84,0.6,0.11818181818181818,batch,421000067,Round Robin,0.23204526026904215,0.20548387096774193,0.12552301255230128,0.2792887029288703,0.7580645161290323
10.0,2.5,22.5,106.05,0.0,2.7,1.81,0.6,0.08444444444444445,batch,421000068,Round Robin,0.26253815268340536,0.24519230769230768,0.11620217288615964,0.28566367501180917,0.75
10.0,3.3333333333333335,20,79.2,0.0,3.2,1.76,0.5,0.07,batch,421000069,Round Robin,0.19525541376064712,0.16259469931987616,0.13114754098360656,0.31451612903225806,0.7584905660377359
10.0,1.4285714285714286,19,42,0.0,3.6,1.44,0.4,0.08421052631578947,batch,421000070,Round Robin,0.19010228398532683,0.20763137844831156,0.1171669299631385,0.25,0.7673343605546996
10.0,2.0,24,65,0.0,2.8,2.36,0.6,0.10416666666666667,batch,421000071,Round Robin,0.20060338998925814,0.14962476547842402,0.11895475819032761,0.3164976599063963,0.7532833020637899
10.0,2.0,27.6,67.24,0.0,3.7,1.81,0.7,0.09057971014492754,batch,421000072,Round Robin,0.182352069329288,0.16944444444444443,0.11135668140088406,0.26700102006120363,0.7608974358974359
10.0,1.4285714285714286,24.1,52.49,0.0,2.6,2.44,0.7,0.0995850622406639,batch,421000073,Round Robin,0.22566184579928417,0.2196831423714208,0.139341228719467,0.2990377498149519,0.7511135857461024
10.0,1.6666666666666667,20.3,72.81,0.0,3,2.2,0.3,0.04926108374384237,batch,421000074,Round Robin,0.2563012084529082,0.2482806052269601,0.11747776033490322,0.250261643118786,0.7582530949105915
10.0,2.5,20.2,61.96,0.0,3.3,2.21,0.4,0.08415841584158416,batch,421000075,Round Robin,0.22222247855484648,0.20110821382007824,0.12563195146612743,0.26011122345803844,0.7617340286831813
10.0,1.6666666666666667,20.4,121.44,0.0,3,1,0.4,0.0784313725490196,batch,421000076,Round Robin,0.2547191352276098,0.1652542372881356,0.13518518518518519,0.37037037037037035,0.7558670143415906
10.0,1.6666666666666667,20.6,52.64,0.0,3.3,2.41,0.4,0.07281553398058252,batch,421000077,Round Robin,0.16645877716092894,0.19195922989807473,0.11351981351981355,0.2720802637109798,0.7607587768969423
10.0,1.4285714285714286,16.3,40.41,0.0,2.9,1.69,0.2,0.03680981595092025,batch,421000078,Round Robin,0.3052646887725422,0.22767857142857142,0.14252472367655616,0.2355475567190227,0.7569444444444444
10.0,2.5,18.8,81.36,0.0,2.7,1.41,0.5,0.0851063829787234,batch,421000079,Round Robin,0.26402290235041803,0.19869402985074627,0.13020527859237535,0.26378299120234605,0.759794776119403
10.0,1.6666666666666667,18.8,83.36,0.0,3,1.8,0.4,0.09574468085106383,batch,421000080,Round Robin,0.21136153596221807,0.15897269180754228,0.14122355631789596,0.3377644368210406,0.7607282184655397
10.0,5.0,19.3,43.01,0.0,2.7,1.81,0.4,0.06735751295336788,batch,421000081,Round Robin,0.26919023083686033,0.22163865546218486,0.1347931873479319,0.2733576642335766,0.75
10.0,1.6666666666666667,23.9,113.09,0.0,2.3,2.61,0.6,0.11297071129707113,batch,421000082,Round Robin,0.2070609953858161,0.21103117505995203,0.12436762225969648,0.2875210792580101,0.7535971223021583
10.0,1.25,22.3,52.61,0.0,3.2,1.96,0.7,0.10762331838565023,batch,421000083,Round Robin,0.2513810902929645,0.2217687074829932,0.1303268514687629,0.26658226249476435,0.7561224489795919
10.0,1.6666666666666667,20.9,108.49,0.0,2.9,1.69,0.3,0.03827751196172249,batch,421000084,Round Robin,0.2507921282629833,0.15169133192389003,0.13010863942058976,0.3242369374030005,0.7542283298097252
10.0,2.5,20.6,50.44,0.0,2.2,1.36,0.6,0.10194174757281553,batch,421000085,Round Robin,0.17069538609693782,0.16138176339476407,0.11330409356725146,0.25,0.7539840637450199
10.0,1.25,23.2,49.16,0.0,2.7,1.41,0.6,0.09913793103448276,batch,421000086,Round Robin,0.17039818570509466,0.18678710938545418,0.1113161131611316,0.25,0.7571801566579635
10.0,2.0,20.1,59.89,0.0,2.6,1.24,0.4,0.06467661691542288,batch,421000087,Round Robin,0.2480185688405797,0.22934782608695653,0.1299479166666667,0.27184735430261553,0.7576086956521739
10.0,2.0,23.4,76.04,0.0,2.9,2.29,0.8,0.1452991452991453,batch,421000088,Round Robin,0.2269786811592131,0.1971021678719521,0.1257005604483587,0.3199656372188582,0.7561383928571428
10.0,3.3333333333333335,16.5,43.65,0.0,3.2,1.16,0.2,0.024242424242424242,batch,421000089,Round Robin,0.26325440165709446,0.21754385964912284,0.13446630888491354,0.2679153321264448,0.762280701754386
10.0,1.4285714285714286,21.3,122.21,0.0,2.7,1.21,0.5,0.09859154929577464,batch,421000090,Round Robin,0.23513445465509172,0.16047503045066994,0.1324617661568821,0.3217809570794277,0.7506090133982948
10.0,2.5,20.1,20.89,0.0,3.3,0.81,0.5,0.07960199004975124,batch,421000091,Round Robin,0.20368753720314456,0.2627978817299206,0.12444836716681376,0.24818313953488372,0.7601744186046512
10.0,2.0,18.2,70.96,0.0,3,1.6,0.4,0.08791208791208792,batch,421000092,Round Robin,0.2448384787011836,0.20970356315773553,0.12324355971896955,0.2762009517823471,0.7563344594594594
10.0,2.0,28.6,37.24,0.0,2.6,0.64,0.8,0.10139860139860139,batch,421000093,Round Robin,0.21948714705866262,0.23301698301698304,0.11640292148508824,0.26430310407790625,0.752997002997003
10.0,2.0,18.3,56.61,0.0,4.1,1.29,0.4,0.0546448087431694,batch,421000094,Round Robin,0.2250360174136365,0.1924011639420475,0.13879310344827586,0.32155172413793104,0.7752043596730245
10.0,2.5,17.9,58.09,0.0,3.1,2.29,0.4,0.09497206703910614,batch,421000095,Round Robin,0.19614260772569658,0.1673913043478261,0.11572783045175684,0.27732849972113777,0.7557971014492754
10.0,1.6666666666666667,20.5,72.85,0.0,3,2,0.5,0.11219512195121951,batch,421000096,Round Robin,0.1418563458856346,0.14333333333333334,0.10277196652719665,0.2618615959887716,0.7523333333333333
10.0,3.3333333333333335,22.3,47.81,0.0,2.9,1.29,0.6,0.09865470852017937,batch,421000097,Round Robin,0.18527477392019226,0.23556998556998557,0.11465250110668436,0.25354138999557324,0.759018759018759
10.0,2.5,24.5,71.65,0.0,3.4,1.44,0.7,0.08571428571428572,batch,421000098,Round Robin,0.19979470081602377,0.17984761041136293,0.12494776431257838,0.26002925198495613,0.7604951560818084
10.0,1.25,22.1,52.09,0.0,2.9,2.09,0.6,0.08144796380090498,batch,421000099,Round Robin,0.22556336559760418,0.26690595413295937,0.1249443207126949,0.2546475684618399,0.7594979647218454
10.0,1.6666666666666667,20.9,42.09,0.0,2.7,0.61,0.7,0.11004784688995216,batch,421000100,Round Robin,0.21698338044868964,0.21334310850439886,0.1145880234128771,0.26035569563259797,0.7529325513196481
10.0,2.0,21.3,47.61,0.0,2.7,0.81,0.6,0.09389671361502347,batch,421000101,Round Robin,0.27489183104260406,0.21136539950850933,0.137241985068072,0.3035334481593846,0.7571599045346062
10.0,2.5,21.3,54.01,0.0,3.2,1.16,0.5,0.08450704225352113,batch,421000102,Round Robin,0.18563053137523156,0.20165562913907287,0.11723034734917734,0.25959780621572215,0.7572847682119206
10.0,1.4285714285714286,19.8,59.36,0.0,2.4,1.64,0.4,0.0707070707070707,batch,421000103,Round Robin,0.2511929654727331,0.19799999999999998,0.12657308809293322,0.28624689569379824,0.754
10.0,2.5,20.8,45.36,0.0,2.7,2.41,0.7,0.1346153846153846,batch,421000104,Round Robin,0.19055574055574054,0.1617063492063492,0.12261072261072259,0.2721445221445221,0.7546296296296297
10.0,5.0,25.2,81.36,0.0,2.8,1.96,0.6,0.07936507936507936,batch,421000105,Round Robin,0.17132269883448822,0.16355599214145383,0.1058484349258649,0.25638385502471167,0.7539292730844793
10.0,1.25,18.5,53.45,0.0,2.9,1.69,0.3,0.05405405405405406,batch,421000106,Round Robin,0.21637442117823594,0.18974175035868007,0.11317469529889727,0.2639291932675566,0.7535868005738882
10.0,1.6666666666666667,23,69.6,0.0,3.6,1.24,0.7,0.1,batch,421000107,Round Robin,0.17808858812011144,0.16567869323377835,0.11667401852668725,0.25,0.7594512195121952
10.0,2.5,21.8,66.36,0.0,2.7,1.21,0.6,0.11009174311926606,batch,421000108,Round Robin,0.1802666939839271,0.16597970143716373,0.10407876230661042,0.2600796999531177,0.754265091863517
10.0,2.5,17.8,32.76,0.0,3.3,2.41,0.4,0.0898876404494382,batch,421000109,Round Robin,0.21833795441894605,0.22933549432739056,0.13190682556879738,0.2559588299024919,0.7601296596434359
10.0,2.0,25.8,68.16,0.0,3.3,1.41,0.8,0.12403100775193798,batch,421000110,Round Robin,0.18782025880201123,0.14921722113502933,0.11050245561012464,0.2989233094068757,0.7602739726027397
10.0,3.3333333333333335,17.7,74.41,0.0,2.8,1.56,0.3,0.04519774011299435,batch,421000111,Round Robin,0.1980879916153851,0.15006821282401092,0.12538320049049664,0.30793991416309013,0.7513642564802183
10.0,1.25,19.1,55.69,0.0,2.6,1.44,0.4,0.08900523560209424,batch,421000112,Round Robin,0.21577933109632919,0.19399460188933867,0.13491649269311065,0.3005056983683696,0.7574224021592443
10.0,2.0,23.3,71.21,0.0,2.5,1.65,0.8,0.13304721030042918,batch,421000113,Round Robin,0.22637281448745422,0.20635430038510913,0.12033377250768555,0.2761308739569609,0.753209242618742
10.0,5.0,20.5,64.05,0.0,2.8,2.16,0.4,0.06829268292682927,batch,421000114,Round Robin,0.23649930986887507,0.20341614906832298,0.12356321839080459,0.2818486590038314,0.7562111801242236
10.0,1.6666666666666667,17.6,82.84,0.0,3.2,0.76,0.2,0.03977272727272727,batch,421000115,Round Robin,0.3051601423487544,0.20094664371772802,0.16414947131174062,0.2931779767146987,0.7633390705679862
10.0,2.0,19.5,71.85,0.0,3.6,1.64,0.3,0.035897435897435895,batch,421000116,Round Robin,0.270408567467391,0.23959341312282492,0.1299719887955182,0.25,0.7634680134680134
10.0,1.6666666666666667,18,59,0.0,3.4,2.24,0.4,0.07777777777777778,batch,421000117,Round Robin,0.23440016038205294,0.17173051519154556,0.1281842818428184,0.3207317073170732,0.7612285336856011
10.0,1.6666666666666667,24.5,54.85,0.0,3.1,1.09,0.7,0.11836734693877551,batch,421000118,Round Robin,0.23149433699181718,0.24466750313676286,0.11582478295185475,0.2602604577742699,0.7531367628607277
10.0,2.5,23.1,42.49,0.0,2.6,1.84,0.7,0.10822510822510822,batch,421000119,Round Robin,0.20008588012319353,0.21681913015567322,0.12354892205638474,0.2544515420700668,0.7543202764976958
10.0,1.6666666666666667,24.4,46.04,0.0,3,2.4,0.7,0.0942622950819672,batch,421000120,Round Robin,0.2053054948651068,0.17842430484037075,0.11351246105919002,0.2517523364485981,0.754119464469619
10.0,1.6666666666666667,25.5,40.05,0.0,2.8,1.16,0.7,0.10980392156862745,batch,421000121,Round Robin,0.218149382673323,0.25083525121345573,0.12007804185881518,0.25,0.7515243902439024
10.0,1.6666666666666667,22.6,57.84,0.0,3,1.2,0.5,0.06637168141592921,batch,421000122,Round Robin,0.20127466899420532,0.22556894243641232,0.10492740871095471,0.26891772987241536,0.7580321285140562
10.0,2.0,23.4,109.24,0.0,3.2,1.96,0.6,0.08547008547008547,batch,421000123,Round Robin,0.22026704095587704,0.16757575757575757,0.12327790973871731,0.27516000697473625,0.7560606060606061
10.0,2.0,27.2,67.36,0.0,2.9,1.29,0.7,0.10661764705882353,batch,421000124,Round Robin,0.20550892236508483,0.20302510409489516,0.11542515811665494,0.25,0.754343105320304
10.0,2.0,21.1,50.49,0.0,3.3,1.81,0.6,0.11848341232227488,batch,421000125,Round Robin,0.24416388983988294,0.23335745296671492,0.12441093308199812,0.2563619227144204,0.76410998552822
10.0,1.6666666666666667,21.3,63.61,0.0,3.5,2.05,0.4,0.08450704225352113,batch,421000126,Round Robin,0.2687520807520567,0.22595406891195557,0.13929684023141967,0.2740320427236315,0.7577120822622108
10.0,2.5,18.4,76.04,0.0,3.4,1.84,0.3,0.043478260869565216,batch,421000127,Round Robin,0.19499636842993215,0.16998714652956298,0.12347052280311457,0.3039488320355951,0.7651028277634961
10.0,1.6666666666666667,22.8,18.16,0.0,2.2,1.36,0.8,0.11403508771929824,batch,421000128,Round Robin,0.22234337519723457,0.22732919254658385,0.12334801762114539,0.269273127753304,0.7506211180124224
10.0,2.0,19.3,76.61,0.0,2.7,1.61,0.5,0.09844559585492228,batch,421000129,Round Robin,0.2868013234301599,0.17243975903614456,0.13283416528008876,0.28436112556328863,0.7552710843373494
10.0,1.4285714285714286,21.3,65.81,0.0,2.9,2.09,0.5,0.07042253521126761,batch,421000130,Round Robin,0.20404582705371985,0.18556085918854412,0.10724568138195775,0.27903071017274467,0.7547732696897375
10.0,2.0,23.7,68.41,0.0,3.4,1.84,0.7,0.10548523206751055,batch,421000131,Round Robin,0.2026084850451939,0.1775166788127618,0.12121212121212119,0.28205128205128205,0.7623945147679325
10.0,1.6666666666666667,15.3,42.61,0.0,3,1.8,0.2,0.05228758169934641,batch,421000132,Round Robin,0.22434228140538856,0.20570264765784113,0.12884238064094178,0.2647155003270111,0.7561099796334012
10.0,2.5,19.9,61.29,0.0,2.8,2.16,0.5,0.09045226130653267,batch,421000133,Round Robin,0.2961685329763479,0.20511049723756908,0.14225422045680236,0.27904667328699106,0.7572513812154695
10.0,2.5,21.6,72.64,0.0,3,1.8,0.5,0.10648148148148148,batch,421000134,Round Robin,0.20638686209781007,0.171455938697318,0.11653051417587697,0.2762733825520947,0.7544699872286079
10.0,2.0,16.4,37.44,0.0,3.6,1.24,0.2,0.03048780487804878,batch,421000135,Round Robin,0.2749004773358692,0.2617753243858095,0.1577970297029703,0.2475700373316804,0.78060263653484
10.0,3.3333333333333335,22.5,51.45,0.0,2.6,1.04,0.4,0.057777777777777775,batch,421000136,Round Robin,0.19127747252747254,0.219748789346247,0.1059322033898305,0.25084745762711863,0.7541208791208791
10.0,3.3333333333333335,21.2,36.56,0.0,2.9,2.69,0.5,0.08490566037735849,batch,421000137,Round Robin,0.29394477317554235,0.22515151515151513,0.13630600169061707,0.2696534234995774,0.7572727272727273
10.0,1.25,25.4,66.44,0.0,2.8,1.76,0.6,0.07480314960629922,batch,421000138,Round Robin,0.17695410217650126,0.1940677966101695,0.09707971586424624,0.25059194948697705,0.7511299435028249
10.0,1.6666666666666667,19.5,78.45,0.0,3.1,2.09,0.4,0.05128205128205128,batch,421000139,Round Robin,0.1914810746895638,0.14700255102040818,0.11147458480120785,0.3144187216909914,0.7554209183673469
10.0,2.0,17.3,25.01,0.0,3.4,2.44,0.5,0.08092485549132948,batch,421000140,Round Robin,0.18593967575094486,0.21513470118502936,0.12007658643326038,0.25,0.7662337662337662
10.0,5.0,22.6,86.64,0.0,2.3,2.61,0.6,0.084070796460177,batch,421000141,Round Robin,0.22212364455710468,0.1873261470846152,0.13442265795206973,0.2815904139433551,0.7512674271229405
10.0,1.4285714285714286,19.2,43.36,0.0,2.8,1.36,0.6,0.125,batch,421000142,Round Robin,0.2830453042426236,0.2454009635795268,0.1337237676915569,0.27764370168128094,0.7558502340093604
10.0,2.5,19.6,68.44,0.0,3.6,2.64,0.4,0.07142857142857142,batch,421000143,Round Robin,0.2199368455546122,0.21086956521739128,0.12230215827338127,0.2749229188078109,0.7684782608695653
10.0,3.3333333333333335,20.4,50.84,0.0,3.1,2.49,0.5,0.06862745098039216,batch,421000144,Round Robin,0.18574601274481567,0.19153225806451613,0.09375,0.26809835789964864,0.7586405529953917
10.0,1.4285714285714286,19.9,58.09,0.0,2.8,2.76,0.4,0.08040201005025126,batch,421000145,Round Robin,0.2042246770705477,0.2008535468661718,0.10967911625460287,0.25,0.7581481481481481
10.0,1.25,20.3,62.01,0.0,3,3,0.4,0.09359605911330049,batch,421000146,Round Robin,0.17451952872178011,0.20207774798927614,0.11173757047667862,0.27300615344453844,0.7553619302949062
10.0,1.6666666666666667,22.6,73.84,0.0,2.4,1.84,0.6,0.09292035398230089,batch,421000147,Round Robin,0.20462872411392688,0.16383062172540155,0.1061243571762506,0.26109936575052856,0.7554980595084089
10.0,1.6666666666666667,24.5,55.45,0.0,3.1,1.69,0.7,0.10612244897959183,batch,421000148,Round Robin,0.21803243599427125,0.2238399627048822,0.12475822050290136,0.25,0.7563731170336037
10.0,1.25,22.1,74.89,0.0,3.8,1.76,0.6,0.1085972850678733,batch,421000149,Round Robin,0.23840863917547173,0.20688456189151597,0.12080223880597019,0.2884794776119403,0.7673852573018081
10.0,2.0,26.4,24.44,0.0,3.1,1.69,0.9,0.09848484848484848,batch,421000150,Round Robin,0.21507763089305126,0.20682747443185745,0.1300065659881812,0.25579920260964123,0.7523419203747073
10.0,1.4285714285714286,22.1,62.49,0.0,1.7,1.61,0.8,0.11312217194570136,batch,421000151,Round Robin,0.23515851842032098,0.1901691942260378,0.12247962247962246,0.3225010725010725,0.7542918454935622
10.0,2.5,21.3,51.41,0.0,2.9,1.49,0.7,0.10328638497652583,batch,421000152,Round Robin,0.21189309878213802,0.20733333333333334,0.12291384754172306,0.259021199819576,0.7576666666666667
10.0,2.5,21.4,59.84,0.0,2.8,1.76,0.4,0.07009345794392523,batch,421000153,Round Robin,0.1803058056999099,0.22453416149068325,0.1251339765754747,0.26353243117125524,0.75
10.0,1.6666666666666667,22.4,93.84,0.0,3.5,1.85,0.5,0.08482142857142858,batch,421000154,Round Robin,0.25990354049805386,0.2386440924990284,0.1273471352912855,0.25,0.7643072289156627
10.0,2.0,24.6,28.44,0.0,3.2,1.76,0.7,0.09349593495934959,batch,421000155,Round Robin,0.22324748973212633,0.251681601488246,0.13722680042995344,0.25,0.7592364532019704
10.0,2.0,24.8,48.36,0.0,2.5,1.45,0.9,0.11290322580645161,batch,421000156,Round Robin,0.1991461999860933,0.16829896907216493,0.12371317003904866,0.2920589843790614,0.7536082474226804
10.0,2.5,22.7,80.21,0.0,3.4,2.24,0.6,0.07929515418502203,batch,421000157,Round Robin,0.29851739503383745,0.23933796963303614,0.1478029294274301,0.277075011096316,0.7622893258426966
10.0,2.0,19.7,116.81,0.0,3.3,1.61,0.4,0.07106598984771574,batch,421000158,Round Robin,0.12599917114910214,0.1104898828541001,0.10652424942263282,0.351905311778291,0.7601171458998934
10.0,2.0,22,66.8,0.0,3.8,1.16,0.6,0.09545454545454546,batch,421000159,Round Robin,0.2696701107730542,0.2294844555273839,0.1520317608594115,0.25,0.7745327102803738
10.0,3.3333333333333335,19.4,77.64,0.0,2.4,1.04,0.4,0.07731958762886598,batch,421000160,Round Robin,0.22367689259754378,0.17305236270753513,0.12480084970791291,0.2980616038236856,0.7544699872286079
10.0,3.3333333333333335,23.6,57.24,0.0,3.1,1.29,0.7,0.09322033898305085,batch,421000161,Round Robin,0.2104801122666994,0.18972746331236898,0.12554802710243124,0.28453118164176106,0.7573375262054507
10.0,2.5,25.7,58.41,0.0,2.8,2.16,0.6,0.08560311284046693,batch,421000162,Round Robin,0.2231210395443972,0.23828106200368973,0.12335766423357664,0.25,0.7527472527472527
10.0,1.6666666666666667,24.5,92.45,0.0,3.3,1.61,0.5,0.06938775510204082,batch,421000163,Round Robin,0.21214323496352455,0.19936305732484075,0.10942906574394465,0.2681115540845494,0.7582802547770701
10.0,1.4285714285714286,20.8,64.96,0.0,2.5,1.65,0.4,0.08653846153846154,batch,421000164,Round Robin,0.24041331436452976,0.22419571045576406,0.11108386463952923,0.2612800392349191,0.7580428954423593
10.0,1.6666666666666667,19.3,39.61,0.0,3.3,2.21,0.5,0.08290155440414508,batch,421000165,Round Robin,0.2274799523585067,0.21454154727793698,0.11883757135443695,0.25908147379346136,0.7625358166189111
10.0,2.5,19.8,81.36,0.0,2.2,1.36,0.4,0.06565656565656566,batch,421000166,Round Robin,0.2757371384965413,0.2231235029358356,0.11903470715835139,0.25,0.752442996742671
10.0,1.6666666666666667,22.1,71.89,0.0,2.9,1.89,0.5,0.08597285067873303,batch,421000167,Round Robin,0.2529132346379638,0.1906024162397611,0.12640936686903725,0.2829575021682567,0.7624277456647399
10.0,1.6666666666666667,16.5,32.45,0.0,3.1,1.69,0.3,0.07272727272727272,batch,421000168,Round Robin,0.2159715652805769,0.22091062394603708,0.1325828642901814,0.2678236397748593,0.7634907251264755
10.0,2.5,24,90.4,0.0,2.7,2.21,0.7,0.11666666666666667,batch,421000169,Round Robin,0.18729451714396034,0.15723094170403587,0.12574595055413468,0.2839499980287289,0.7533632286995515
10.0,2.0,22.2,50.96,0.0,2.6,2.84,0.6,0.1036036036036036,batch,421000170,Round Robin,0.20414968193145214,0.17920970509931006,0.1136651202024462,0.25,0.7581555834378921
10.0,1.6666666666666667,14.6,26.04,0.0,2.5,2.25,0.1,0.02054794520547945,batch,421000171,Round Robin,0.251537897622235,0.20395869191049915,0.13062169312169314,0.28273809523809523,0.7564543889845095
10.0,2.5,19,40.4,0.0,2.8,0.96,0.3,0.06842105263157895,batch,421000172,Round Robin,0.23541871921182267,0.216411670245045,0.13522167487684728,0.2692118226600985,0.7607142857142857
10.0,1.6666666666666667,22.3,64.41,0.0,2.3,2.01,0.5,0.07174887892376682,batch,421000173,Round Robin,0.192027027027027,0.21261003297818362,0.11797511797511799,0.2916130416130416,0.753125
10.0,1.4285714285714286,19.3,30.01,0.0,3.2,2.36,0.5,0.09844559585492228,batch,421000174,Round Robin,0.21272020368841177,0.21567919075144507,0.1264880952380952,0.2542162698412698,0.7579479768786127
10.0,2.5,20.1,53.09,0.0,2.8,2.36,0.5,0.08955223880597014,batch,421000175,Round Robin,0.27583728588597134,0.2052023121387283,0.13193439459720213,0.2567534973468403,0.7536127167630058
10.0,1.25,21.1,82.89,0.0,3.4,1.84,0.5,0.08056872037914692,batch,421000176,Round Robin,0.21764093865845985,0.16171224732461356,0.12254901960784312,0.2852941176470588,0.759512485136742
10.0,1.6666666666666667,21.7,59.21,0.0,2.5,1.25,0.7,0.07834101382488479,batch,421000177,Round Robin,0.2148141900365881,0.1690535491905355,0.12262062859672421,0.30489154493138554,0.7512453300124533
10.0,2.5,20.3,97.01,0.0,2.8,2.36,0.3,0.054187192118226604,batch,421000178,Round Robin,0.2500300959529795,0.19221311475409839,0.13417926565874727,0.2562095032397408,0.7516393442622951
10.0,2.0,19,74.6,0.0,3.2,1.96,0.4,0.07894736842105263,batch,421000179,Round Robin,0.2550496406103606,0.21901172529313231,0.1373070782331027,0.26144225651942526,0.7642378559463987
10.0,2.5,24,102.8,0.0,3.1,1.49,0.7,0.09583333333333334,batch,421000180,Round Robin,0.21833762119780178,0.14164719626168223,0.10838014981273408,0.27798208926951334,0.7581775700934579
10.0,1.6666666666666667,23.9,81.09,0.0,2.6,1.64,0.5,0.08368200836820083,batch,421000181,Round Robin,0.1975705733539732,0.20280764635603346,0.10205448861098705,0.2785841893702546,0.75
10.0,1.6666666666666667,21.1,50.89,0.0,2.2,1.76,0.6,0.10426540284360189,batch,421000182,Round Robin,0.18591566041361968,0.1854724964739069,0.10646651270207852,0.26685912240184756,0.7538787023977433
10.0,1.6666666666666667,28.4,38.24,0.0,2.9,2.09,0.8,0.09154929577464789,batch,421000183,Round Robin,0.20123942049645205,0.20117937522899207,0.1300569373688942,0.25,0.7541743970315399
10.0,3.3333333333333335,20.2,79.36,0.0,3.1,1.29,0.7,0.13366336633663367,batch,421000184,Round Robin,0.2727703625056879,0.16426512968299714,0.12480458572173009,0.3012473734703793,0.7543227665706052
10.0,3.3333333333333335,21.1,32.49,0.0,3.3,2.21,0.4,0.05687203791469194,batch,421000185,Round Robin,0.1851052255468984,0.20680473372781064,0.12494776431257835,0.26855174519394115,0.7594674556213017
10.0,2.0,22,32.8,0.0,3.3,2.21,0.6,0.08636363636363636,batch,421000186,Round Robin,0.22112971136773085,0.2550323229047735,0.13364446330080612,0.25,0.7579893475366178
10.0,2.5,26.3,48.21,0.0,2.1,1.89,0.6,0.07224334600760456,batch,421000187,Round Robin,0.20933813007786595,0.23536564308767313,0.123407917383821,0.25,0.7521344717182497
10.0,2.5,22.8,119.56,0.0,2.5,1.85,0.5,0.06140350877192982,batch,421000188,Round Robin,0.27277240267837266,0.20706371191135733,0.14254598257502418,0.2691190706679574,0.7520775623268698
10.0,1.6666666666666667,24.2,75.56,0.0,2.6,2.44,0.6,0.09090909090909091,batch,421000189,Round Robin,0.19172833365257427,0.181251297438618,0.1133447390932421,0.25,0.7546893317702228
10.0,2.0,21.4,53.64,0.0,2.2,0.96,0.5,0.09345794392523364,batch,421000190,Round Robin,0.23811498266288403,0.18389830508474575,0.1276824034334764,0.30007916592208045,0.7545197740112994
10.0,2.0,20.4,27.24,0.0,3.7,1.61,0.3,0.03431372549019608,batch,421000191,Round Robin,0.25230221146736576,0.23722860791826308,0.14035087719298245,0.2821637426900585,0.76213282247765
10.0,1.6666666666666667,22.9,49.09,0.0,3.1,2.09,0.7,0.09606986899563319,batch,421000192,Round Robin,0.2517288536017296,0.23695006998071547,0.13234689683518291,0.27979860254829425,0.7537262872628726
10.0,2.5,24.6,62.04,0.0,3,2.2,0.7,0.08536585365853659,batch,421000193,Round Robin,0.2524245000557498,0.21487699416953887,0.1356754658385093,0.28163819875776397,0.7563357972544879
10.0,2.0,17,72,0.0,3,2.2,0.4,0.07647058823529412,batch,421000194,Round Robin,0.2063200411408001,0.18805978938802606,0.12621065375302662,0.31779661016949146,0.752212389380531
10.0,2.0,22.2,74.96,0.0,3.5,1.45,0.6,0.06306306306306306,batch,421000195,Round Robin,0.19087233286889052,0.14002267573696145,0.10704355885078773,0.28846153846153844,0.7579365079365079
10.0,2.0,20.7,68.41,0.0,3.3,1.41,0.4,0.057971014492753624,batch,421000196,Round Robin,0.19882203253919922,0.19885679903730444,0.12698042870456666,0.2919384902143523,0.7608303249097472
10.0,1.4285714285714286,18.5,68.25,0.0,2.8,1.36,0.4,0.06486486486486487,batch,421000197,Round Robin,0.21834887190644928,0.196944679283655,0.11040828062104657,0.25,0.7508517887563884
10.0,2.0,18.6,26.24,0.0,2.7,1.21,0.3,0.04838709677419355,batch,421000198,Round Robin,0.2677303503031294,0.23499267935578333,0.14466724264296368,0.2751499769266267,0.756588579795022
10.0,2.5,21.3,63.81,0.0,1.9,0.49,0.6,0.10328638497652583,batch,421000199,Round Robin,0.18454534101576966,0.15091638029782362,0.10902255639097745,0.2864191729323308,0.7534364261168385
10.0,1.4285714285714286,26.6,55.24,0.0,3.1,1.29,0.7,0.10526315789473684,batch,421000200,Round Robin,0.22119615576941698,0.2580672845863371,0.131307929969104,0.24835345773874865,0.7554884742041712
10.0,2.0,27,44.4,0.0,3.3,1.41,0.9,0.1037037037037037,batch,421000201,Round Robin,0.2533461672379125,0.24191196779694804,0.12769128850612785,0.2817986088108645,0.7563965884861408
10.0,2.0,19.8,69.36,0.0,3,1.2,0.5,0.08080808080808081,batch,421000202,Round Robin,0.30055781462709974,0.2639398712195288,0.13764044943820225,0.25187719629392474,0.7543327556325823
10.0,2.0,23.7,104.01,0.0,2.4,2.44,0.5,0.06329113924050633,batch,421000203,Round Robin,0.21159361910671726,0.2175095185098407,0.1288189694482444,0.25671947544874185,0.7545103092783505
10.0,1.4285714285714286,19.4,54.84,0.0,3.3,1.61,0.3,0.06701030927835051,batch,421000204,Round Robin,0.27670682378079,0.2116788321167883,0.13240250361097738,0.27503610977371207,0.75
10.0,2.5,18.4,105.84,0.0,3.1,1.49,0.3,0.059782608695652176,batch,421000205,Round Robin,0.20213699018699482,0.14182344428364688,0.1273372018052869,0.3025467440361057,0.7601302460202605
10.0,2.5,20,35,0.0,2.9,2.29,0.5,0.09,batch,421000206,Round Robin,0.222090059473237,0.22077922077922077,0.13504672897196263,0.26728971962616827,0.7558441558441558
10.0,2.0,24,59.8,0.0,3,1.4,0.5,0.07916666666666666,batch,421000207,Round Robin,0.18703571686865242,0.1968941460289909,0.10421638822593479,0.25,0.7521645021645021
10.0,1.6666666666666667,21.2,76.96,0.0,3.1,1.29,0.5,0.08018867924528301,batch,421000208,Round Robin,0.1711663832199547,0.16581632653061226,0.10663949487841115,0.25838122605363983,0.75
10.0,2.0,23.8,118.16,0.0,2.4,1.44,0.7,0.08823529411764706,batch,421000209,Round Robin,0.27429064276172543,0.16603295310519645,0.1252811515969411,0.2855375618533514,0.7531685678073511
10.0,1.6666666666666667,18.3,74.81,0.0,3.5,1.85,0.4,0.08743169398907104,batch,421000210,Round Robin,0.2696763671792265,0.21174863387978143,0.14825581395348836,0.27002583979328165,0.77367941712204
10.0,1.6666666666666667,20.7,59.61,0.0,2.8,2.76,0.7,0.13043478260869565,batch,421000211,Round Robin,0.16332418179672412,0.18831608472772998,0.10379146919431281,0.31448399264919236,0.7519659239842726
10.0,1.4285714285714286,27,76.6,0.0,4,1.2,0.8,0.1111111111111111,batch,421000212,Round Robin,0.23638663384957864,0.19182217343578484,0.1240177656303382,0.26725316023231976,0.7582327113062568
10.0,2.0,19.1,43.09,0.0,2.7,1.81,0.6,0.07853403141361257,batch,421000213,Round Robin,0.21546883456611943,0.16202445652173914,0.11073651452282154,0.2727503707347677,0.7554347826086957
10.0,1.6666666666666667,19.4,74.84,0.0,3.3,1.81,0.4,0.08247422680412371,batch,421000214,Round Robin,0.15698735390868754,0.15596676737160123,0.10607831677381652,0.2520455873758036,0.7643504531722054
10.0,1.4285714285714286,17.4,27.44,0.0,2.8,1.36,0.3,0.05747126436781609,batch,421000215,Round Robin,0.22652869924709232,0.2074155653450808,0.12493424513413995,0.2736717517096265,0.7566079295154184
10.0,1.6666666666666667,20.6,62.64,0.0,2.7,1.81,0.4,0.06310679611650485,batch,421000216,Round Robin,0.1740040307803079,0.1895203175394606,0.1279125059438897,0.31300523062291963,0.7568104426787741
10.0,1.6666666666666667,17.2,30.16,0.0,1.7,1.01,0.3,0.040697674418604654,batch,421000217,Round Robin,0.19632463629621705,0.2017045559364058,0.11489829576690493,0.25,0.7516778523489933
10.0,1.4285714285714286,21.3,42.61,0.0,3.2,2.36,0.6,0.0892018779342723,batch,421000218,Round Robin,0.1687253457794153,0.1971439030972662,0.11418376449598572,0.254014272970562,0.7591587516960652
10.0,1.6666666666666667,16.8,45.96,0.0,2.2,1.56,0.3,0.06547619047619048,batch,421000219,Round Robin,0.2847884911626399,0.19858381749829118,0.13138479001135073,0.28291713961407494,0.7508928571428571
10.0,1.6666666666666667,21.2,34.16,0.0,3,1.6,0.7,0.1179245283018868,batch,421000220,Round Robin,0.2877952418681342,0.25,0.14135206321334506,0.25449688430159106,0.7564562410329986
10.0,2.0,22.2,66.76,0.0,3.1,1.69,0.5,0.07657657657657657,batch,421000221,Round Robin,0.27127839737098713,0.22688802083333334,0.12736273627362737,0.25765076507650764,0.7607421875
10.0,1.1111111111111112,22.4,52.44,0.0,2.9,1.89,0.5,0.08035714285714286,batch,421000222,Round Robin,0.22862882932037648,0.21564665127020785,0.12912423625254582,0.29663373609508076,0.7551963048498845
10.0,1.4285714285714286,23,61.4,0.0,2.9,1.69,0.7,0.09130434782608696,batch,421000223,Round Robin,0.24362659484915022,0.2269920822985599,0.10775473399458971,0.25,0.7524916943521595
10.0,2.5,18.4,97.24,0.0,3.4,1.44,0.3,0.04891304347826087,batch,421000224,Round Robin,0.20083437305053026,0.18728255633463575,0.13505926388022457,0.32111665626949465,0.7642857142857142
10.0,2.0,20,48,0.0,3.1,1.69,0.4,0.085,batch,421000225,Round Robin,0.20751443972252998,0.2154471544715447,0.11907139291063404,0.2654353999653124,0.7588075880758808
10.0,2.5,24,66.8,0.0,3.4,1.04,0.6,0.06666666666666667,batch,421000226,Round Robin,0.17583607456140352,0.16380208333333332,0.10259046052631579,0.2709703947368421,0.7541666666666667
10.0,1.25,18,51.4,0.0,3.2,1.56,0.4,0.06666666666666667,batch,421000227,Round Robin,0.25163711583924353,0.21640908310772283,0.1280555555555556,0.25,0.761081560283688
10.0,3.3333333333333335,18.4,90.84,0.0,2.2,0.96,0.4,0.07065217391304347,batch,421000228,Round Robin,0.3138137966534672,0.18877551020408165,0.12871287128712872,0.2989225393127548,0.7554945054945055
10.0,2.0,17.2,70.16,0.0,2.9,0.89,0.4,0.0755813953488372,batch,421000229,Round Robin,0.26264209754308765,0.2157407407407407,0.1296410891089109,0.27042079207920794,0.7666666666666666
10.0,2.0,18.3,60.81,0.0,3.9,0.89,0.4,0.07103825136612021,batch,421000230,Round Robin,0.21650364004241837,0.17215302491103202,0.11791590493601463,0.27193784277879346,0.7575622775800712
10.0,1.4285714285714286,19.1,51.69,0.0,2.7,2.61,0.2,0.041884816753926704,batch,421000231,Round Robin,0.21625643500643502,0.23085585585585588,0.12673611111111113,0.2576884920634921,0.7575075075075075
10.0,3.3333333333333335,24.3,56.41,0.0,2,1.4,0.7,0.102880658436214,batch,421000232,Round Robin,0.2257773235414976,0.19532130777903048,0.11850467289719625,0.25429906542056074,0.753945885005637
10.0,1.6666666666666667,18.5,91.65,0.0,2.8,1.76,0.4,0.08648648648648649,batch,421000233,Round Robin,0.21114875389408103,0.19125000000000003,0.12242990654205607,0.27866043613707164,0.7575000000000001
10.0,3.3333333333333335,18,24,0.0,3.6,0.64,0.3,0.08333333333333333,batch,421000234,Round Robin,0.2270566969805873,0.24164133738601823,0.12800601202404813,0.2617735470941884,0.7545592705167173
10.0,2.0,22.1,95.29,0.0,2.8,1.96,0.5,0.09502262443438914,batch,421000235,Round Robin,0.17527367920038076,0.14397905759162305,0.11780104712041883,0.30568776772965256,0.7547120418848168
10.0,2.0,18.2,36.56,0.0,3.5,1.25,0.3,0.06043956043956044,batch,421000236,Round Robin,0.2857796075387652,0.2464022439132456,0.1445876288659794,0.26159793814432986,0.7667757774140753
10.0,2.5,22.2,129.76,0.0,3.3,1.61,0.5,0.09009009009009009,batch,421000237,Round Robin,0.3230411936893379,0.20767947114733581,0.15186104218362284,0.29987593052109185,0.7579260237780714
10.0,1.25,19.8,36.56,0.0,2.5,1.45,0.5,0.09090909090909091,batch,421000238,Round Robin,0.2522695208568746,0.2502187179964109,0.13250120019203074,0.2627837866780895,0.7557427258805514
10.0,3.3333333333333335,19.8,23.76,0.0,3.1,3.29,0.5,0.08585858585858586,batch,421000239,Round Robin,0.261509531393873,0.23566433566433564,0.12789145907473307,0.2622330960854093,0.7625874125874126
10.0,2.0,19,19.4,0.0,3.2,2.36,0.5,0.08947368421052632,batch,421000240,Round Robin,0.1948235877138147,0.2265734265734266,0.12436313107920334,0.2618110236220473,0.7618881118881119
10.0,2.0,19.3,79.61,0.0,3.2,1.96,0.4,0.07772020725388601,batch,421000241,Round Robin,0.19022541173205035,0.13811383928571427,0.11113989637305702,0.3227979274611399,0.7566964285714286
10.0,2.0,23.4,74.64,0.0,3.2,1.56,0.6,0.1111111111111111,batch,421000242,Round Robin,0.21944766217919642,0.1770443234768877,0.12483857081360311,0.2943392165303487,0.7592223330009971
10.0,1.1111111111111112,16.1,46.09,0.0,3.1,2.09,0.3,0.055900621118012424,batch,421000243,Round Robin,0.22697863540580512,0.16906474820143885,0.13068526379624015,0.3170103092783505,0.7622302158273382
10.0,1.6666666666666667,20.7,51.01,0.0,3.6,1.24,0.3,0.04830917874396135,batch,421000244,Round Robin,0.23270137918632156,0.2167701863354037,0.13073496659242761,0.2802895322939867,0.7565217391304349
10.0,2.5,24.4,42.04,0.0,2.1,1.49,0.7,0.09016393442622951,batch,421000245,Round Robin,0.224992488929335,0.21999610295174193,0.13534513913986265,0.2540989159891599,0.7518072289156627
10.0,1.4285714285714286,23.1,38.09,0.0,2.2,1.56,0.7,0.12121212121212122,batch,421000246,Round Robin,0.24034262015981378,0.25249427659686235,0.125,0.27270962732919257,0.7534435261707989
10.0,2.5,24.4,66.04,0.0,3,1,0.6,0.09836065573770492,batch,421000247,Round Robin,0.21595744680851062,0.23260961812543554,0.12765957446808507,0.25870406189555123,0.7528409090909092
10.0,2.0,20.4,87.84,0.0,2.5,1.85,0.5,0.09803921568627451,batch,421000248,Round Robin,0.24986615227147468,0.1519230769230769,0.12896622313203684,0.31808560980190204,0.7557692307692307
10.0,1.4285714285714286,27.6,74.24,0.0,3.5,1.85,0.8,0.10869565217391304,batch,421000249,Round Robin,0.23505927987128353,0.20382535246779987,0.1413153456998314,0.28558178752107927,0.7545411089866156
10.0,1.6666666666666667,21.6,83.84,0.0,2.9,2.29,0.5,0.09259259259259259,batch,421000250,Round Robin,0.22912372410792556,0.18206998748608066,0.12455334354262378,0.25,0.7528129395218003
10.0,5.0,16.1,43.09,0.0,2.8,1.96,0.4,0.09316770186335403,batch,421000251,Round Robin,0.18518607408135063,0.1469869706840391,0.10829335161069226,0.25891021247429746,0.756514657980456
10.0,1.4285714285714286,20.3,43.61,0.0,2.5,1.45,0.5,0.08866995073891626,batch,421000252,Round Robin,0.23260361308550204,0.22930764429246586,0.13099115867845507,0.2753756610426267,0.7564377682403434
10.0,1.4285714285714286,24,55.4,0.0,2.9,1.49,0.4,0.075,batch,421000253,Round Robin,0.18904635726354616,0.22335178831693128,0.11369000786782062,0.25,0.7556352459016393
10.0,1.25,23,54,0.0,3,1.2,0.5,0.09565217391304348,batch,421000254,Round Robin,0.22708195764417408,0.24060380828320752,0.12726523887973643,0.25,0.7547879616963065
10.0,1.6666666666666667,21.9,62.69,0.0,2.8,1.56,0.6,0.1004566210045662,batch,421000255,Round Robin,0.26129575465406524,0.22990463215258855,0.13483391608391604,0.27469405594405594,0.7564713896457766
10.0,2.0,22.6,73.04,0.0,3.2,1.96,0.6,0.07964601769911504,batch,421000256,Round Robin,0.163482257586241,0.13333333333333333,0.11346578366445917,0.29708678589329324,0.7587064676616915
10.0,1.4285714285714286,18.6,56.24,0.0,2.6,2.24,0.3,0.08064516129032258,batch,421000257,Round Robin,0.2390182551161977,0.23571428571428574,0.10824453168816599,0.2746775098149187,0.7507518796992481
10.0,2.0,18.7,69.81,0.0,3.2,2.16,0.5,0.0962566844919786,batch,421000258,Round Robin,0.16193282646244603,0.1805510643499933,0.11138014527845036,0.2608302169035153,0.7666938110749186
10.0,2.0,21.8,56.36,0.0,3,1.6,0.5,0.10550458715596331,batch,421000259,Round Robin,0.22010325739833939,0.21394359283703546,0.1217798594847775,0.26180829027338326,0.7610479797979798
10.0,1.6666666666666667,24.5,65.45,0.0,1.4,0.44,0.7,0.09387755102040816,batch,421000260,Round Robin,0.22232781022982656,0.24256373937677056,0.1122813990461049,0.26271860095389504,0.7521246458923513
10.0,2.5,21.9,49.49,0.0,4.1,1.09,0.4,0.0502283105022831,batch,421000261,Round Robin,0.24617093870683054,0.21097715736040606,0.1243058521999146,0.2608927808628791,0.7661802030456852
10.0,1.1111111111111112,22.6,59.04,0.0,3.1,1.09,0.6,0.0752212389380531,batch,421000262,Round Robin,0.2577625570776256,0.25,0.11849315068493149,0.27899543378995434,0.7591324200913242
10.0,2.0,18.6,62.24,0.0,2.3,1.61,0.3,0.053763440860215055,batch,421000263,Round Robin,0.20978069599099586,0.18472999063404855,0.13457330415754923,0.30087527352297594,0.7568537859007833
10.0,1.4285714285714286,23.4,66.04,0.0,3.4,2.24,0.7,0.1111111111111111,batch,421000264,Round Robin,0.2356925085727687,0.20468382466321824,0.13532297628781684,0.293949304987735,0.7605204872646734
10.0,1.25,23.1,75.29,0.0,3.2,1.16,0.7,0.11255411255411256,batch,421000265,Round Robin,0.28028641789405984,0.20265412574815872,0.13670886075949368,0.3143459915611814,0.7642503097893432
10.0,1.6666666666666667,22.5,102.85,0.0,3.1,2.49,0.7,0.08444444444444445,batch,421000266,Round Robin,0.1717555814852755,0.12698938992042444,0.11764705882352938,0.2648337595907928,0.7599469496021221
10.0,3.3333333333333335,22.9,35.49,0.0,3,1.4,0.7,0.11353711790393013,batch,421000267,Round Robin,0.2500830335865227,0.22881596893244377,0.12871659766654123,0.2890548124556438,0.7573449401523396
10.0,1.4285714285714286,23.2,98.56,0.0,3.5,2.25,0.7,0.08620689655172414,batch,421000268,Round Robin,0.19118930094607176,0.15646067415730336,0.11295761078998073,0.26637764932562624,0.7660112359550562
10.0,1.4285714285714286,17.5,57.05,0.0,2.2,2.16,0.2,0.03428571428571429,batch,421000269,Round Robin,0.2511580168517618,0.21091524213906832,0.14527981910684,0.29722473026933793,0.7540783034257749
10.0,2.0,20.4,28.84,0.0,3.3,1.21,0.4,0.09803921568627451,batch,421000270,Round Robin,0.20521425684179578,0.25,0.12385740402193787,0.2437725911744637,0.7587939698492463
10.0,2.0,23.1,56.09,0.0,3.1,2.29,0.5,0.06060606060606061,batch,421000271,Round Robin,0.194932528924022,0.21818181818181817,0.11339359079704192,0.264379622021364,0.754812834224599
10.0,2.5,21.9,61.89,0.0,3.1,2.49,0.6,0.0730593607305936,batch,421000272,Round Robin,0.20141689399061077,0.15998838559814169,0.11736770691994573,0.27985074626865675,0.755226480836237
10.0,1.4285714285714286,22.6,67.44,0.0,2.9,1.89,0.6,0.09292035398230089,batch,421000273,Round Robin,0.17887655701053976,0.17245081347506877,0.12016129032258063,0.32422646253291415,0.7589108910891089
10.0,2.0,21.6,44.24,0.0,3.7,1.21,0.5,0.0787037037037037,batch,421000274,Round Robin,0.21834859219382502,0.2337245592420833,0.11733568592853992,0.2624225927385792,0.7578231292517007
10.0,1.6666666666666667,23.7,84.61,0.0,2.2,1.36,0.5,0.08016877637130802,batch,421000275,Round Robin,0.21477587073357715,0.1863136863136863,0.1352175681171208,0.30896705978039857,0.752997002997003
10.0,2.0,17.3,64.41,0.0,2.7,1.81,0.4,0.06358381502890173,batch,421000276,Round Robin,0.21888420664801442,0.17149385540929654,0.13153258954785674,0.30871990604815036,0.7552790346907994
10.0,2.0,24.2,31.36,0.0,2.7,1.61,0.7,0.10330578512396695,batch,421000277,Round Robin,0.16673544511008836,0.19021739130434784,0.10674157303370785,0.2588014981273408,0.7517162471395882
10.0,1.6666666666666667,18.9,138.49,0.0,2.8,3.36,0.4,0.06878306878306878,batch,421000278,Round Robin,0.22139801543718582,0.11996221662468516,0.11825348696179502,0.38432383262583386,0.7562972292191436
10.0,1.6666666666666667,18.7,81.21,0.0,3.6,1.64,0.4,0.0855614973262032,batch,421000279,Round Robin,0.17962569206011703,0.15891651319828112,0.11829652996845427,0.34253417455310203,0.7665745856353592
10.0,1.6666666666666667,25.8,73.36,0.0,2.4,1.24,0.8,0.13178294573643412,batch,421000280,Round Robin,0.25294453980458265,0.2232739420935412,0.1348195329087049,0.29259495085034276,0.7527839643652561
10.0,2.5,22.6,80.04,0.0,3.2,1.76,0.5,0.061946902654867256,batch,421000281,Round Robin,0.21729553548173514,0.1927125343337576,0.12193020249892285,0.2777897457992245,0.7598870056497176
10.0,2.0,23.3,64.21,0.0,2.8,1.56,0.7,0.0815450643776824,batch,421000282,Round Robin,0.21014592421827735,0.17190074242845566,0.11683630195080577,0.2586280297439973,0.7547003525264395
10.0,1.6666666666666667,17.7,64.01,0.0,3.2,1.96,0.4,0.07344632768361582,batch,421000283,Round Robin,0.16295991469624946,0.14536516853932582,0.10742305371152683,0.2991852745926373,0.7622893258426966
10.0,2.0,23.2,55.16,0.0,2.5,1.05,0.7,0.11637931034482758,batch,421000284,Round Robin,0.18145770065075922,0.17841648590021694,0.12020000000000002,0.2844,0.7524403470715835
10.0,1.6666666666666667,22.9,114.09,0.0,2.6,1.44,0.6,0.09606986899563319,batch,421000285,Round Robin,0.25394483038254745,0.1827284105131414,0.13155430711610488,0.27972846441947563,0.7540675844806007
10.0,2.0,18.4,27.04,0.0,3,1,0.3,0.04891304347826087,batch,421000286,Round Robin,0.21419336002669337,0.25,0.1256256256256256,0.22373415081748413,0.7565586419753086
10.0,2.5,16.6,57.64,0.0,4,1,0.3,0.07228915662650602,batch,421000287,Round Robin,0.2747594226142742,0.21024904214559384,0.1191860465116279,0.27906976744186046,0.7638888888888888
10.0,3.3333333333333335,26.4,96.84,0.0,3.1,1.89,0.6,0.08333333333333333,batch,421000288,Round Robin,0.22131131761121028,0.22067696764001812,0.129546306711661,0.2747469066366704,0.7571976967370442
10.0,1.6666666666666667,23.6,67.04,0.0,3.1,2.09,0.6,0.09322033898305085,batch,421000289,Round Robin,0.2374090748735868,0.1993649253303249,0.13906882591093117,0.29777327935222675,0.7588174273858921
10.0,2.0,17.3,34.81,0.0,3.9,1.09,0.3,0.07514450867052024,batch,421000290,Round Robin,0.2675452331245651,0.22880392912172573,0.13465553235908143,0.2907115530658441,0.7696969696969698
10.0,3.3333333333333335,26,89.2,0.0,3.1,2.29,0.7,0.10384615384615385,batch,421000291,SJF,0.17181244761352119,0.11136999068033553,0.11143867924528303,0.2623820754716981,0.7565237651444547
10.0,1.4285714285714286,25.1,76.29,0.0,3.2,2.96,0.8,0.13147410358565736,batch,421000292,Round Robin,0.2467841446923597,0.20402298850574713,0.1342799188640974,0.276369168356998,0.7600574712643677
10.0,2.0,18.2,55.16,0.0,3.7,1.21,0.3,0.03296703296703297,batch,421000293,Round Robin,0.21797510472770798,0.18988988629563136,0.12746858168761221,0.25560958555809815,0.7827999999999999
10.0,2.5,17.7,53.41,0.0,2.9,1.49,0.3,0.05084745762711865,batch,421000294,Round Robin,0.2528460210789174,0.20686900958466453,0.13448275862068965,0.2743945773612505,0.7531948881789137
10.0,1.25,20.8,85.76,0.0,3,2,0.5,0.08653846153846154,batch,421000295,Round Robin,0.22147808355894094,0.19203413940256045,0.11315524193548385,0.25630040322580644,0.7564011379800853
10.0,2.0,23.7,94.61,0.0,2.2,1.56,0.5,0.08016877637130802,batch,421000296,Round Robin,0.2513284705077882,0.21626733921815888,0.10585387323943662,0.2592429577464788,0.7534678436317781
10.0,1.0,17.7,54.21,0.0,3.4,2.04,0.4,0.06779661016949153,batch,421000297,Round Robin,0.20806256464297562,0.19779286926994907,0.1279491833030853,0.27574393041810774,0.7652801358234296
10.0,1.6666666666666667,20.4,49.84,0.0,2.9,1.89,0.5,0.08823529411764706,batch,421000298,Round Robin,0.1963158885763713,0.21264750513238098,0.12154566744730677,0.29964871194379394,0.7518844221105527
10.0,1.6666666666666667,20.8,86.36,0.0,2.5,1.05,0.4,0.04807692307692308,batch,421000299,Round Robin,0.32844611528822054,0.22118933697881066,0.13533834586466165,0.24441786283891545,0.7531897926634769
10.0,2.5,21,27.4,0.0,2.7,2.41,0.6,0.09047619047619047,batch,421000300,Round Robin,0.19822049169777323,0.2333659722094527,0.12494529540481403,0.25,0.7514005602240896
10.0,2.5,18.2,53.76,0.0,2.9,1.09,0.4,0.09340659340659341,batch,421000301,Round Robin,0.25339681837623457,0.20647321428571427,0.130647795318454,0.2815732172019597,0.7578125
10.0,1.6666666666666667,23.1,38.69,0.0,3.2,2.36,0.7,0.10822510822510822,batch,421000302,Round Robin,0.22825228658103852,0.23706896551724138,0.1348444102958125,0.27266615443718784,0.7512315270935961
10.0,1.25,24.4,69.64,0.0,3,1.8,0.6,0.10245901639344263,batch,421000303,Round Robin,0.23333027985847898,0.23718864100883827,0.1264559068219634,0.25836649140258633,0.7569193742478941
10.0,1.6666666666666667,20.1,96.89,0.0,3,1.4,0.5,0.0845771144278607,batch,421000304,Round Robin,0.22797404306899072,0.17736248236953456,0.11818644931227715,0.298571394873502,0.7549365303244006
10.0,1.1111111111111112,21.1,76.49,0.0,2.6,1.04,0.5,0.08530805687203792,batch,421000305,Round Robin,0.23990006696543556,0.23261474269819193,0.10864197530864197,0.26481481481481484,0.756258692628651
10.0,2.0,25.6,41.44,0.0,3.4,1.24,0.8,0.1015625,batch,421000306,Round Robin,0.16271783004043816,0.19680851063829788,0.10938046902345115,0.2524501225061253,0.7585106382978724
10.0,1.4285714285714286,23.5,64.25,0.0,2.4,0.84,0.6,0.11063829787234042,batch,421000307,Round Robin,0.19827070136581063,0.21106340643147403,0.12850082372322896,0.2733679303137406,0.7540183696900115
10.0,1.6666666666666667,21.2,65.76,0.0,3.1,1.09,0.5,0.08962264150943396,batch,421000308,Round Robin,0.16255221643713194,0.1618985695708713,0.10738416988416988,0.2545849420849421,0.7545513654096229
10.0,1.4285714285714286,21.1,62.89,0.0,3,1.2,0.6,0.0947867298578199,batch,421000309,Round Robin,0.2286723828618058,0.2187770286584005,0.12709772951628825,0.25,0.7608359133126935
10.0,2.0,20.1,48.29,0.0,2.7,2.21,0.4,0.07462686567164178,batch,421000310,Round Robin,0.23381206733014295,0.23241912798874825,0.12481499753330044,0.25320670942279233,0.7542194092827004
10.0,1.6666666666666667,17.6,59.04,0.0,3.2,1.36,0.3,0.05113636363636364,batch,421000311,Round Robin,0.24187603029668875,0.2043711656441718,0.1277678037103531,0.29444982674563297,0.7622699386503067
10.0,1.6666666666666667,20.4,40.64,0.0,3.1,1.69,0.6,0.10294117647058823,batch,421000312,Round Robin,0.19441182052278583,0.21968184222548148,0.11329715061058349,0.26650836725463595,0.754396984924623
10.0,3.3333333333333335,21.7,57.41,0.0,2.1,2.29,0.6,0.10138248847926268,batch,421000313,Round Robin,0.20475000799718499,0.19119669876203577,0.11930232558139536,0.2555813953488372,0.7527510316368637
10.0,1.4285714285714286,18.4,45.84,0.0,2.8,1.56,0.4,0.07065217391304347,batch,421000314,Round Robin,0.24154839193202368,0.23571428571428574,0.11148272017837238,0.25863991081382387,0.7516806722689076
10.0,1.6666666666666667,17.1,65.09,0.0,2.6,2.84,0.3,0.07602339181286549,batch,421000315,Round Robin,0.24989543160163338,0.2236842105263158,0.13313802083333334,0.2734375,0.7604355716878403
10.0,1.6666666666666667,23.9,60.69,0.0,3.1,1.69,0.5,0.07531380753138076,batch,421000316,Round Robin,0.19675752707468872,0.19573263791855894,0.11076859843814221,0.2604696112821247,0.7561761546723953
10.0,2.5,21.1,82.29,0.0,2.7,1.01,0.5,0.08056872037914692,batch,421000317,Round Robin,0.23031093866570207,0.2015449438202247,0.1255030181086519,0.26081488933601604,0.7524578651685394
10.0,1.4285714285714286,21.8,80.56,0.0,2.7,0.81,0.5,0.0779816513761468,batch,421000318,Round Robin,0.21018348389731023,0.22186609686609685,0.11851171336701888,0.25895728066146073,0.7542735042735043
10.0,3.3333333333333335,21.1,84.49,0.0,3.3,1.41,0.6,0.08056872037914692,batch,421000319,Round Robin,0.278564264637344,0.1997936726272352,0.12075180226570545,0.2845005149330587,0.7555020632737277
10.0,2.5,18.3,64.41,0.0,2.8,2.96,0.3,0.06557377049180328,batch,421000320,Round Robin,0.18318965517241378,0.24971858079224846,0.1269185360094451,0.25708382526564344,0.7560344827586207
10.0,2.0,21.1,74.69,0.0,2,2,0.6,0.0947867298578199,batch,421000321,Round Robin,0.25801413624689484,0.17960164835164835,0.12356321839080459,0.2919061302681992,0.7527472527472527
10.0,2.0,19.5,74.05,0.0,3.4,1.64,0.4,0.07179487179487179,batch,421000322,Round Robin,0.25550204512468666,0.17515723270440253,0.14389456697149008,0.3193921463152232,0.7613207547169811
10.0,2.0,21.8,89.36,0.0,3.1,3.29,0.6,0.10550458715596331,batch,421000323,Round Robin,0.22384376622810326,0.19355961046101897,0.12140645731977001,0.2984298982750995,0.7602432778489117
10.0,1.4285714285714286,25.1,68.89,0.0,3.3,2.01,0.6,0.09561752988047809,batch,421000324,Round Robin,0.2158287993521745,0.25,0.11460761460761458,0.271766210477727,0.7508551881413912
10.0,1.6666666666666667,21.3,55.21,0.0,2.5,2.25,0.3,0.03286384976525822,batch,421000325,Round Robin,0.23178543934894974,0.22908769871818374,0.12702078521939955,0.25,0.7562830687830688
10.0,1.4285714285714286,15.5,68.85,0.0,2.7,1.41,0.2,0.04516129032258064,batch,421000326,Round Robin,0.22166909107731214,0.19892996108949415,0.13327398570461088,0.2820343461030383,0.7558365758754864
10.0,2.0,22.8,106.56,0.0,2.8,1.76,0.6,0.08771929824561403,batch,421000327,Round Robin,0.22802078219603994,0.18442153493699887,0.12214285714285716,0.2919047619047619,0.7534364261168385
10.0,2.5,17.8,55.36,0.0,2.6,1.24,0.4,0.08426966292134831,batch,421000328,Round Robin,0.18918265054204422,0.16953708043589816,0.119205298013245,0.25,0.7541946308724832
10.0,3.3333333333333335,22.6,29.04,0.0,2.8,1.36,0.6,0.07964601769911504,batch,421000329,Round Robin,0.23104477808062837,0.24722506926767737,0.13167053364269143,0.25,0.7530339805825244
10.0,2.5,18.5,61.85,0.0,2.7,2.61,0.5,0.0972972972972973,batch,421000330,Round Robin,0.28798251566803723,0.2074021910524717,0.1428571428571429,0.2770034843205575,0.7561374795417348
10.0,1.25,27.9,32.89,0.0,2.6,2.04,0.9,0.12186379928315412,batch,421000331,Round Robin,0.14881135570158086,0.13926325247079965,0.11182559598494356,0.25109786700125475,0.7549415992812218
10.0,2.0,18.4,59.64,0.0,2.7,2.61,0.3,0.05434782608695652,batch,421000332,Round Robin,0.21799935622654548,0.20181159420289857,0.13353196099674972,0.28521126760563376,0.7550724637681159
10.0,1.25,21.1,65.69,0.0,3,2,0.7,0.11374407582938388,batch,421000333,Round Robin,0.224048430487551,0.1767301644524592,0.1383995973829894,0.25,0.7579239302694136
10.0,1.4285714285714286,19.6,123.44,0.0,2.7,1.21,0.3,0.05612244897959184,batch,421000334,Round Robin,0.2682125582771786,0.19507269789983844,0.12942942942942942,0.2994507083770887,0.752827140549273
10.0,3.3333333333333335,22.5,58.85,0.0,2.5,2.05,0.7,0.09333333333333334,batch,421000335,Round Robin,0.23779160910035926,0.23531430770484218,0.1253706056755612,0.2566690699351118,0.755457025920873
10.0,3.3333333333333335,20.9,53.49,0.0,3.4,0.64,0.5,0.08133971291866028,batch,421000336,Round Robin,0.27080832523980486,0.23185776487663282,0.118890977443609,0.2544642857142857,0.7659651669085632
10.0,2.0,18.8,71.56,0.0,3.3,2.61,0.4,0.09042553191489362,batch,421000337,Round Robin,0.27129358699632705,0.2264070501000235,0.13031319910514544,0.27237136465324385,0.7532414910858996
10.0,1.25,22.8,51.36,0.0,3,1.2,0.5,0.07894736842105263,batch,421000338,Round Robin,0.20922099323788146,0.23303324099722988,0.10237258347978911,0.2649384885764499,0.7520775623268698
10.0,2.0,18.2,90.36,0.0,2,1,0.3,0.054945054945054944,batch,421000339,Round Robin,0.2610588573120868,0.16655124653739614,0.1234494979326639,0.3055227406969876,0.7534626038781164
10.0,3.3333333333333335,20,56.4,0.0,3.4,2.04,0.6,0.115,batch,421000340,Round Robin,0.20409984521615152,0.16264667535853977,0.1224137931034483,0.28128078817733987,0.7685788787483703
10.0,2.0,17.4,86.84,0.0,3.3,1.01,0.3,0.06896551724137931,batch,421000341,Round Robin,0.17150790829927134,0.16121826767264405,0.12450980392156863,0.31366303137371504,0.7647280966767371
10.0,2.0,17.7,58.41,0.0,3.5,2.05,0.3,0.04519774011299435,batch,421000342,Round Robin,0.22703765320644045,0.2338850174216028,0.12853841709994224,0.25317735413056036,0.7604529616724739
10.0,1.4285714285714286,20,73.6,0.0,2.9,3.09,0.3,0.055,batch,421000343,Round Robin,0.30233752711496753,0.24919999999999998,0.13611713665943603,0.25677874186550975,0.7652
10.0,2.0,19.1,111.29,0.0,3.5,1.65,0.4,0.06806282722513089,batch,421000344,Round Robin,0.1991291782497402,0.13406827880512093,0.11730652041438147,0.30728214503351614,0.7649359886201992
10.0,2.0,21.2,47.76,0.0,3.4,3.24,0.6,0.09905660377358491,batch,421000345,Round Robin,0.23473652291993516,0.2360186418109188,0.1244374437443744,0.2725022502250225,0.7639813581890813
10.0,2.0,21.4,74.84,0.0,3,1.8,0.6,0.09813084112149532,batch,421000346,Round Robin,0.16527282432944707,0.16235813366960908,0.10830580462482305,0.29436054742803214,0.7575662042875158
10.0,1.4285714285714286,23.6,58.24,0.0,2.9,1.69,0.8,0.13983050847457626,batch,421000347,Round Robin,0.2268645252088764,0.20613496932515338,0.11591276252019386,0.2808966074313409,0.7549079754601227
10.0,1.6666666666666667,25.9,77.09,0.0,2.9,2.69,0.7,0.10424710424710425,batch,421000348,Round Robin,0.20982152132809742,0.17952143741715768,0.122040072859745,0.28533697632058286,0.7578422053231939
10.0,1.6666666666666667,20.6,73.44,0.0,2.7,1.61,0.6,0.10679611650485436,batch,421000349,Round Robin,0.29060651686765665,0.21124620060790272,0.12460048638482654,0.2793663060278207,0.75
10.0,1.6666666666666667,20.3,89.61,0.0,3,1.8,0.3,0.059113300492610835,batch,421000350,Round Robin,0.24765886371592033,0.21706988075729572,0.13629555666500248,0.28644533200199696,0.7586206896551724
10.0,1.6666666666666667,18.9,38.69,0.0,3.1,2.09,0.5,0.08465608465608465,batch,421000351,Round Robin,0.2655700355064879,0.2304097043966269,0.1361969617600838,0.25,0.7610905730129389
10.0,5.0,17.1,20.09,0.0,2.8,1.96,0.2,0.03508771929824561,batch,421000352,Round Robin,0.22492976881274754,0.24025974025974023,0.13095238095238093,0.25101317122593714,0.7516233766233766
10.0,1.6666666666666667,25,77.2,0.0,2.9,1.69,0.8,0.112,batch,421000353,Round Robin,0.21773288482594755,0.16552399608227228,0.12024825446082235,0.31443095959425604,0.7534280117531831
10.0,1.6666666666666667,20.2,73.76,0.0,3.7,1.81,0.5,0.09900990099009901,batch,421000354,Round Robin,0.23477538759720115,0.21586059743954483,0.10158817086527928,0.2812157721796276,0.757823613086771
10.0,2.5,19.7,51.81,0.0,2.1,1.89,0.5,0.06598984771573604,batch,421000355,Round Robin,0.22101454715312882,0.2020440251572327,0.12625994694960208,0.26114058355437664,0.7515723270440251
10.0,2.0,22.4,80.24,0.0,2.6,1.64,0.4,0.05357142857142857,batch,421000356,Round Robin,0.16673502361421824,0.17170022371364654,0.11828703703703702,0.2726736498935571,0.7547539149888143
10.0,1.6666666666666667,15.9,84.09,0.0,3.2,2.16,0.3,0.06289308176100629,batch,421000357,Round Robin,0.21994447274703893,0.16520210896309315,0.13141470180305131,0.3148404993065187,0.7587873462214412
10.0,1.4285714285714286,23.2,107.76,0.0,3.6,1.64,0.6,0.08189655172413793,batch,421000358,Round Robin,0.22533260821364576,0.13675869120654396,0.12470916705444393,0.328641228478362,0.7584355828220859
10.0,1.1111111111111112,22.9,51.29,0.0,3.3,2.01,0.6,0.08733624454148471,batch,421000359,Round Robin,0.2071598129506675,0.23219818662097527,0.12732919254658384,0.25,0.7601600985221675
10.0,2.5,27.4,68.24,0.0,3.6,1.24,0.7,0.0948905109489051,batch,421000360,Round Robin,0.2229400994656422,0.21149949341438704,0.12758037225042299,0.2537225042301185,0.7601317122593718
10.0,1.6666666666666667,19.1,53.29,0.0,3.1,2.89,0.6,0.11518324607329843,batch,421000361,Round Robin,0.20879212568824584,0.20090016366612112,0.11820728291316528,0.25056022408963585,0.7630932896890343
10.0,1.6666666666666667,19.4,65.44,0.0,3.1,1.69,0.4,0.08247422680412371,batch,421000362,Round Robin,0.251923130444463,0.21059113300492613,0.12401129943502823,0.25028248587570623,0.7705254515599342
10.0,2.5,21,37.4,0.0,3.4,1.04,0.7,0.12380952380952381,batch,421000363,Round Robin,0.22852402806043606,0.2018855656697009,0.1204035874439462,0.2553811659192825,0.7607282184655397
10.0,1.6666666666666667,17.9,87.09,0.0,2.7,1.41,0.3,0.055865921787709494,batch,421000364,Round Robin,0.2443644963268592,0.2021531100478469,0.12014021669853411,0.29483681392767475,0.7567783094098883
10.0,2.0,19.9,83.49,0.0,3.7,1.21,0.4,0.08040201005025126,batch,421000365,Round Robin,0.24179849875893417,0.16719948849104857,0.13853584138281647,0.3092272496187087,0.7611892583120204
10.0,1.4285714285714286,18,93,0.0,3.6,2.04,0.4,0.07777777777777778,batch,421000366,Round Robin,0.26968611180957175,0.20962199312714777,0.10602981029810299,0.26558265582655827,0.7560137457044673
10.0,2.5,24.6,55.44,0.0,2.5,1.85,0.6,0.09349593495934959,batch,421000367,Round Robin,0.20525233784070923,0.2464484974075105,0.12901353965183754,0.25,0.7528312570781427
10.0,2.5,19.7,51.01,0.0,3.8,2.16,0.4,0.08121827411167512,batch,421000368,Round Robin,0.2388763590099468,0.20946969696969697,0.13256997455470737,0.25814249363867686,0.7696969696969698
10.0,3.3333333333333335,24.2,56.16,0.0,2.6,1.84,0.7,0.10743801652892562,batch,421000369,Round Robin,0.19077204060208472,0.1791762766852818,0.11668611435239204,0.25,0.7533444816053512
10.0,2.0,22.2,22.36,0.0,2.9,1.49,0.5,0.08108108108108109,batch,421000370,Round Robin,0.21131924015887224,0.25,0.12253193960511033,0.266832940562753,0.7519466073414905
10.0,1.6666666666666667,24.3,36.21,0.0,3.1,2.69,0.6,0.09053497942386832,batch,421000371,Round Robin,0.20652818712792126,0.2526425066062665,0.12193280483201208,0.22748447204968944,0.7577639751552795
10.0,1.6666666666666667,26.3,66.21,0.0,2.8,1.96,0.7,0.11026615969581749,batch,421000372,Round Robin,0.199828791153274,0.22950376839692244,0.1276790976852724,0.2782097649186257,0.75
10.0,2.0,15.2,16.96,0.0,3.2,1.76,0.1,0.03289473684210526,batch,421000373,Round Robin,0.27126265681689926,0.22433774834437087,0.1348413631022327,0.268213866039953,0.759933774834437
10.0,1.25,18.9,74.69,0.0,2.8,1.56,0.6,0.10052910052910052,batch,421000374,Round Robin,0.27264006178621847,0.22520970206619642,0.1336913510457886,0.2847288660895011,0.7544883303411132
10.0,2.0,25,44,0.0,3.5,1.05,0.8,0.132,batch,421000375,Round Robin,0.2040853976589398,0.16132998068212687,0.11497619919443428,0.25,0.7549234135667395
10.0,1.6666666666666667,19.3,54.81,0.0,3.6,1.44,0.3,0.05181347150259067,batch,421000376,Round Robin,0.23527173037625662,0.23815808590135146,0.1294363256784969,0.26061114456967505,0.7621028744326778
10.0,1.25,29.7,39.41,0.0,3.8,1.36,0.9,0.12121212121212122,batch,421000377,Round Robin,0.174399454292542,0.1566224988408175,0.1241335853812224,0.25,0.7674528301886793
10.0,1.6666666666666667,23.6,73.64,0.0,3.2,2.36,0.7,0.0847457627118644,batch,421000378,Round Robin,0.23276133002788674,0.23313395501997106,0.1338532883642496,0.25,0.7555632823365785
10.0,1.6666666666666667,23.8,75.16,0.0,3.6,1.84,0.6,0.09243697478991597,batch,421000379,Round Robin,0.22675808753121424,0.1971153846153846,0.12199170124481326,0.27705143797395915,0.7618778280542986
10.0,2.0,20.2,67.96,0.0,2.7,2.61,0.4,0.07920792079207921,batch,421000380,Round Robin,0.222209885116875,0.22904652354246968,0.12575301204819278,0.2816265060240964,0.7553619302949062
10.0,1.6666666666666667,20.6,70.44,0.0,3.5,1.25,0.6,0.09223300970873786,batch,421000381,Round Robin,0.2270930730760335,0.19849624060150375,0.1255673222390318,0.27078984009770696,0.7710526315789474
10.0,1.6666666666666667,20.8,46.96,0.0,2.8,2.56,0.6,0.09134615384615384,batch,421000382,Round Robin,0.1966704915122369,0.22827964190046524,0.12104787714543812,0.26246669204415685,0.7528901734104047
10.0,2.0,23,85,0.0,3.3,2.61,0.7,0.09130434782608696,batch,421000383,Round Robin,0.23708127990857797,0.2090570719602978,0.1415970287836583,0.3101207056638811,0.7568238213399503
10.0,3.3333333333333335,17.9,54.69,0.0,3.7,1.61,0.4,0.08379888268156424,batch,421000384,Round Robin,0.2829736876281219,0.22170487106017187,0.11933448078026389,0.2915949512335055,0.7736389684813754
10.0,3.3333333333333335,25.6,50.64,0.0,2.6,1.64,0.6,0.078125,batch,421000385,Round Robin,0.1991924841754824,0.20272904483430798,0.11797752808988765,0.2556179775280899,0.7538986354775828
10.0,2.5,20.4,96.04,0.0,2.9,2.09,0.5,0.07352941176470588,batch,421000386,Round Robin,0.24498835484416537,0.16961833042395702,0.12569409389197375,0.3103230691569914,0.7570332480818414
10.0,1.25,20.2,85.16,0.0,3.7,1.61,0.4,0.08415841584158416,batch,421000387,Round Robin,0.248049706177785,0.21546310832025117,0.1209633278598796,0.26176792556102896,0.7664835164835164
10.0,2.0,21.3,51.61,0.0,2.6,1.44,0.5,0.09389671361502347,batch,421000388,Round Robin,0.25845414861374877,0.23010131333022038,0.13163816381638163,0.26202946183675396,0.7534770514603616
10.0,3.3333333333333335,23.4,66.24,0.0,3.7,1.21,0.5,0.0811965811965812,batch,421000389,Round Robin,0.20264740221833044,0.21572679509632228,0.12062171628721542,0.25,0.7636666666666667
10.0,2.5,19.9,56.29,0.0,3.4,1.04,0.5,0.11055276381909548,batch,421000390,Round Robin,0.23037072243346007,0.19886514575125772,0.13022813688212928,0.3001425855513308,0.7617283950617284
10.0,2.0,20.6,58.84,0.0,3.6,1.64,0.4,0.0825242718446602,batch,421000391,Round Robin,0.2438857979003964,0.23041958041958038,0.12749391727493917,0.25340632603406327,0.7555944055944056
10.0,2.0,21.7,55.21,0.0,2.4,1.24,0.5,0.059907834101382486,batch,421000392,Round Robin,0.15895909645909645,0.1720848595848596,0.10485347985347988,0.25,0.7542735042735043
10.0,1.6666666666666667,23,72,0.0,2.7,2.21,0.8,0.10869565217391304,batch,421000393,Round Robin,0.18250087394875655,0.14453367127402675,0.11409540180489904,0.30747073772828193,0.7525906735751295
10.0,1.4285714285714286,21.2,79.56,0.0,3.6,2.44,0.5,0.07547169811320754,batch,421000394,Round Robin,0.28797582167486185,0.20842631759425004,0.14063237376120813,0.2983718735252478,0.7584005376344086
10.0,1.6666666666666667,18.5,27.05,0.0,2.8,1.96,0.4,0.07027027027027027,batch,421000395,Round Robin,0.22224363324592053,0.1899717514124294,0.1245674740484429,0.2722441917943648,0.7563559322033898
10.0,1.4285714285714286,19.1,86.29,0.0,2.8,1.76,0.4,0.08900523560209424,batch,421000396,Round Robin,0.27920379231636555,0.19924098671726756,0.12499999999999997,0.2521135265700483,0.7599620493358634
10.0,1.6666666666666667,23.4,63.64,0.0,3.3,2.41,0.7,0.1111111111111111,batch,421000397,Round Robin,0.22062536699941276,0.22232824427480916,0.12051282051282051,0.2688034188034188,0.7595419847328244
10.0,1.6666666666666667,20.7,38.61,0.0,3.3,1.41,0.6,0.0966183574879227,batch,421000398,Round Robin,0.2604945662980799,0.2580614754213604,0.14708603145235893,0.25,0.7589563862928349
10.0,3.3333333333333335,20,69,0.0,3.6,2.44,0.4,0.085,batch,421000399,Round Robin,0.2523955094475006,0.2254880710356374,0.12417035398230086,0.25,0.7744932432432432
10.0,1.4285714285714286,20.3,23.81,0.0,3.3,1.81,0.4,0.06896551724137931,batch,421000400,Round Robin,0.1900400793728757,0.2513556258472662,0.12065070040668774,0.23297101449275368,0.7579710144927536
10.0,1.6666666666666667,19.2,86.36,0.0,4.3,0.61,0.4,0.057291666666666664,batch,421000401,Round Robin,0.2750992341120879,0.20216637086826966,0.13299944351697274,0.307039510294936,0.7615606936416185
10.0,1.6666666666666667,21,56.2,0.0,3.2,1.96,0.6,0.07142857142857142,batch,421000402,Round Robin,0.2101042335799218,0.18683901292596947,0.12266727355484751,0.3130405097860719,0.7523501762632198
10.0,1.6666666666666667,18.3,53.01,0.0,2.8,1.36,0.4,0.08196721311475409,batch,421000403,Round Robin,0.15829504505483516,0.14281002638522425,0.1112026359143328,0.3013454146073586,0.753957783641161
10.0,2.0,21.8,85.36,0.0,3.3,0.81,0.5,0.08256880733944955,batch,421000404,Round Robin,0.24247902253938158,0.2015558698727016,0.12518230432668936,0.2670150704910063,0.7616690240452617
10.0,1.6666666666666667,19.5,93.05,0.0,2,1.8,0.4,0.046153846153846156,batch,421000405,Round Robin,0.2884010973550929,0.21541666666666667,0.14237478897017444,0.27222847495779406,0.7533333333333334
10.0,2.5,22.1,83.69,0.0,3,1.2,0.4,0.07239819004524888,batch,421000406,Round Robin,0.19438447873011597,0.1802461899179367,0.12091179385530229,0.2765706378802453,0.757620164126612
10.0,2.0,18.8,68.76,0.0,2.1,0.89,0.5,0.09574468085106383,batch,421000407,Round Robin,0.20839192630577247,0.21215700752428604,0.12271468144044319,0.3042936288088643,0.7552155771905424
10.0,1.6666666666666667,24.7,69.01,0.0,2.4,1.24,0.7,0.11740890688259109,batch,421000408,Round Robin,0.28954295296392196,0.24748571708643646,0.13405526512322627,0.273898431665422,0.7526285046728972
10.0,5.0,17.9,53.69,0.0,2.7,2.41,0.3,0.05027932960893855,batch,421000409,Round Robin,0.19975726568374252,0.21634615384615383,0.12127071823204419,0.2718232044198895,0.7529585798816568
10.0,2.0,22.4,39.04,0.0,3.3,0.81,0.7,0.08928571428571429,batch,421000410,Round Robin,0.18668374750589517,0.18156310291377403,0.12206375838926176,0.2567949463884964,0.7647420147420148
10.0,2.0,20.1,45.89,0.0,2.5,1.65,0.6,0.0845771144278607,batch,421000411,Round Robin,0.23102101895490043,0.19899858956276445,0.12829268292682927,0.2551391292770603,0.7556417489421721
10.0,3.3333333333333335,21.9,65.29,0.0,3.2,2.36,0.4,0.0593607305936073,batch,421000412,Round Robin,0.22842695381882772,0.24312499999999998,0.11989342806394315,0.2633214920071048,0.760625
10.0,2.5,20.2,38.56,0.0,2.5,2.45,0.3,0.04455445544554455,batch,421000413,Round Robin,0.24691597322314252,0.27112339527655804,0.1342189647274393,0.25,0.7543923865300146
10.0,5.0,20.8,88.36,0.0,3,1.6,0.5,0.07692307692307693,batch,421000414,Round Robin,0.19024824355971892,0.14285714285714285,0.11950000000000001,0.2995,0.7587822014051522
10.0,2.0,22.2,72.36,0.0,2.9,1.49,0.6,0.11261261261261261,batch,421000415,Round Robin,0.268660037595733,0.19316877152698048,0.1364040943480196,0.31453048509123277,0.7560275545350172
10.0,2.5,21.9,75.29,0.0,3.2,1.16,0.4,0.0502283105022831,batch,421000416,Round Robin,0.2825840950876557,0.2514177693761815,0.12098298676748581,0.253197115835086,0.760958904109589
10.0,2.5,20.7,91.21,0.0,3.3,3.01,0.5,0.10144927536231885,batch,421000417,Round Robin,0.3317646188646458,0.25,0.14377682403433478,0.24787654764847317,0.7639616055846422
10.0,1.6666666666666667,20,45,0.0,3.5,1.45,0.4,0.06,batch,421000418,Round Robin,0.17103159497525694,0.18566392479435956,0.11643192488262911,0.2765258215962441,0.7635135135135136
10.0,1.6666666666666667,18.5,37.85,0.0,2.8,1.76,0.6,0.11351351351351352,batch,421000419,Round Robin,0.3076440060114092,0.26091649942224654,0.12667380824852706,0.257133367769265,0.7568770226537217
10.0,3.3333333333333335,21.3,94.01,0.0,3.7,2.21,0.5,0.10328638497652583,batch,421000420,Round Robin,0.2050175393887515,0.15222348916761688,0.12344794651384908,0.3001432664756447,0.7636830102622577
10.0,2.5,24.6,53.04,0.0,3.3,1.81,0.7,0.09349593495934959,batch,421000421,Round Robin,0.17134270763034287,0.16316440049443756,0.10745365115399169,0.2507567158531971,0.765142150803461
10.0,1.1111111111111112,24.5,69.45,0.0,2.9,2.09,0.7,0.08979591836734693,batch,421000422,Round Robin,0.21991162991430152,0.18473684210526317,0.13334634908238968,0.2859234673955486,0.756578947368421
10.0,3.3333333333333335,21.2,68.16,0.0,3.7,2.61,0.6,0.09433962264150944,batch,421000423,Round Robin,0.23164830169325573,0.205181341886907,0.12116122840690978,0.28071017274472165,0.7678812415654521
10.0,3.3333333333333335,23.3,88.81,0.0,3,2.8,0.6,0.0944206008583691,batch,421000424,Round Robin,0.21783258121742657,0.18983327547826362,0.12194559704933147,0.25,0.7584525357607282
10.0,2.0,23.9,62.09,0.0,2.6,1.24,0.7,0.1087866108786611,batch,421000425,Round Robin,0.1971752035028946,0.21549707602339177,0.10774413000675895,0.27638190954773867,0.75
10.0,1.4285714285714286,24.3,60.21,0.0,2.4,2.04,0.7,0.102880658436214,batch,421000426,Round Robin,0.23884245928524628,0.20907473309608543,0.1152873505208497,0.27472211575316213,0.75
10.0,1.6666666666666667,25.3,66.41,0.0,2,2,0.6,0.09486166007905138,batch,421000427,Round Robin,0.22445945945945944,0.22455662057406248,0.12092592592592592,0.28814814814814815,0.7539414414414414
10.0,2.5,20,73.6,0.0,3.2,2.96,0.5,0.095,batch,421000428,Round Robin,0.2572131309058805,0.20277078085642317,0.11734431291816778,0.33980957282552754,0.7531486146095718
10.0,2.0,19.1,55.49,0.0,3.1,2.09,0.4,0.06806282722513089,batch,421000429,Round Robin,0.24608878352725022,0.21406491499227207,0.12844780962682534,0.25703082747431044,0.7600463678516229
10.0,1.6666666666666667,19.1,85.89,0.0,3.5,2.05,0.5,0.07853403141361257,batch,421000430,Round Robin,0.20839037973107016,0.16423357664233576,0.1301035953686776,0.2929616087751371,0.7671532846715328
10.0,2.5,20.2,98.56,0.0,3.3,1.61,0.5,0.07425742574257425,batch,421000431,Round Robin,0.20840421188718403,0.15772058823529414,0.11769809138230192,0.2583863504916136,0.7636029411764707
10.0,2.0,19.3,64.01,0.0,3.4,1.84,0.4,0.05181347150259067,batch,421000432,Round Robin,0.19814499126170657,0.19924812030075187,0.104797258709309,0.26941747572815533,0.7567669172932331
10.0,3.3333333333333335,23.8,80.16,0.0,2.5,1.45,0.6,0.08403361344537816,batch,421000433,Round Robin,0.1594018008012177,0.16816816816816815,0.11391087047063728,0.3031028738025823,0.754004004004004
10.0,2.5,18.7,87.21,0.0,2.7,1.61,0.5,0.09090909090909091,batch,421000434,Round Robin,0.2666118188251946,0.18670382165605093,0.1402777777777778,0.29444444444444445,0.750796178343949
10.0,1.4285714285714286,13.4,26.84,0.0,3.6,1.24,0.1,0.03731343283582089,batch,421000435,Round Robin,0.2761780104712042,0.21195652173913043,0.14472700074794315,0.28018729109587365,0.7706521739130434
10.0,1.4285714285714286,22.4,56.24,0.0,3.2,1.36,0.7,0.11607142857142858,batch,421000436,Round Robin,0.20536566653495267,0.18302094818081588,0.10636480136693716,0.2726398974797095,0.7582690187431091
10.0,2.5,22.7,102.61,0.0,3,2.4,0.6,0.1013215859030837,batch,421000437,Round Robin,0.24458790580284814,0.1770967216952659,0.12896148220380302,0.25,0.7554719562243501
10.0,1.6666666666666667,19.8,48.76,0.0,3,2.2,0.4,0.05555555555555555,batch,421000438,Round Robin,0.22521639433882037,0.2714418968212611,0.14207920792079207,0.23389570552147237,0.7584355828220859
10.0,1.6666666666666667,16.9,30.09,0.0,2.8,1.76,0.3,0.05917159763313609,batch,421000439,Round Robin,0.21072567783094098,0.1952908587257618,0.12121212121212119,0.2941017316017316,0.7572714681440443
10.0,1.25,18.4,88.64,0.0,3.6,1.84,0.3,0.059782608695652176,batch,421000440,Round Robin,0.24332706766917292,0.17430034503532504,0.13649764150943397,0.3092570754716981,0.762406015037594
10.0,1.6666666666666667,22.8,77.16,0.0,2.8,1.76,0.6,0.12280701754385964,batch,421000441,Round Robin,0.27383687188663736,0.25,0.12458949096880131,0.2905635315982562,0.75
10.0,2.5,21.8,65.96,0.0,2.5,2.25,0.6,0.07339449541284404,batch,421000442,Round Robin,0.24420610723694058,0.21639447236180903,0.13383726100489107,0.290352757953042,0.7537688442211055
10.0,1.4285714285714286,20.8,65.56,0.0,3.1,1.49,0.6,0.10576923076923077,batch,421000443,Round Robin,0.2421126190558732,0.19985673352435532,0.1117832719621252,0.27945817990531296,0.755730659025788
10.0,3.3333333333333335,24.5,65.65,0.0,3,2,0.5,0.07755102040816327,batch,421000444,Round Robin,0.2436397428511698,0.20895470854605533,0.1360015929908403,0.25,0.752375296912114
10.0,2.5,23.1,69.69,0.0,3.1,1.69,0.5,0.08658008658008658,batch,421000445,Round Robin,0.20896287626801047,0.19797225186766276,0.10404875925119725,0.29984762734000875,0.7513340448239061
10.0,1.6666666666666667,21.5,61.85,0.0,2.5,2.45,0.4,0.08372093023255814,batch,421000446,Round Robin,0.2703680737563661,0.19769986505173287,0.14415979157620495,0.29602692140686065,0.7541966426858513
10.0,1.4285714285714286,18.5,73.85,0.0,2.5,0.65,0.4,0.08648648648648649,batch,421000447,Round Robin,0.23025639771003575,0.19066317626527052,0.12237149532710279,0.2591054070047178,0.7543630017452008
10.0,1.4285714285714286,20.9,53.09,0.0,2.3,2.21,0.6,0.10526315789473684,batch,421000448,Round Robin,0.1796185449202808,0.14361702127659576,0.11352657004830921,0.2640096618357488,0.7537546933667083
10.0,1.4285714285714286,15.9,43.09,0.0,2.9,1.69,0.2,0.0440251572327044,batch,421000449,Round Robin,0.22890426040755474,0.2093425605536332,0.13262764632627644,0.27801992528019925,0.7569204152249135
10.0,2.5,19.2,63.36,0.0,4.2,0.36,0.4,0.057291666666666664,batch,421000450,Round Robin,0.19517333759137034,0.1922503725782414,0.11255411255411256,0.25676406926406925,0.7637853949329358
10.0,1.25,23.4,69.84,0.0,2.6,2.04,0.4,0.05128205128205128,batch,421000451,Round Robin,0.16519688939873714,0.1844804129771137,0.10859136502398606,0.2543619142572283,0.7567934782608696
10.0,1.6666666666666667,21.9,41.29,0.0,3.4,2.04,0.5,0.0593607305936073,batch,421000452,Round Robin,0.21856856590312934,0.20342990775114325,0.12632042253521128,0.254181338028169,0.7618623962040332
10.0,1.6666666666666667,21.9,39.69,0.0,3.1,1.69,0.6,0.0730593607305936,batch,421000453,Round Robin,0.22742273625502804,0.23200662268632297,0.13231552162849874,0.25,0.7519710906701709
10.0,2.0,24.3,108.41,0.0,3.3,1.81,0.6,0.0823045267489712,batch,421000454,Round Robin,0.2807317636084759,0.21332046332046334,0.1295143212951432,0.2745295434078107,0.7641570141570142
10.0,1.4285714285714286,21.2,59.16,0.0,2.6,1.64,0.5,0.07547169811320754,batch,421000455,Round Robin,0.2592130444040869,0.2221865815268474,0.1281630740393627,0.25,0.7557887120115774
10.0,2.0,21.5,75.25,0.0,3.1,2.49,0.6,0.11162790697674418,batch,421000456,Round Robin,0.2619492286053601,0.21755162241887907,0.13102968460111314,0.300556586270872,0.7566371681415929
10.0,2.0,22.2,125.56,0.0,3.6,2.24,0.5,0.08108108108108109,batch,421000457,Round Robin,0.22786687509649528,0.15625,0.12178477690288714,0.25472440944881886,0.7720588235294117
10.0,3.3333333333333335,20.1,63.49,0.0,3.1,1.09,0.6,0.10945273631840796,batch,421000458,Round Robin,0.2584563627260627,0.20125964451014844,0.13194444444444445,0.2941865229216955,0.7614985163204748
10.0,2.5,23.8,73.36,0.0,2.8,1.76,0.5,0.06722689075630252,batch,421000459,Round Robin,0.2670228490574472,0.21975806451612903,0.1261071277941797,0.28397013432436574,0.7546082949308756
10.0,2.0,26.6,56.64,0.0,3.1,1.69,0.9,0.10902255639097744,batch,421000460,Round Robin,0.17316922623036557,0.15287769784172664,0.1020297209133744,0.2617796303008337,0.7530832476875642
10.0,2.0,23.7,118.01,0.0,2.4,2.04,0.5,0.0759493670886076,batch,421000461,Round Robin,0.21170659955182597,0.15674603174603174,0.09739941118743863,0.2789116741032531,0.7545351473922903
10.0,1.6666666666666667,23.4,60.64,0.0,3.3,2.01,0.5,0.07264957264957266,batch,421000462,Round Robin,0.21621024276352285,0.22093913260174974,0.11455641688199827,0.25,0.7611940298507462
10.0,2.5,21.3,46.61,0.0,3.4,1.04,0.4,0.051643192488262914,batch,421000463,Round Robin,0.2174422166349725,0.212708830548926,0.11965240641711228,0.2647058823529411,0.7670047732696897
10.0,1.6666666666666667,20,73.2,0.0,2.9,1.89,0.3,0.05,batch,421000464,Round Robin,0.23069548296249012,0.1954492415402567,0.11958146487294469,0.29260089686098656,0.7572928821470245
10.0,2.5,15.1,24.29,0.0,2.9,2.49,0.3,0.07947019867549669,batch,421000465,Round Robin,0.2274074589151526,0.21315298507462688,0.1269740998104864,0.26326595072646874,0.7593283582089552
10.0,1.6666666666666667,22.9,65.89,0.0,3.3,1.21,0.6,0.1091703056768559,batch,421000466,Round Robin,0.21602519722124097,0.1837248322147651,0.12126315789473686,0.30511281846808164,0.7539149888143177
10.0,2.0,22.9,67.69,0.0,2.4,1.64,0.5,0.06550218340611354,batch,421000467,Round Robin,0.17774139315467233,0.1911008230452675,0.1272357723577236,0.29484440886879915,0.7536008230452675
10.0,2.0,21,68.8,0.0,3.8,1.76,0.5,0.09047619047619047,batch,421000468,Round Robin,0.18967743117066482,0.1836139896373057,0.1167095115681234,0.2955012853470437,0.770077720207254
10.0,1.6666666666666667,24.1,90.49,0.0,2.3,1.21,0.6,0.1037344398340249,batch,421000469,Round Robin,0.22700645353557156,0.19171779141104295,0.10762144053601341,0.2859804204804854,0.753680981595092
10.0,2.0,19.9,23.29,0.0,3.5,1.85,0.5,0.07035175879396985,batch,421000470,Round Robin,0.24529257927427264,0.270137299771167,0.14302059496567507,0.24097744360902254,0.7646616541353384
10.0,2.5,22.3,45.41,0.0,3.7,1.21,0.5,0.08968609865470852,batch,421000471,Round Robin,0.1847532112709219,0.20482106928878474,0.1126373626373626,0.25,0.7619196988707654
10.0,2.0,26.5,67.65,0.0,3.3,1.61,0.8,0.10943396226415095,batch,421000472,Round Robin,0.1911824965493444,0.1572024039286327,0.1254313319530711,0.28262213690332966,0.7600446428571428
10.0,1.6666666666666667,20.5,55.05,0.0,1.9,1.69,0.4,0.05853658536585366,batch,421000473,Round Robin,0.23743187595527018,0.24100996292474608,0.13159122725151656,0.25747583568264193,0.7546948356807512
10.0,1.6666666666666667,15.8,28.16,0.0,3.2,1.36,0.3,0.06962025316455696,batch,421000474,Round Robin,0.28193871332917314,0.24543610547667344,0.1336544250451535,0.25060204695966287,0.75
10.0,2.5,21.3,69.21,0.0,2.7,1.01,0.4,0.06103286384976526,batch,421000475,Round Robin,0.23855706416742295,0.23029901432311714,0.12957937584803256,0.26786521935775665,0.7552980132450331
10.0,1.6666666666666667,19,29.2,0.0,1.9,1.69,0.4,0.07368421052631578,batch,421000476,Round Robin,0.23037941515564409,0.22150455927051674,0.12807881773399013,0.2541871921182266,0.7530395136778115
10.0,1.4285714285714286,21.9,90.69,0.0,2.3,2.41,0.7,0.0867579908675799,batch,421000477,Round Robin,0.18941090687078282,0.15722503872522942,0.1273705791901589,0.25,0.7555292259083728
10.0,1.4285714285714286,25.2,65.16,0.0,3,2.2,0.6,0.08333333333333333,batch,421000478,Round Robin,0.19708159165754874,0.2171379775228456,0.12728332685581037,0.25,0.7583718244803694
10.0,2.0,19.2,24.56,0.0,2.6,2.04,0.3,0.057291666666666664,batch,421000479,Round Robin,0.20394400158237286,0.22090663058186735,0.11972157772621811,0.25,0.7554127198917455
10.0,1.6666666666666667,22,62,0.0,3.4,2.84,0.6,0.07272727272727272,batch,421000480,Round Robin,0.2012712793962794,0.16732954545454548,0.1222651222651223,0.2907550407550408,0.7610795454545455
10.0,1.1111111111111112,20.8,89.56,0.0,3.3,2.61,0.4,0.0673076923076923,batch,421000481,Round Robin,0.2145395344067275,0.190189110393192,0.12160804020100502,0.28615105102257843,0.7536443148688047
10.0,2.5,23.8,69.36,0.0,2.4,3.04,0.6,0.08403361344537816,batch,421000482,Round Robin,0.24840774177590902,0.20047198324336485,0.13484726688102894,0.2713022508038585,0.7554086538461539
10.0,1.4285714285714286,22.9,76.89,0.0,3.6,1.84,0.6,0.08296943231441048,batch,421000483,Round Robin,0.24595707737997805,0.2552849576894949,0.11585365853658536,0.2911585365853659,0.7620805369127517
10.0,1.25,26.4,65.44,0.0,2.8,1.36,0.8,0.0946969696969697,batch,421000484,Round Robin,0.21381200909410675,0.1925672117472362,0.11896610749743236,0.2888071420732614,0.7521119324181627
10.0,1.6666666666666667,17.6,50.84,0.0,2.9,1.89,0.3,0.05113636363636364,batch,421000485,Round Robin,0.19739277686393458,0.17718794835007176,0.11981828506530379,0.280664395229983,0.7521520803443329
10.0,2.0,23.7,57.41,0.0,3.2,1.36,0.6,0.10126582278481013,batch,421000486,Round Robin,0.21585574713347813,0.19745395449620803,0.11813408723747978,0.26124862842580804,0.7589382448537378
10.0,2.0,19,49.2,0.0,2.9,0.49,0.5,0.10526315789473684,batch,421000487,Round Robin,0.17502706561461404,0.1694484760522496,0.10260586319218241,0.25678610206297503,0.7550798258345428
10.0,1.6666666666666667,22,71,0.0,2.8,2.36,0.5,0.07272727272727272,batch,421000488,Round Robin,0.18678744147759427,0.19374999999999998,0.11668145804393681,0.2705278592375367,0.75
10.0,3.3333333333333335,19.2,123.16,0.0,3.6,1.64,0.4,0.08854166666666667,batch,421000489,SJF,0.24328496041333203,0.11622554660529343,0.1317626527050611,0.36052937754508435,0.7638089758342923
10.0,1.25,24.9,32.69,0.0,3.1,2.69,0.8,0.12048192771084337,batch,421000490,Round Robin,0.23755887755397212,0.23620457879623788,0.1163039600428113,0.25,0.7561936936936937
10.0,1.25,26.2,90.36,0.0,2.7,2.61,0.7,0.08778625954198473,batch,421000491,Round Robin,0.25614469967805015,0.24016497461928935,0.12431906614785992,0.25778210116731515,0.7538071065989848
10.0,2.5,16.9,62.49,0.0,2.6,2.44,0.3,0.0650887573964497,batch,421000492,Round Robin,0.18699663627850086,0.17795950155763238,0.12392638036809814,0.29294478527607365,0.7538940809968847
10.0,2.0,21.6,31.24,0.0,2.6,1.44,0.6,0.0787037037037037,batch,421000493,Round Robin,0.1973822128220098,0.20562365056388085,0.1176718684099536,0.25,0.7573891625615763
10.0,2.0,23.5,72.25,0.0,4,1.4,0.7,0.08936170212765958,batch,421000494,Round Robin,0.2520614905732473,0.25,0.11279018834866404,0.26339083512735206,0.7563829787234042
10.0,2.0,18.5,46.65,0.0,2.8,2.16,0.3,0.06486486486486487,batch,421000495,Round Robin,0.22294729825722265,0.19743935309973043,0.13898916967509023,0.28945332645693655,0.7526954177897573
10.0,2.0,15.9,60.09,0.0,2.9,1.09,0.3,0.07547169811320754,batch,421000496,Round Robin,0.22866118115623318,0.21781461212189104,0.12987465181058494,0.28571289919595805,0.763157894736842
10.0,1.6666666666666667,21.3,154.01,0.0,3.5,2.85,0.4,0.056338028169014086,batch,421000497,Round Robin,0.20123226605165684,0.13962395543175488,0.12037037037037035,0.2876344086021505,0.7646239554317549
10.0,1.4285714285714286,14.7,65.01,0.0,3.2,2.36,0.2,0.04081632653061224,batch,421000498,Round Robin,0.28955808505301805,0.2307381560283688,0.14258841234010533,0.2721971407072987,0.7618203309692672
10.0,2.5,21.2,59.56,0.0,2.6,1.44,0.5,0.07075471698113207,batch,421000499,Round Robin,0.2359431387555739,0.24539698167960838,0.1277046095954845,0.25,0.7507062146892656
8.0,0.8,26,159,0.0,3.75,1.4375,0.25,0.009615384615384616,cpu_intensive,422000000,Round Robin,0.2338131697256879,0.18140929535232383,0.1114797611147976,0.31204379562043794,0.7638680659670165
8.0,0.8888888888888888,33.25,153.4375,0.0,3.375,2.234375,0.375,0.018796992481203006,cpu_intensive,422000001,Round Robin,0.2183321571071257,0.20689655172413793,0.12288353001539251,0.28030939863408605,0.7535121328224776
8.0,1.1428571428571428,28.25,143.9375,0.0,3.375,2.234375,0.375,0.022123893805309734,cpu_intensive,422000002,Round Robin,0.2763004658385093,0.2255297471948917,0.1307367149758454,0.3179347826086957,0.7581845238095238
8.0,1.6,30,169.25,0.0,3,2.5,0.375,0.020833333333333332,cpu_intensive,422000003,Round Robin,0.22107294188861984,0.18415178571428573,0.12316384180790961,0.26044983996833837,0.7626488095238095
8.0,0.6153846153846154,39.25,150.6875,0.0,3.625,1.734375,0.75,0.03184713375796178,cpu_intensive,422000004,Round Robin,0.18024507461847616,0.14790723981900453,0.11614906832298137,0.2636645962732919,0.7601809954751131
8.0,1.1428571428571428,26.25,89.4375,0.0,3.75,1.4375,0.25,0.023809523809523808,cpu_intensive,422000005,Round Robin,0.19685870652579224,0.19209431345353675,0.11648465938637545,0.29420176807072285,0.7631761442441054
8.0,2.0,24.875,62.109375,0.0,2.625,2.234375,0.25,0.010050251256281407,cpu_intensive,422000006,Round Robin,0.1846296356985142,0.20012770829663554,0.1214549938347719,0.25267959770114945,0.7583056478405316
8.0,4.0,29.875,150.859375,0.0,2.875,1.109375,0.375,0.012552301255230125,cpu_intensive,422000007,Round Robin,0.24015509433731028,0.1882433133615288,0.12836185819070906,0.3147921760391198,0.7531328320802004
8.0,0.8,26.625,163.234375,0.0,2.375,2.484375,0.25,0.018779342723004695,cpu_intensive,422000008,Round Robin,0.24232449094007397,0.17537942664418213,0.13206307490144548,0.27762538342083565,0.7516863406408094
8.0,0.8,27.125,110.859375,0.0,3.25,1.9375,0.375,0.02304147465437788,cpu_intensive,422000009,Round Robin,0.21959256422848544,0.22328778413871497,0.09953569355774812,0.25,0.7629437869822485
8.0,0.6153846153846154,29.875,186.359375,0.0,3.375,1.484375,0.375,0.029288702928870293,cpu_intensive,422000010,Round Robin,0.21611318190033116,0.1989409984871407,0.13011777902411667,0.28365114974761635,0.7658850226928895
8.0,1.0,33.625,202.984375,0.0,1.75,1.6875,0.625,0.03717472118959108,cpu_intensive,422000011,Round Robin,0.2577695795479262,0.20731904926368053,0.14143619602134885,0.32666181465308103,0.7537931034482759
8.0,1.0,30.625,138.984375,0.0,2.625,1.484375,0.375,0.02040816326530612,cpu_intensive,422000012,Round Robin,0.2550314199491573,0.21914008321775313,0.13391399020141534,0.27415182516821346,0.7572815533980582
8.0,1.0,29.625,290.234375,0.0,3.125,2.359375,0.5,0.029535864978902954,cpu_intensive,422000013,Round Robin,0.25082124955245255,0.12959183673469388,0.12796052631578947,0.3417763157894737,0.7612244897959184
8.0,0.8888888888888888,28.375,148.734375,0.0,2.5,2,0.5,0.030837004405286344,cpu_intensive,422000014,Round Robin,0.2694585904750696,0.18711053990000884,0.11650758001122966,0.3196238068500842,0.7540029112081514
8.0,0.7272727272727273,27.25,192.9375,0.0,2.625,1.484375,0.375,0.03211009174311927,cpu_intensive,422000015,Round Robin,0.17642103142137014,0.15616797900262466,0.08371939113170086,0.29765056254136335,0.7559055118110236
8.0,0.7272727272727273,35.375,132.984375,0.0,3.125,2.359375,0.625,0.0353356890459364,cpu_intensive,422000016,Round Robin,0.1778911008053895,0.18884248210023866,0.11347348303870043,0.2617056856187291,0.7592482100238663
8.0,1.0,30.125,117.609375,0.0,2.75,2.6875,0.5,0.024896265560165973,cpu_intensive,422000017,Round Robin,0.23181727185931195,0.2032846715328467,0.1160337552742616,0.25922995780590713,0.7598540145985402
8.0,0.8888888888888888,29,180,0.0,2.375,1.484375,0.375,0.03017241379310345,cpu_intensive,422000018,Round Robin,0.29950950464537723,0.21092107709024943,0.1347045191193511,0.25115874855156434,0.7549283154121864
8.0,0.8,38.375,96.984375,0.0,3.375,2.234375,0.875,0.05863192182410423,cpu_intensive,422000019,Round Robin,0.22154028933675496,0.20631570599160667,0.13080587534736007,0.25,0.7639508928571428
8.0,0.8,36.75,65.9375,0.0,2.75,2.6875,0.75,0.047619047619047616,cpu_intensive,422000020,Round Robin,0.20580500798976106,0.19025367156208278,0.11329851345922057,0.2622539172358377,0.7513351134846462
8.0,0.6153846153846154,24.875,95.359375,0.0,3.5,1.75,0.125,0.010050251256281407,cpu_intensive,422000021,Round Robin,0.22889393387023718,0.25,0.11782404332438252,0.24706139042631933,0.75434439178515
8.0,1.1428571428571428,32.125,110.859375,0.0,3.375,1.734375,0.5,0.023346303501945526,cpu_intensive,422000022,Round Robin,0.23329722664410274,0.25472994885251515,0.147170837867247,0.25,0.7685325264750378
8.0,1.1428571428571428,31.75,200.4375,0.0,3.375,1.734375,0.5,0.031496062992125984,cpu_intensive,422000023,Round Robin,0.14438321138155852,0.12078651685393259,0.10599306587419514,0.3277612679544329,0.7584269662921348
8.0,0.8888888888888888,30.5,215.5,0.0,3,1.75,0.25,0.01639344262295082,cpu_intensive,422000024,Round Robin,0.28175057208237986,0.2268,0.14130434782608695,0.24515102974828373,0.7536
8.0,1.6,35.125,193.359375,0.0,2.25,2.6875,0.625,0.02491103202846975,cpu_intensive,422000025,Round Robin,0.21165562561523932,0.19436906377204885,0.111577964519141,0.25093370681605975,0.7547489823609226
8.0,1.3333333333333333,35.875,92.109375,0.0,3.875,0.859375,0.625,0.0313588850174216,cpu_intensive,422000026,Round Robin,0.1799603174603175,0.2151875657275696,0.11646825396825397,0.28194444444444444,0.7607142857142857
8.0,0.7272727272727273,32.875,124.109375,0.0,3.5,1.5,0.5,0.030418250950570342,cpu_intensive,422000027,Round Robin,0.25478046123093323,0.2201776649746193,0.1409561360275998,0.27686052242483983,0.7658629441624365
8.0,2.0,30.875,165.859375,0.0,2.875,1.359375,0.75,0.03643724696356275,cpu_intensive,422000028,Round Robin,0.2305181475841914,0.19695723684210525,0.12402698495070057,0.30578619615983393,0.7549342105263157
8.0,0.7272727272727273,30.125,142.859375,0.0,3,1.5,0.375,0.016597510373443983,cpu_intensive,422000029,Round Robin,0.2576481470044145,0.2142330383480826,0.13334995014955134,0.27293120638085744,0.7573746312684366
8.0,1.3333333333333333,38,246.5,0.0,2.625,1.734375,0.625,0.039473684210526314,cpu_intensive,422000030,Round Robin,0.2036271304534248,0.1953750618047739,0.12668024439918535,0.285234215885947,0.7538377192982456
8.0,0.8,32.375,121.484375,0.0,2.75,1.6875,0.5,0.03088803088803089,cpu_intensive,422000031,Round Robin,0.22943026352726684,0.19353899883585565,0.12143474503025065,0.3277873811581677,0.7549476135040745
8.0,1.1428571428571428,31.875,123.359375,0.0,2.875,1.859375,0.375,0.027450980392156862,cpu_intensive,422000032,Round Robin,0.22032152747412914,0.229588721637445,0.12177525142107565,0.2720813292522956,0.7556666666666667
8.0,0.5714285714285714,29.875,85.359375,0.0,3.125,2.109375,0.375,0.03765690376569038,cpu_intensive,422000033,Round Robin,0.3021683771213666,0.2551903114186851,0.15715109573241062,0.24750698654077566,0.7678875638841567
8.0,1.3333333333333333,35.25,174.9375,0.0,3,1.5,0.75,0.03900709219858156,cpu_intensive,422000034,Round Robin,0.20548910018107713,0.17298895621516824,0.11933174224343673,0.2518415330252786,0.7597184986595173
8.0,0.8,36.625,197.984375,0.0,3.125,2.359375,0.625,0.030716723549488054,cpu_intensive,422000035,Round Robin,0.1890920693472479,0.20519406392694065,0.12057946314443971,0.28365999147848314,0.754566210045662
8.0,1.0,26.5,141.5,0.0,2.875,1.359375,0.25,0.02358490566037736,cpu_intensive,422000036,Round Robin,0.3033331616696942,0.24113805970149255,0.13048933500627352,0.25501882057716435,0.7583955223880596
8.0,1.0,39,182.5,0.0,2.5,2.25,0.75,0.04487179487179487,cpu_intensive,422000037,Round Robin,0.23889307083574599,0.19151515151515153,0.1265923566878981,0.2677149681528663,0.7536363636363637
8.0,1.0,30,213,0.0,4.125,1.609375,0.5,0.041666666666666664,cpu_intensive,422000038,Round Robin,0.2107968506127243,0.16435768261964737,0.09785276073619632,0.30000000000000004,0.7638539042821159
8.0,0.8888888888888888,23.5,57,0.0,2.375,1.984375,0.25,0.010638297872340425,cpu_intensive,422000039,Round Robin,0.23202975332447223,0.18100511073253833,0.13064713064713065,0.2805250305250305,0.7576660988074957
8.0,1.0,33.25,203.9375,0.0,3.375,2.234375,0.5,0.022556390977443608,cpu_intensive,422000040,Round Robin,0.26520598144493196,0.19588382656988063,0.12723819858925664,0.27495930548019537,0.7554719562243501
8.0,1.6,31.375,106.484375,0.0,2.625,2.484375,0.375,0.02390438247011952,cpu_intensive,422000041,Round Robin,0.20697193714541917,0.218091697645601,0.1267806267806268,0.27345161232629267,0.7558859975216852
8.0,1.0,28.5,142.75,0.0,2.375,1.234375,0.375,0.03070175438596491,cpu_intensive,422000042,Round Robin,0.20071399254369465,0.20451183431952663,0.10838150289017341,0.26213872832369944,0.7551775147928994
8.0,1.1428571428571428,33.25,152.6875,0.0,2.875,1.609375,0.75,0.03007518796992481,cpu_intensive,422000043,Round Robin,0.30110076335035796,0.23894641928180763,0.13940520446096655,0.287407063197026,0.7551928783382789
8.0,1.0,29.625,144.734375,0.0,3,2.25,0.375,0.016877637130801686,cpu_intensive,422000044,Round Robin,0.2351407658593616,0.20887445887445888,0.1204059243006034,0.31006582556226003,0.755050505050505
8.0,1.0,26.625,79.484375,0.0,3,2.75,0.5,0.051643192488262914,cpu_intensive,422000045,Round Robin,0.21622394016895294,0.22656149086775684,0.12477718360071301,0.25720749158249157,0.7640398550724637
8.0,1.0,26.625,189.734375,0.0,3.5,2,0.25,0.018779342723004695,cpu_intensive,422000046,Round Robin,0.22588648464937125,0.17310996563573883,0.12967032967032968,0.2913919413919414,0.761168384879725
8.0,1.3333333333333333,25.875,123.859375,0.0,2.75,1.9375,0.25,0.024154589371980676,cpu_intensive,422000047,Round Robin,0.28115639563820644,0.2099820143884892,0.15471698113207547,0.2764447516526338,0.760341726618705
8.0,1.0,28.25,43.9375,0.0,3.5,2.5,0.25,0.022123893805309734,cpu_intensive,422000048,Round Robin,0.23734523293346824,0.25095275903136166,0.1581612473035121,0.26006889242183356,0.7617424242424242
8.0,1.0,30,131.5,0.0,3.375,2.234375,0.5,0.0375,cpu_intensive,422000049,Round Robin,0.221142925511372,0.21842496285289748,0.08999407933688573,0.2579928952042629,0.7600297176820208
8.0,1.1428571428571428,29,146.5,0.0,2.375,1.984375,0.5,0.034482758620689655,cpu_intensive,422000050,Round Robin,0.15552792021036538,0.16931982633863965,0.11133486766398158,0.27617951668584584,0.7543415340086831
8.0,0.6666666666666666,33.75,179.9375,0.0,3.375,1.484375,0.5,0.03333333333333333,cpu_intensive,422000051,Round Robin,0.16954647510903995,0.20519728943244947,0.1163471778487753,0.25,0.7668789808917198
8.0,0.8888888888888888,31.625,96.484375,0.0,2.625,1.234375,0.5,0.03162055335968379,cpu_intensive,422000052,Round Robin,0.2143050151318634,0.23865110246433205,0.11412037037037037,0.2590277777777778,0.75810635538262
8.0,1.6,29.75,115.4375,0.0,2.5,2,0.625,0.037815126050420166,cpu_intensive,422000053,Round Robin,0.21574181694374003,0.15325443786982249,0.11458333333333333,0.31646825396825395,0.754733727810651
8.0,1.0,35.75,49.4375,0.0,4,1,0.875,0.04895104895104895,cpu_intensive,422000054,Round Robin,0.19349991652290055,0.18996305418719212,0.11511492014024152,0.25662251655629137,0.7567733990147782
8.0,0.6666666666666666,24.375,31.984375,0.0,3.25,2.1875,0.125,0.015384615384615385,cpu_intensive,422000055,Round Robin,0.24294229000361356,0.23330479452054795,0.14838129496402877,0.26258992805755393,0.7632705479452055
8.0,1.0,38.125,152.859375,0.0,3.5,1.75,0.625,0.03934426229508197,cpu_intensive,422000056,Round Robin,0.19968113524555486,0.20696969696969697,0.1122856003191065,0.28709613083366575,0.753030303030303
8.0,1.3333333333333333,34,165.75,0.0,3.125,1.859375,0.625,0.029411764705882353,cpu_intensive,422000057,Round Robin,0.2122772815065186,0.179375,0.12312892322549493,0.25579430226943506,0.7615624999999999
8.0,1.0,34.625,115.984375,0.0,3.25,1.9375,0.5,0.02527075812274368,cpu_intensive,422000058,Round Robin,0.1563238770685579,0.18482844546674335,0.11795693999083831,0.2628193574809627,0.7570921985815603
8.0,1.3333333333333333,25.375,103.734375,0.0,3,2.75,0.25,0.019704433497536946,cpu_intensive,422000059,Round Robin,0.2799328039095907,0.24493262200050503,0.13927916921197311,0.25306369226043407,0.75
8.0,1.0,33.375,170.734375,0.0,4.5,0.5,0.75,0.04119850187265917,cpu_intensive,422000060,Round Robin,0.21315630315630316,0.20692307692307693,0.11154791154791155,0.2907862407862408,0.755
8.0,1.1428571428571428,23.875,143.859375,0.0,3.375,1.734375,0.25,0.020942408376963352,cpu_intensive,422000061,Round Robin,0.294777951027951,0.18646568044400408,0.13603988603988604,0.3265669515669516,0.7639358108108107
8.0,1.6,34.875,178.609375,0.0,2.75,2.6875,0.625,0.04659498207885305,cpu_intensive,422000062,Round Robin,0.24581307395145535,0.1902654867256637,0.12421449518223712,0.3346250523669878,0.7533185840707964
8.0,1.1428571428571428,34.625,123.734375,0.0,3.125,2.109375,0.625,0.05054151624548736,cpu_intensive,422000063,Round Robin,0.17463715881093528,0.17426187419768935,0.09770621967357741,0.28220114689016323,0.7525673940949935
8.0,1.0,27.625,68.734375,0.0,2.625,2.234375,0.25,0.027149321266968326,cpu_intensive,422000064,Round Robin,0.2658505990253627,0.23887227682494377,0.14570290267501423,0.25,0.7562189054726368
8.0,1.6,24.25,177.1875,0.0,1.125,0.109375,0.25,0.020618556701030927,cpu_intensive,422000065,Round Robin,0.28053042947648016,0.2257118125157625,0.133130081300813,0.2984417344173442,0.7544150110375276
8.0,0.8,30.5,101.25,0.0,2.625,1.984375,0.5,0.028688524590163935,cpu_intensive,422000066,Round Robin,0.2118808112886328,0.221484375,0.11733892090099529,0.26283394447354635,0.755859375
8.0,0.8,42.375,42.234375,0.0,3.125,1.859375,0.875,0.04424778761061947,cpu_intensive,422000067,Round Robin,0.18163270934511444,0.20213843135297843,0.1205919395465995,0.25298635960074256,0.7565172054223149
8.0,1.1428571428571428,28.25,205.6875,0.0,3.625,1.984375,0.375,0.02654867256637168,cpu_intensive,422000068,Round Robin,0.2633078430419568,0.20148026315789475,0.14741437206178643,0.2882506362447422,0.7652138157894737
8.0,0.6153846153846154,26.75,107.9375,0.0,3,1.75,0.25,0.02336448598130841,cpu_intensive,422000069,Round Robin,0.22110270915108135,0.20532786885245902,0.1159037558685446,0.27699530516431925,0.7602459016393442
8.0,1.0,30.875,198.859375,0.0,2.75,0.9375,0.5,0.024291497975708502,cpu_intensive,422000070,Round Robin,0.18550574515018037,0.16642547033285093,0.10548748002131061,0.28249866808737345,0.7514471780028944
8.0,1.6,37,188.75,0.0,3.25,2.6875,0.5,0.030405405405405407,cpu_intensive,422000071,Round Robin,0.2042830187157798,0.17762182312830618,0.12100949094046592,0.27955133735979293,0.7609034267912773
8.0,1.1428571428571428,36.875,186.109375,0.0,2.875,2.609375,0.75,0.03728813559322034,cpu_intensive,422000072,Round Robin,0.22709572815500303,0.18766442967938038,0.1321129245699162,0.26367445963828845,0.7565530799475754
8.0,1.0,33.5,167.75,0.0,2.375,1.484375,0.625,0.033582089552238806,cpu_intensive,422000073,Round Robin,0.27313304922362996,0.25,0.1304449648711944,0.2468504959891456,0.7557781201848999
8.0,1.1428571428571428,31.625,115.984375,0.0,2.875,2.109375,0.5,0.039525691699604744,cpu_intensive,422000074,Round Robin,0.2714185932271038,0.25,0.11060606060606061,0.24048079579994472,0.7526595744680851
8.0,1.3333333333333333,35.125,86.859375,0.0,3.125,1.609375,0.625,0.028469750889679714,cpu_intensive,422000075,Round Robin,0.2229859648764132,0.23689756213737,0.13369656328583404,0.2518790087875449,0.7625
8.0,1.0,21.625,86.234375,0.0,2.625,1.734375,0.125,0.005780346820809248,cpu_intensive,422000076,Round Robin,0.21678168430447534,0.18134469696969696,0.1132538569424965,0.27314165497896215,0.7566287878787878
8.0,1.3333333333333333,33.625,186.734375,0.0,3.25,1.9375,0.375,0.01858736059479554,cpu_intensive,422000077,Round Robin,0.21270203486873535,0.21574626173202693,0.12947586922677737,0.25,0.7625827814569537
8.0,0.8888888888888888,30,116.25,0.0,3.5,1.5,0.375,0.025,cpu_intensive,422000078,Round Robin,0.19427659814772985,0.19847517985365287,0.12679425837320574,0.25,0.771101573676681
8.0,1.3333333333333333,30.625,158.484375,0.0,3,0.75,0.625,0.04081632653061224,cpu_intensive,422000079,Round Robin,0.2248269503288398,0.18870271792449403,0.12811671087533155,0.25,0.7542808219178082
8.0,0.8,35.25,241.4375,0.0,3.5,1.75,0.625,0.031914893617021274,cpu_intensive,422000080,Round Robin,0.2540266106442577,0.19715073529411764,0.13182773109243698,0.25,0.7671130952380952
8.0,0.8,29,127.25,0.0,2,0.75,0.625,0.03879310344827586,cpu_intensive,422000081,Round Robin,0.17853322639678482,0.1531496062992126,0.0996060776589758,0.2668823860438942,0.7531496062992127
8.0,1.1428571428571428,31.125,124.859375,0.0,1.875,1.859375,0.375,0.024096385542168676,cpu_intensive,422000082,Round Robin,0.23905252930483295,0.22911051212938005,0.11906976744186046,0.27372093023255817,0.7540431266846361
8.0,0.8,28.375,164.984375,0.0,3.125,1.859375,0.375,0.030837004405286344,cpu_intensive,422000083,Round Robin,0.260099102193004,0.2523729194781827,0.1345565749235474,0.3101048259170224,0.7562388591800356
8.0,1.0,31.375,183.234375,0.0,3.5,2.5,0.5,0.027888446215139442,cpu_intensive,422000084,Round Robin,0.25355255445169095,0.21321916755015663,0.13777644949193066,0.25,0.7698259187620891
8.0,0.8,31.5,105.5,0.0,4,1.25,0.5,0.03571428571428571,cpu_intensive,422000085,Round Robin,0.2776187608370505,0.2479235880398671,0.141601368611931,0.2522410358565737,0.75
8.0,1.3333333333333333,25.875,143.109375,0.0,2.875,0.609375,0.375,0.033816425120772944,cpu_intensive,422000086,Round Robin,0.2268317268317268,0.20279720279720279,0.12258687258687259,0.2696267696267696,0.7508741258741258
8.0,0.8,24.5,146,0.0,3.5,3,0.25,0.02040816326530612,cpu_intensive,422000087,Round Robin,0.282201984183683,0.23507215550419347,0.14508828430475437,0.2783737024221453,0.7661579892280073
8.0,0.6666666666666666,21,45,0.0,3.5,1.75,0.125,0.011904761904761904,cpu_intensive,422000088,Round Robin,0.30085435313262815,0.22506259668874867,0.161513425549227,0.22317596566523606,0.7569742489270386
8.0,0.8888888888888888,31.375,111.484375,0.0,3.5,2,0.625,0.03187250996015936,cpu_intensive,422000089,Round Robin,0.21067574097938144,0.18883269068400477,0.14676339285714285,0.26478794642857145,0.7555228276877761
8.0,1.0,29.375,101.484375,0.0,2.375,1.234375,0.25,0.02127659574468085,cpu_intensive,422000090,Round Robin,0.2671439706140993,0.2533292347408783,0.13462481608631682,0.25,0.7503949447077409
8.0,0.8,29.75,81.1875,0.0,3.375,1.734375,0.375,0.02100840336134454,cpu_intensive,422000091,Round Robin,0.20982541301615637,0.24560117302052786,0.11264822134387352,0.26665725578769056,0.7569648093841642
8.0,0.8,24.125,80.609375,0.0,2.75,1.9375,0.25,0.02072538860103627,cpu_intensive,422000092,Round Robin,0.2366689128481581,0.19025157232704404,0.12976190476190477,0.29375,0.7574685534591195
8.0,1.1428571428571428,34.75,177.4375,0.0,2.75,0.6875,0.375,0.02158273381294964,cpu_intensive,422000093,Round Robin,0.24868397503839298,0.22583532219570407,0.11921867983834755,0.30859901212393354,0.7568615751789975
8.0,0.6666666666666666,37.625,139.234375,0.0,3,2,0.875,0.046511627906976744,cpu_intensive,422000094,Round Robin,0.27727115088915627,0.2037037037037037,0.1349779382270357,0.2798836742880064,0.7563657407407407
8.0,0.8888888888888888,28.75,89.4375,0.0,4,1.75,0.5,0.043478260869565216,cpu_intensive,422000095,Round Robin,0.2622547092869005,0.23436086294293448,0.14737136465324385,0.28635346756152125,0.7697657393850659
8.0,0.6666666666666666,37.125,151.609375,0.0,2.25,2.1875,0.75,0.04713804713804714,cpu_intensive,422000096,Round Robin,0.24190389605235088,0.25349149178580616,0.12181923269647704,0.28741510098579603,0.75
8.0,1.1428571428571428,34.25,211.9375,0.0,2.875,2.359375,0.375,0.01824817518248175,cpu_intensive,422000097,Round Robin,0.26406223778500815,0.23881150673323753,0.13337929531638626,0.26436781609195403,0.75
8.0,0.8,36.5,127.75,0.0,3.625,2.234375,0.5,0.0273972602739726,cpu_intensive,422000098,Round Robin,0.22267685033642481,0.27293144208037823,0.15531914893617021,0.22899408284023667,0.7562130177514793
8.0,1.6,28.625,126.484375,0.0,2.625,0.484375,0.375,0.026200873362445413,cpu_intensive,422000099,Round Robin,0.22081439815256193,0.16666666666666666,0.11723392760669908,0.3040248514316585,0.753921568627451
8.0,1.6,27.375,117.234375,0.0,2.25,1.4375,0.125,0.0091324200913242,cpu_intensive,422000100,Round Robin,0.24964181458397736,0.26125137211855104,0.14132821075740945,0.2486461803152347,0.7546374367622259
8.0,1.6,23.5,97.25,0.0,2.5,1.25,0.125,0.015957446808510637,cpu_intensive,422000101,Round Robin,0.21242820288161995,0.1795171339563863,0.1318359375,0.30240885416666663,0.757398753894081
8.0,1.3333333333333333,32.875,202.109375,0.0,2.25,2.1875,0.625,0.04182509505703422,cpu_intensive,422000102,Round Robin,0.2819599219912869,0.19682230869001296,0.1309696092619392,0.28931500241196334,0.754863813229572
8.0,1.0,31.75,101.6875,0.0,2.375,1.984375,0.5,0.03937007874015748,cpu_intensive,422000103,Round Robin,0.20278266197510797,0.23196605374823195,0.1196333815726001,0.25410033767486734,0.7584865629420086
8.0,1.0,29.25,157.6875,0.0,3.125,1.109375,0.5,0.042735042735042736,cpu_intensive,422000104,Round Robin,0.292677111751699,0.27218515394854864,0.1522740356937248,0.23249084416145663,0.7584973166368516
8.0,1.3333333333333333,27.875,150.359375,0.0,2.25,1.1875,0.25,0.026905829596412557,cpu_intensive,422000105,Round Robin,0.24530410108148623,0.21822518470928365,0.12956419316843346,0.25,0.7518181818181818
8.0,1.1428571428571428,27.375,85.234375,0.0,3.125,2.109375,0.375,0.0228310502283105,cpu_intensive,422000106,Round Robin,0.2361879923355333,0.2529274004683841,0.13407494145199064,0.24918831168831168,0.7646103896103896
8.0,1.3333333333333333,38.125,163.109375,0.0,2.375,1.484375,0.625,0.029508196721311476,cpu_intensive,422000107,Round Robin,0.22468930932601985,0.21132431071717211,0.13733228097868982,0.25167329245558473,0.7535971223021583
8.0,1.1428571428571428,34.75,173.4375,0.0,3.5,1.25,0.625,0.039568345323741004,cpu_intensive,422000108,Round Robin,0.24863830429768452,0.24766795705889777,0.11738484398216939,0.25,0.7573637702503682
8.0,1.1428571428571428,28.625,139.734375,0.0,4.375,1.734375,0.625,0.039301310043668124,cpu_intensive,422000109,Round Robin,0.31748636098540495,0.23082725958331016,0.15701415701415702,0.33494208494208494,0.7672084130019121
8.0,1.0,27.75,45.6875,0.0,3.375,2.234375,0.5,0.03153153153153153,cpu_intensive,422000110,Round Robin,0.21398072766286427,0.27167792792792794,0.14442567567567569,0.23774080560420316,0.7657618213660244
8.0,1.1428571428571428,29.375,173.984375,0.0,2.75,1.6875,0.5,0.029787234042553193,cpu_intensive,422000111,Round Robin,0.2895780868504543,0.254665274696594,0.1439820022497188,0.25692054709634116,0.7562836624775584
8.0,2.0,27.875,131.109375,0.0,2.25,1.4375,0.25,0.017937219730941704,cpu_intensive,422000112,Round Robin,0.1815114709851552,0.17552351455058615,0.12010443864229765,0.28968668407310705,0.7533738191632928
8.0,0.8,30.625,79.984375,0.0,3.125,1.859375,0.5,0.04081632653061224,cpu_intensive,422000113,Round Robin,0.20462282073190685,0.18879415347137637,0.12056902985074627,0.28055037313432835,0.7573081607795371
8.0,1.3333333333333333,24.25,29.6875,0.0,3.25,1.4375,0.125,0.010309278350515464,cpu_intensive,422000114,Round Robin,0.2665413978812807,0.24684115523465705,0.15281030444964872,0.2532201405152225,0.7685018050541517
8.0,0.8888888888888888,35.75,228.4375,0.0,1.875,1.859375,0.5,0.03146853146853147,cpu_intensive,422000115,Round Robin,0.24944642232489792,0.22855633490569274,0.13237445148707946,0.25,0.7548476454293629
8.0,1.0,36.125,141.859375,0.0,3.5,1.25,0.75,0.031141868512110725,cpu_intensive,422000116,Round Robin,0.21676692582713808,0.21244540739754325,0.12414448669201521,0.3214828897338403,0.7568886337543054
8.0,0.7272727272727273,27.5,106.5,0.0,3,1.75,0.5,0.03636363636363636,cpu_intensive,422000117,Round Robin,0.2116636479961283,0.21784565916398713,0.11573546180159636,0.2890535917901938,0.757636655948553
8.0,1.3333333333333333,29.625,111.984375,0.0,2.625,2.234375,0.375,0.02531645569620253,cpu_intensive,422000118,Round Robin,0.19314516129032258,0.1773618156217846,0.11163961947397874,0.26119194180190264,0.7524193548387097
8.0,1.0,28,141.25,0.0,2.875,0.859375,0.375,0.026785714285714284,cpu_intensive,422000119,Round Robin,0.18488320215116646,0.1865351629502573,0.10779144698301113,0.25,0.7538593481989708
8.0,1.1428571428571428,32,126,0.0,2.25,1.9375,0.375,0.01953125,cpu_intensive,422000120,Round Robin,0.2230167284405486,0.21211217183770883,0.12073732718894009,0.2800680326025948,0.7565632458233891
8.0,1.1428571428571428,33,147,0.0,2.625,2.234375,0.625,0.045454545454545456,cpu_intensive,422000121,Round Robin,0.1919366593409913,0.18400529412208955,0.12089630015633143,0.25,0.7565217391304349
8.0,0.8,28.25,80.9375,0.0,3.375,0.734375,0.25,0.01327433628318584,cpu_intensive,422000122,Round Robin,0.22049873451668595,0.2624076029567054,0.13199577613516367,0.23412698412698413,0.7599206349206349
8.0,0.8,30.5,206.75,0.0,2.875,2.359375,0.5,0.040983606557377046,cpu_intensive,422000123,Round Robin,0.26369697984194135,0.18406148867313915,0.14012539184952977,0.2663009404388715,0.76415857605178
8.0,1.1428571428571428,36,133.5,0.0,3.25,1.4375,0.625,0.03819444444444445,cpu_intensive,422000124,Round Robin,0.23307684297266215,0.27001779359430605,0.1307829181494662,0.22391857506361323,0.7643129770992366
8.0,0.8888888888888888,22.25,81.1875,0.0,2.875,2.359375,0.25,0.028089887640449437,cpu_intensive,422000125,Round Robin,0.2357334418849672,0.22419025270181825,0.12518796992481204,0.25,0.7643312101910829
8.0,1.1428571428571428,29,125.25,0.0,3.375,2.234375,0.5,0.04310344827586207,cpu_intensive,422000126,Round Robin,0.2898984875753844,0.25,0.12404092071611253,0.2688844458878559,0.7614638447971782
8.0,1.0,35,159,0.0,2.5,2,0.625,0.02857142857142857,cpu_intensive,422000127,Round Robin,0.25225867636209587,0.22800889757450535,0.14256198347107438,0.2754210382353515,0.7536041939711664
8.0,1.3333333333333333,34.625,122.734375,0.0,3.375,1.234375,0.625,0.036101083032490974,cpu_intensive,422000128,Round Robin,0.20867029910404644,0.19244141979678372,0.11785400175901495,0.25,0.7567750677506775
8.0,0.8,31,100.5,0.0,2.875,1.859375,0.375,0.028225806451612902,cpu_intensive,422000129,Round Robin,0.26340785858343974,0.25,0.15017579105976897,0.24251119200488885,0.7589009287925697
8.0,0.8888888888888888,35.25,112.4375,0.0,2.5,1.25,0.75,0.04609929078014184,cpu_intensive,422000130,Round Robin,0.23660458839406207,0.22181938323598813,0.11957894736842105,0.25,0.7553981106612686
8.0,0.8,27.5,144.5,0.0,2.375,0.984375,0.375,0.022727272727272728,cpu_intensive,422000131,Round Robin,0.1778052805280528,0.20335141622270336,0.12407862407862408,0.2828624078624079,0.7545379537953796
8.0,1.0,38.75,109.1875,0.0,2.5,2.5,0.75,0.04516129032258064,cpu_intensive,422000132,Round Robin,0.19012734776907883,0.20007022982103503,0.10866940436116809,0.25,0.75
8.0,2.0,24.5,41.75,0.0,3.375,1.734375,0.125,0.00510204081632653,cpu_intensive,422000133,Round Robin,0.2718078381795196,0.267329748830975,0.17003792667509482,0.23157425664430686,0.7676419965576592
8.0,1.3333333333333333,35.375,154.984375,0.0,3.875,1.609375,0.625,0.045936395759717315,cpu_intensive,422000134,Round Robin,0.27899591292247317,0.23828125,0.13623258049014897,0.2682604517059106,0.7620442708333333
8.0,0.8,19.375,38.734375,0.0,2.625,1.984375,0.125,0.0064516129032258064,cpu_intensive,422000135,Round Robin,0.2359878306509673,0.19693798311226948,0.14110871130309574,0.2942764578833693,0.7575268817204301
8.0,1.1428571428571428,34.25,260.9375,0.0,3.625,1.234375,0.625,0.025547445255474453,cpu_intensive,422000136,Round Robin,0.2568542505030181,0.158125,0.13003018108651912,0.31589537223340036,0.7584375
8.0,0.8888888888888888,39.125,181.609375,0.0,2.375,1.484375,0.75,0.04472843450479233,cpu_intensive,422000137,Round Robin,0.26304280988347617,0.25,0.13449111470113084,0.2710582570877532,0.7510231923601638
8.0,0.7272727272727273,27.125,97.859375,0.0,2.25,0.9375,0.5,0.02304147465437788,cpu_intensive,422000138,Round Robin,0.18851352761670986,0.1825633383010432,0.11428571428571427,0.2799719887955182,0.7552160953800298
8.0,0.8,27.75,92.6875,0.0,3.25,1.6875,0.625,0.04954954954954955,cpu_intensive,422000139,Round Robin,0.2084345973299597,0.17536704730831973,0.10204081632653061,0.2598948670377242,0.7610114192495921
8.0,1.1428571428571428,25,115.25,0.0,2.25,1.6875,0.375,0.025,cpu_intensive,422000140,Round Robin,0.2823559044066377,0.22888620992408373,0.14208436178976266,0.25,0.75
8.0,0.8888888888888888,26.75,118.4375,0.0,2.375,1.984375,0.375,0.028037383177570093,cpu_intensive,422000141,Round Robin,0.19071749851877196,0.17819548872180452,0.11126526082130965,0.293007769145394,0.7560150375939849
8.0,1.3333333333333333,40.125,84.859375,0.0,2.125,1.109375,0.75,0.040498442367601244,cpu_intensive,422000142,Round Robin,0.20443360443451283,0.21432748538011695,0.11166724197445632,0.2571358180671967,0.75
8.0,1.3333333333333333,37.25,197.4375,0.0,3.375,1.734375,0.625,0.03355704697986577,cpu_intensive,422000143,Round Robin,0.21727879303204659,0.17943548387096775,0.11735181644359464,0.25401889197542,0.7595046082949308
8.0,1.1428571428571428,27.375,137.984375,0.0,2.375,2.484375,0.375,0.0319634703196347,cpu_intensive,422000144,Round Robin,0.22980015164344972,0.2199812382739212,0.11651917404129794,0.297787610619469,0.7523452157598499
8.0,1.1428571428571428,33.375,243.984375,0.0,3.25,0.9375,0.5,0.026217228464419477,cpu_intensive,422000145,Round Robin,0.2966711049663552,0.23339394376588113,0.11798839458413926,0.2901353965183752,0.755281690140845
8.0,1.0,35.375,193.734375,0.0,3.125,3.109375,0.625,0.03180212014134275,cpu_intensive,422000146,Round Robin,0.2241882071508706,0.19399673245360285,0.12066402378592667,0.25,0.7614213197969544
8.0,0.8,29.75,238.9375,0.0,4.5,0.25,0.5,0.04201680672268908,cpu_intensive,422000147,Round Robin,0.2509840504876649,0.1900444444444444,0.12880091795754448,0.3243383730535657,0.752
8.0,1.3333333333333333,30.375,209.984375,0.0,3.125,1.359375,0.375,0.02880658436213992,cpu_intensive,422000148,Round Robin,0.26609862830865644,0.21073094867807154,0.12946979038224415,0.26112440251588986,0.7647744945567652
8.0,1.6,29.125,146.359375,0.0,3,2,0.375,0.02145922746781116,cpu_intensive,422000149,Round Robin,0.22081011898587877,0.20728807029501978,0.1287442396313364,0.25,0.7616559485530547
8.0,1.6,29.25,214.6875,0.0,3.125,1.859375,0.375,0.02564102564102564,cpu_intensive,422000150,Round Robin,0.25459711588973377,0.2209172672243414,0.15182054616384916,0.2809878717863908,0.7607615894039734
8.0,1.1428571428571428,35.125,169.109375,0.0,3.5,1.75,0.5,0.028469750889679714,cpu_intensive,422000151,Round Robin,0.19587968973100608,0.20737605804111245,0.11926397092230805,0.26408420559926493,0.7602781136638452
8.0,0.8888888888888888,40.5,154.25,0.0,2.25,1.6875,0.875,0.043209876543209874,cpu_intensive,422000152,Round Robin,0.20087321709734185,0.1729494138583469,0.11241217798594848,0.25,0.7550317796610169
8.0,0.8888888888888888,26.125,102.609375,0.0,3.875,0.859375,0.25,0.019138755980861243,cpu_intensive,422000153,Round Robin,0.19033764588059762,0.19858156028368795,0.09711815561959654,0.28054755043227664,0.7595744680851064
8.0,0.8,29.625,137.984375,0.0,2.625,2.234375,0.625,0.046413502109704644,cpu_intensive,422000154,Round Robin,0.18858605639347825,0.17932148626817448,0.11007139123824006,0.25656512605042014,0.75
8.0,0.8888888888888888,37.25,156.6875,0.0,2.875,1.859375,0.75,0.040268456375838924,cpu_intensive,422000155,Round Robin,0.23294042920386157,0.1836569579288026,0.14158541754980924,0.28519555755041875,0.7572815533980582
8.0,0.8,30.875,245.609375,0.0,2.75,1.9375,0.5,0.024291497975708502,cpu_intensive,422000156,Round Robin,0.21763126491646778,0.18832645223466282,0.12619331742243436,0.2545691896227142,0.7592429577464789
8.0,0.8888888888888888,31.125,174.859375,0.0,3.5,1.5,0.5,0.028112449799196786,cpu_intensive,422000157,Round Robin,0.23272036474164134,0.21107142857142858,0.12367021276595745,0.2954787234042553,0.7585714285714286
8.0,0.8,37.875,130.109375,0.0,3.375,2.484375,0.875,0.036303630363036306,cpu_intensive,422000158,Round Robin,0.25006014658017395,0.20954445685364925,0.15130759651307596,0.28092569530925693,0.7618764845605701
8.0,0.6666666666666666,26.625,91.484375,0.0,3.125,1.609375,0.25,0.014084507042253521,cpu_intensive,422000159,Round Robin,0.22416896051558033,0.2587770626097133,0.12492685781158572,0.23503521126760563,0.753080985915493
8.0,0.8888888888888888,30.75,130.1875,0.0,3.5,1.75,0.625,0.04878048780487805,cpu_intensive,422000160,Round Robin,0.1692093179855273,0.17002989536621824,0.11099020674646354,0.27766552241854114,0.7645739910313901
8.0,1.0,26.75,84.6875,0.0,2.625,1.734375,0.375,0.014018691588785047,cpu_intensive,422000161,Round Robin,0.23023475744140975,0.27642770352369384,0.143681652490887,0.24485248492524303,0.7581573896353166
8.0,1.6,29,112.5,0.0,3.25,2.4375,0.375,0.02586206896551724,cpu_intensive,422000162,Round Robin,0.19269769014033128,0.1865315852205006,0.1049736967957915,0.31384505021520803,0.7607270560190703
8.0,0.7272727272727273,34.375,196.984375,0.0,3.5,1.5,0.625,0.025454545454545455,cpu_intensive,422000163,Round Robin,0.15367714899324697,0.13701067615658363,0.10375816993464053,0.32407407407407407,0.7609727164887308
8.0,0.8,31,114.5,0.0,3.5,1.25,0.5,0.03225806451612903,cpu_intensive,422000164,Round Robin,0.2699851623580437,0.23555555555555555,0.12891628145865433,0.27054442732408834,0.7577777777777778
8.0,1.6,30.75,110.4375,0.0,3,1.5,0.375,0.028455284552845527,cpu_intensive,422000165,Round Robin,0.2496182674788021,0.23057324840764332,0.12263234579893152,0.2689412336085479,0.7614649681528662
8.0,1.0,27.25,150.1875,0.0,2.625,1.984375,0.375,0.022935779816513763,cpu_intensive,422000166,Round Robin,0.19888854418171764,0.21041270098005543,0.12815126050420167,0.28838523082576645,0.7584269662921348
8.0,0.8,28.75,91.6875,0.0,3.5,1.5,0.5,0.034782608695652174,cpu_intensive,422000167,Round Robin,0.19684659063478982,0.2113237639553429,0.11282333516785911,0.296505228398459,0.7627591706539074
8.0,1.1428571428571428,23.5,53.75,0.0,2.75,2.4375,0.125,0.005319148936170213,cpu_intensive,422000168,Round Robin,0.2547865128605653,0.2226027397260274,0.13773222293401666,0.26825752722613705,0.7542808219178082
8.0,0.7272727272727273,32.5,248.5,0.0,4,0.75,0.375,0.026923076923076925,cpu_intensive,422000169,Round Robin,0.21467601746580986,0.1630952380952381,0.11196243203163618,0.31549678695007416,0.7586309523809525
8.0,0.8,33.625,148.734375,0.0,2.75,1.9375,0.625,0.03717472118959108,cpu_intensive,422000170,Round Robin,0.22780265067499111,0.25615977468969237,0.11018237082066867,0.25961117441768783,0.7571321321321322
8.0,0.6153846153846154,25.875,71.109375,0.0,3.125,2.359375,0.375,0.043478260869565216,cpu_intensive,422000171,Round Robin,0.2826984049854833,0.23336501901140685,0.1485623003194888,0.2685303514376997,0.7671102661596958
8.0,1.0,44.125,148.859375,0.0,2.875,1.359375,0.75,0.039660056657223795,cpu_intensive,422000172,Round Robin,0.2538716488409348,0.23297991071428573,0.13225593667546173,0.2659960422163588,0.7530691964285714
8.0,0.8,36.25,109.9375,0.0,2.625,2.734375,0.625,0.03793103448275862,cpu_intensive,422000173,Round Robin,0.17192066015595428,0.19972745855098797,0.13025210084033614,0.25,0.7586872586872586
8.0,0.7272727272727273,28.875,85.859375,0.0,3.375,0.984375,0.25,0.021645021645021644,cpu_intensive,422000174,Round Robin,0.2379573219210133,0.23064346494754967,0.12708018154311648,0.25,0.7537537537537538
8.0,0.8888888888888888,24.375,47.234375,0.0,2.875,2.609375,0.125,0.010256410256410256,cpu_intensive,422000175,Round Robin,0.2479842139759305,0.21341463414634146,0.13750714694110922,0.27372784448256143,0.7617886178861788
8.0,0.8888888888888888,43.25,62.4375,0.0,2.875,2.359375,0.875,0.04335260115606936,cpu_intensive,422000176,Round Robin,0.1903768536642106,0.2192329267337296,0.1103546548448385,0.25,0.7554296506137865
8.0,1.1428571428571428,32.875,163.109375,0.0,3.25,3.1875,0.5,0.026615969581749048,cpu_intensive,422000177,Round Robin,0.23173579819761828,0.2112970711297071,0.11971153846153847,0.25649038461538465,0.7646443514644352
8.0,0.7272727272727273,30.75,50.1875,0.0,2.625,1.234375,0.625,0.04065040650406504,cpu_intensive,422000178,Round Robin,0.2026111111111111,0.19444444444444445,0.11288888888888889,0.2553333333333333,0.7546296296296297
8.0,2.0,31.25,200.4375,0.0,3.25,2.1875,0.5,0.028,cpu_intensive,422000179,Round Robin,0.16272113994630688,0.1678082191780822,0.10477386934673368,0.2726130653266332,0.7523972602739726
8.0,2.6666666666666665,24.125,40.859375,0.0,3.375,1.484375,0.125,0.0051813471502590676,cpu_intensive,422000180,Round Robin,0.22815126050420168,0.22100840336134453,0.1406799531066823,0.26230949589683467,0.7626050420168067
8.0,1.0,34.5,239.5,0.0,3.375,1.234375,0.5,0.028985507246376812,cpu_intensive,422000181,Round Robin,0.2972331093691676,0.20107962213225372,0.15718085106382979,0.27696906304743435,0.7624831309041835
8.0,1.1428571428571428,28.625,115.984375,0.0,3.125,1.859375,0.5,0.03056768558951965,cpu_intensive,422000182,Round Robin,0.20272791793614897,0.15603085553997195,0.12019758507135017,0.283205268935236,0.7542075736325387
8.0,1.0,25.125,81.359375,0.0,3.125,2.359375,0.25,0.01990049751243781,cpu_intensive,422000183,Round Robin,0.23087507951137826,0.2515253203172666,0.1284319707138499,0.24081237911025144,0.7601547388781431
8.0,1.0,28.625,105.734375,0.0,2.625,1.234375,0.5,0.034934497816593885,cpu_intensive,422000184,Round Robin,0.24138586069309997,0.2334410339256866,0.126246719160105,0.26843966171125955,0.754442649434572
8.0,1.0,27.125,52.609375,0.0,2.875,2.859375,0.375,0.03225806451612903,cpu_intensive,422000185,Round Robin,0.23677336666991622,0.2617834498393383,0.14184008762322015,0.25,0.7521815008726003
8.0,1.1428571428571428,33.625,97.734375,0.0,3.25,2.6875,0.75,0.03345724907063197,cpu_intensive,422000186,Round Robin,0.23795198689861613,0.22998595505617977,0.13996138996138996,0.25506756756756754,0.7622893258426966
8.0,0.8888888888888888,30.5,139.25,0.0,2.5,1.25,0.625,0.040983606557377046,cpu_intensive,422000187,Round Robin,0.2658817804958331,0.22231366230702806,0.1332819722650231,0.2695172059578839,0.7573529411764706
8.0,0.8,32.375,134.734375,0.0,2.25,2.6875,0.625,0.03861003861003861,cpu_intensive,422000188,Round Robin,0.2189422234352779,0.16343283582089552,0.10370548604427333,0.25409047160731474,0.7511194029850746
8.0,1.3333333333333333,33.875,94.609375,0.0,2.75,2.6875,0.5,0.025830258302583026,cpu_intensive,422000189,Round Robin,0.2374639868294691,0.19901984450257698,0.1374650512581547,0.25163094128611374,0.756979695431472
8.0,1.3333333333333333,35.625,185.734375,0.0,2.75,2.6875,0.625,0.042105263157894736,cpu_intensive,422000190,Round Robin,0.27982525871800734,0.2435805991440799,0.14885496183206107,0.2555979643765903,0.7585592011412268
8.0,1.0,32.5,232,0.0,3.75,2.6875,0.5,0.026923076923076925,cpu_intensive,422000191,Round Robin,0.21870246312863664,0.20377218934911243,0.1265963353692393,0.2877568017767907,0.7662721893491125
8.0,1.1428571428571428,27.75,35.4375,0.0,2.875,1.109375,0.375,0.02702702702702703,cpu_intensive,422000192,Round Robin,0.22311447259324885,0.26174412793603197,0.13418290854572715,0.20951704545454544,0.7599431818181819
8.0,1.6,30.5,73.25,0.0,3.75,2.1875,0.5,0.028688524590163935,cpu_intensive,422000193,Round Robin,0.1923267461446037,0.19803987973980514,0.13308391234633885,0.2597000550415455,0.7627284595300261
8.0,0.8888888888888888,35.375,132.984375,0.0,2.5,1,0.75,0.04946996466431095,cpu_intensive,422000194,Round Robin,0.21272505024874913,0.20350985221674878,0.12525837122778008,0.2942331541959487,0.7561576354679803
8.0,4.0,26.25,139.4375,0.0,3.75,0.9375,0.375,0.0380952380952381,cpu_intensive,422000195,Round Robin,0.1459062398322548,0.18057553956834532,0.1039572864321608,0.2876884422110553,0.7636690647482014
8.0,0.6666666666666666,36.5,163.25,0.0,3.125,2.359375,0.75,0.0410958904109589,cpu_intensive,422000196,Round Robin,0.23788714952887488,0.2262420290170962,0.13636363636363635,0.3121755533859198,0.7512019230769231
8.0,0.8888888888888888,39.625,90.984375,0.0,1.75,0.6875,0.875,0.04416403785488959,cpu_intensive,422000197,Round Robin,0.18071236146070227,0.17235971420390406,0.10426370476531707,0.253185851551571,0.7528765690376569
8.0,0.8888888888888888,26,42.25,0.0,2.5,1.75,0.25,0.014423076923076924,cpu_intensive,422000198,Round Robin,0.2410290931712063,0.23429424465895818,0.13508305876140633,0.25,0.75
8.0,1.6,33.875,117.859375,0.0,2.875,1.109375,0.625,0.033210332103321034,cpu_intensive,422000199,Round Robin,0.20500664599025253,0.21209525763160827,0.11940629153743908,0.25,0.7604729729729729
8.0,0.8,27.875,56.609375,0.0,3.625,1.234375,0.375,0.02242152466367713,cpu_intensive,422000200,Round Robin,0.2584862194861383,0.25,0.13905167820990944,0.27435417399490747,0.7591943957968477
8.0,0.7272727272727273,37,140.25,0.0,3.5,0.75,0.625,0.02702702702702703,cpu_intensive,422000201,Round Robin,0.24749268245862213,0.1945080091533181,0.12975303802430418,0.2819482555860447,0.755720823798627
8.0,2.0,31.125,145.609375,0.0,2.375,1.984375,0.5,0.0321285140562249,cpu_intensive,422000202,Round Robin,0.22540988863856842,0.22752286958125215,0.13342245989304813,0.2521800947867298,0.7548725637181409
8.0,0.7272727272727273,39.625,91.984375,0.0,3.25,2.1875,0.75,0.031545741324921134,cpu_intensive,422000203,Round Robin,0.21421059161686554,0.21135135135135136,0.12127008416220351,0.2675975516449885,0.7562162162162163
8.0,1.3333333333333333,25.375,62.984375,0.0,2.875,1.859375,0.125,0.014778325123152709,cpu_intensive,422000204,Round Robin,0.2115201025072985,0.22027687296416937,0.13314121037463977,0.2698847262247838,0.7593648208469055
8.0,1.6,33.875,160.359375,0.0,3.125,1.859375,0.625,0.04428044280442804,cpu_intensive,422000205,Round Robin,0.24217492369177707,0.1563400576368876,0.13054607508532423,0.2699089874857793,0.75
8.0,0.6666666666666666,29.375,141.234375,0.0,3.25,1.6875,0.25,0.02127659574468085,cpu_intensive,422000206,Round Robin,0.24107747817757763,0.24371859296482412,0.12608193883439123,0.27163877668782455,0.7625628140703518
8.0,0.8,34.375,91.234375,0.0,3.875,1.609375,0.625,0.04,cpu_intensive,422000207,Round Robin,0.21926035147402773,0.2289308176100629,0.13547280744732973,0.2617589416952474,0.769811320754717
8.0,1.3333333333333333,29.125,68.359375,0.0,2.875,1.859375,0.5,0.030042918454935622,cpu_intensive,422000208,Round Robin,0.15358182811434987,0.16996173469387754,0.09553045186640471,0.2536836935166994,0.7576530612244898
8.0,0.8888888888888888,28.5,226,0.0,2.625,1.484375,0.25,0.021929824561403508,cpu_intensive,422000209,Round Robin,0.30415609474467853,0.20524956970740102,0.1544766708701135,0.27742749054224464,0.754302925989673
8.0,0.8888888888888888,34.375,87.984375,0.0,3.75,2.1875,0.875,0.04727272727272727,cpu_intensive,422000210,Round Robin,0.20090730887056132,0.18928232743144605,0.11726755218216318,0.2987666034155598,0.7656058751529988
8.0,0.8888888888888888,30.75,189.9375,0.0,1.375,0.234375,0.5,0.032520325203252036,cpu_intensive,422000211,Round Robin,0.23248760850489858,0.1706282587728522,0.1127580730545262,0.25,0.7529965753424658
8.0,0.6666666666666666,26.75,62.1875,0.0,2.125,1.859375,0.25,0.02336448598130841,cpu_intensive,422000212,Round Robin,0.21910977653227787,0.22170608108108109,0.121058257616248,0.2625601282736505,0.7538006756756757
8.0,1.0,35.5,239.25,0.0,3,1,0.625,0.03169014084507042,cpu_intensive,422000213,Round Robin,0.26030359478690834,0.1574457083764219,0.11589403973509933,0.3590507726269316,0.7536194415718718
8.0,0.7272727272727273,30.5,158.75,0.0,3.875,1.609375,0.625,0.04918032786885246,cpu_intensive,422000214,Round Robin,0.1718750515083287,0.1410998552821997,0.10535307517084283,0.2639521640091116,0.7655571635311142
8.0,1.1428571428571428,36.875,69.859375,0.0,3.625,1.984375,0.75,0.03389830508474576,cpu_intensive,422000215,Round Robin,0.18868481210740623,0.1981466108623554,0.1459188326493388,0.25,0.7659691629955947
8.0,0.7272727272727273,31.25,136.6875,0.0,2.375,1.734375,0.625,0.04,cpu_intensive,422000216,Round Robin,0.2695928539426523,0.25571796594982077,0.14489247311827957,0.25,0.7582465277777778
8.0,0.7272727272727273,34.75,103.9375,0.0,2.5,2,0.625,0.04316546762589928,cpu_intensive,422000217,Round Robin,0.18853968735064058,0.1717008253938648,0.12865880297072957,0.25552285792499313,0.7566709021601017
8.0,0.8,35.5,206.25,0.0,2.875,2.359375,0.5,0.035211267605633804,cpu_intensive,422000218,Round Robin,0.21404377279833248,0.20614035087719298,0.10631777463460632,0.2544790193305045,0.7606516290726817
8.0,1.6,28.5,105.25,0.0,3.125,2.359375,0.375,0.017543859649122806,cpu_intensive,422000219,Round Robin,0.20106059461845896,0.2139487870619946,0.12230603448275862,0.29148706896551724,0.7597708894878706
8.0,0.6153846153846154,24.125,60.359375,0.0,3.625,1.984375,0.375,0.03626943005181347,cpu_intensive,422000220,Round Robin,0.2034661476908885,0.21546556310570264,0.14254224834680382,0.25,0.770529197080292
8.0,2.6666666666666665,35.5,212.5,0.0,3.5,2,0.625,0.04225352112676056,cpu_intensive,422000221,Round Robin,0.1603290558786419,0.1499454743729553,0.12082745651151858,0.29236038333651126,0.7570883315158125
8.0,1.3333333333333333,35.5,151,0.0,2.5,2.5,0.625,0.035211267605633804,cpu_intensive,422000222,Round Robin,0.23038161031117999,0.18162128712871287,0.11931093151850278,0.255529561888558,0.7506188118811881
8.0,0.8888888888888888,33.5,207.75,0.0,2.875,1.359375,0.625,0.026119402985074626,cpu_intensive,422000223,Round Robin,0.2553178720374326,0.16273352999016716,0.11908045977011494,0.3403448275862069,0.7583579154375615
8.0,1.1428571428571428,38,164.5,0.0,3.5,2,0.625,0.023026315789473683,cpu_intensive,422000224,Round Robin,0.2844346868388256,0.25170016798934136,0.16262353998203055,0.2619502651943309,0.7561290322580645
8.0,1.3333333333333333,30.75,101.1875,0.0,3.625,1.734375,0.5,0.032520325203252036,cpu_intensive,422000225,Round Robin,0.2060093068319643,0.22451264661265968,0.1249357326478149,0.25,0.7723521320495186
8.0,1.6,38.125,119.859375,0.0,3,2,0.875,0.04590163934426229,cpu_intensive,422000226,Round Robin,0.22215983363042188,0.2161764705882353,0.11737373737373738,0.2524242424242424,0.7536764705882353
8.0,0.8,23.875,101.609375,0.0,2.75,1.6875,0.375,0.041884816753926704,cpu_intensive,422000227,Round Robin,0.1986143566194785,0.1610738255033557,0.12112010796221323,0.2965587044534413,0.7554530201342282
8.0,0.8,26.25,78.4375,0.0,2.5,1.75,0.25,0.023809523809523808,cpu_intensive,422000228,Round Robin,0.22851014820248924,0.21864686468646866,0.12710956060451906,0.2686901462636081,0.75
8.0,0.7272727272727273,24.75,124.4375,0.0,3.125,1.109375,0.25,0.030303030303030304,cpu_intensive,422000229,Round Robin,0.2468094854026413,0.19609799790408156,0.12554112554112554,0.2581819816579752,0.7628326996197718
8.0,0.8,38.375,220.484375,0.0,2.375,1.484375,0.75,0.035830618892508145,cpu_intensive,422000230,Round Robin,0.26690151975975057,0.20521945432977462,0.11821444593988337,0.26084019303909806,0.7529655990510082
8.0,1.1428571428571428,36.875,136.609375,0.0,2,1.75,0.625,0.030508474576271188,cpu_intensive,422000231,Round Robin,0.25998878881386556,0.24567869743725257,0.11856012710900919,0.26885138097325734,0.75
8.0,0.7272727272727273,25.625,89.234375,0.0,3.75,1.9375,0.25,0.01951219512195122,cpu_intensive,422000232,Round Robin,0.28695243287447186,0.2126086956521739,0.1310344827586207,0.2706896551724138,0.7695652173913043
8.0,1.3333333333333333,38.25,165.9375,0.0,2.875,1.609375,0.625,0.032679738562091505,cpu_intensive,422000233,Round Robin,0.2108574122235981,0.23456346035697348,0.12211077191452246,0.25,0.7551703163017032
8.0,0.6153846153846154,27.25,102.9375,0.0,3,1.5,0.5,0.03669724770642202,cpu_intensive,422000234,Round Robin,0.2547327460315576,0.21185110383484954,0.13053613053613053,0.2762237762237762,0.7606112054329373
8.0,1.6,37.625,160.984375,0.0,3.875,1.109375,0.75,0.03986710963455149,cpu_intensive,422000235,Round Robin,0.2096920937269197,0.17008329759607368,0.12292426083434588,0.25,0.758578431372549
8.0,1.1428571428571428,36.125,47.359375,0.0,3.5,0.75,0.75,0.03460207612456748,cpu_intensive,422000236,Round Robin,0.20307938453655805,0.24298532631757547,0.12459778333929208,0.27681444404719346,0.7545351473922903
8.0,1.0,33,154.5,0.0,2.625,1.484375,0.625,0.041666666666666664,cpu_intensive,422000237,Round Robin,0.24516022212033217,0.2113095238095238,0.12219165520403484,0.2724667583677213,0.7566137566137566
8.0,1.6,29.125,138.859375,0.0,2.375,1.984375,0.5,0.04291845493562232,cpu_intensive,422000238,Round Robin,0.1958375666239306,0.16262437810945274,0.11318206374932469,0.2956509994597515,0.7555970149253731
8.0,1.0,33.625,161.484375,0.0,3.125,1.359375,0.5,0.01858736059479554,cpu_intensive,422000239,Round Robin,0.2279956823824667,0.2513554011562812,0.12283979448855675,0.25,0.7547846889952153
8.0,0.8888888888888888,37.625,253.984375,0.0,2.5,3,0.75,0.036544850498338874,cpu_intensive,422000240,Round Robin,0.22609503252426472,0.1608695652173913,0.1326241134751773,0.2788416075650118,0.7574534161490682
8.0,1.0,34.375,105.484375,0.0,3.25,2.1875,0.625,0.04,cpu_intensive,422000241,Round Robin,0.22444621321413089,0.2474828196399764,0.13856502242152466,0.25,0.7567353407290016
8.0,1.0,30.25,111.9375,0.0,2.75,2.1875,0.5,0.0371900826446281,cpu_intensive,422000242,Round Robin,0.25740547860870244,0.23180379746835442,0.11991765311374164,0.2786227206631105,0.7583069620253164
8.0,0.7272727272727273,28.5,254.75,0.0,3.375,1.734375,0.375,0.021929824561403508,cpu_intensive,422000243,Round Robin,0.22177398633023276,0.16810344827586207,0.14207650273224043,0.3145491803278689,0.7590125391849529
8.0,1.6,25,88.75,0.0,2.625,2.484375,0.25,0.015,cpu_intensive,422000244,Round Robin,0.22988477687725808,0.1893939393939394,0.12492269635126778,0.27442795299938155,0.7603668261562999
8.0,0.8,33.25,118.9375,0.0,3.125,1.359375,0.5,0.02631578947368421,cpu_intensive,422000245,Round Robin,0.26982926240305244,0.25386675493500244,0.12539754656974103,0.29014891330595094,0.7562972292191436
8.0,1.6,31.125,155.859375,0.0,3.375,1.484375,0.5,0.03614457831325301,cpu_intensive,422000246,Round Robin,0.25703557843761865,0.23276512734276184,0.14125068568294022,0.27139330773450354,0.7668161434977578
8.0,0.6153846153846154,34,156,0.0,3,2.25,0.5,0.029411764705882353,cpu_intensive,422000247,Round Robin,0.161597693167659,0.19127690032126893,0.09283309283309284,0.25,0.7579635949943118
8.0,0.8,26.875,112.859375,0.0,3,2.75,0.375,0.023255813953488372,cpu_intensive,422000248,Round Robin,0.24329807368230016,0.22876482193682182,0.1431159420289855,0.2714555740562898,0.7625223613595706
8.0,1.1428571428571428,30.125,69.609375,0.0,3.875,1.109375,0.5,0.03734439834024896,cpu_intensive,422000249,Round Robin,0.18423017550924528,0.17732558139534885,0.11063011063011063,0.2600874952309379,0.7603359173126615
8.0,2.0,27.75,80.4375,0.0,3.75,0.9375,0.375,0.02702702702702703,cpu_intensive,422000250,Round Robin,0.20728139904610493,0.18907563025210083,0.1245945945945946,0.28216216216216217,0.7598039215686274
8.0,0.8888888888888888,28.75,162.4375,0.0,3.5,2,0.5,0.02608695652173913,cpu_intensive,422000251,Round Robin,0.18121383301184898,0.17434210526315788,0.11663757998836533,0.2822862129144852,0.7635233918128654
8.0,0.8888888888888888,36.625,195.984375,0.0,2.625,0.484375,0.625,0.034129692832764506,cpu_intensive,422000252,Round Robin,0.26452656793138424,0.23157514450867053,0.1296848381601363,0.25773563794878795,0.7528901734104047
8.0,2.0,28.375,100.234375,0.0,3,1,0.5,0.03524229074889868,cpu_intensive,422000253,Round Robin,0.20616200941562454,0.219411392381359,0.12374860956618465,0.25,0.7584175084175084
8.0,0.8888888888888888,33,203,0.0,3,1.75,0.5,0.030303030303030304,cpu_intensive,422000254,Round Robin,0.2543672931357417,0.20736151603498543,0.16580161476355249,0.2782583621683968,0.7609329446064139
8.0,1.6,32.25,224.1875,0.0,3.625,1.484375,0.625,0.03875968992248062,cpu_intensive,422000255,Round Robin,0.188582055226289,0.14609381120250683,0.1259105098855359,0.32384724779209684,0.7596618357487923
8.0,1.0,21.375,60.484375,0.0,2.875,2.859375,0.125,0.017543859649122806,cpu_intensive,422000256,Round Robin,0.28518902070220514,0.19158878504672897,0.13653136531365315,0.2715763699693072,0.7556074766355141
8.0,0.6666666666666666,31.75,147.4375,0.0,3.875,0.609375,0.5,0.03937007874015748,cpu_intensive,422000257,Round Robin,0.2296549358726798,0.21322773305712545,0.11182108626198083,0.2967822911912369,0.7588757396449703
8.0,1.1428571428571428,29.75,187.1875,0.0,2.5,1.25,0.375,0.025210084033613446,cpu_intensive,422000258,Round Robin,0.2308949808123409,0.27090694935217907,0.12308598351001176,0.23508064516129032,0.7560483870967742
8.0,1.0,31,87,0.0,2.75,1.4375,0.75,0.05241935483870968,cpu_intensive,422000259,Round Robin,0.2096809889883944,0.20396600566572237,0.12096774193548387,0.261418356374808,0.7602691218130311
8.0,2.6666666666666665,34.375,120.234375,0.0,3.875,0.859375,0.75,0.05090909090909091,cpu_intensive,422000260,Round Robin,0.2658071397201832,0.21212162549713479,0.13658322353974528,0.3002854633289416,0.758695652173913
8.0,1.3333333333333333,28.125,120.109375,0.0,3,1.25,0.375,0.04,cpu_intensive,422000261,Round Robin,0.2283299483794533,0.21423076923076922,0.11303630363036303,0.28987898789878985,0.7538461538461538
8.0,1.1428571428571428,33.875,250.609375,0.0,2.5,2.75,0.625,0.04059040590405904,cpu_intensive,422000262,Round Robin,0.2520874552272023,0.1934509813846674,0.13097155126140633,0.27469135802469136,0.7594066570188134
8.0,0.8,32.125,234.359375,0.0,2.125,2.109375,0.375,0.019455252918287938,cpu_intensive,422000263,Round Robin,0.22796297764388776,0.21121439329643665,0.12291105121293801,0.25410655015918177,0.7581699346405228
8.0,0.8888888888888888,29.625,214.484375,0.0,3.375,1.734375,0.5,0.04219409282700422,cpu_intensive,422000264,Round Robin,0.3050651997134504,0.20392335766423358,0.15318302387267904,0.2639257294429708,0.7696167883211679
8.0,1.6,27.625,97.984375,0.0,3.5,1.25,0.25,0.013574660633484163,cpu_intensive,422000265,Round Robin,0.20652173913043478,0.20234468616201257,0.12161415146489774,0.2593974571586512,0.7639751552795031
8.0,1.0,37.125,43.859375,0.0,3.125,1.359375,0.75,0.04377104377104377,cpu_intensive,422000266,Round Robin,0.23938753655773826,0.26732864423561853,0.1440585009140768,0.2551612903225806,0.7622520420070011
8.0,2.6666666666666665,37.125,177.609375,0.0,2.25,1.1875,0.75,0.030303030303030304,cpu_intensive,422000267,Round Robin,0.26786399901451163,0.1984344530734396,0.13469224620303757,0.30815347721822545,0.7522497187851518
8.0,1.1428571428571428,31.375,138.234375,0.0,2.625,1.984375,0.375,0.02390438247011952,cpu_intensive,422000268,Round Robin,0.22120719114478865,0.2364502659480421,0.12,0.2702380952380952,0.7581903276131046
8.0,1.3333333333333333,33.875,207.859375,0.0,2.875,1.609375,0.625,0.04428044280442804,cpu_intensive,422000269,Round Robin,0.20973714108655236,0.1550364077669903,0.1127659574468085,0.2829787234042553,0.758495145631068
8.0,1.6,28.75,98.1875,0.0,3.125,2.109375,0.375,0.017391304347826087,cpu_intensive,422000270,Round Robin,0.193387499980235,0.20932678821879383,0.11302142051860203,0.25591882750845546,0.761570827489481
8.0,0.8888888888888888,33.125,150.359375,0.0,2.5,1.75,0.5,0.03018867924528302,cpu_intensive,422000271,Round Robin,0.23973659504242908,0.20878700077980814,0.13640922768304914,0.2540880818619583,0.7548678720445063
8.0,2.6666666666666665,38.5,110.5,0.0,3.25,2.4375,0.875,0.03571428571428571,cpu_intensive,422000272,Round Robin,0.19909761827312042,0.1704131227217497,0.10500636402206193,0.2565761561306746,0.7566828675577157
8.0,0.6666666666666666,41.5,175.5,0.0,3.125,1.609375,0.75,0.03313253012048193,cpu_intensive,422000273,Round Robin,0.21111751152073732,0.21025345622119815,0.1275436046511628,0.25817587209302323,0.7595046082949308
8.0,0.8888888888888888,27,156,0.0,1.875,0.859375,0.5,0.037037037037037035,cpu_intensive,422000274,Round Robin,0.2331527486434478,0.20135135135135135,0.12668377164849262,0.29041051956382297,0.7572072072072071
8.0,0.8888888888888888,38.375,106.234375,0.0,3.125,2.359375,0.625,0.035830618892508145,cpu_intensive,422000275,Round Robin,0.25267783784530196,0.26050320384335035,0.14483430799220273,0.2269775678866588,0.7570838252656434
8.0,1.3333333333333333,39,82.75,0.0,3.125,1.359375,0.875,0.060897435897435896,cpu_intensive,422000276,Round Robin,0.1821263140480953,0.1639873746108613,0.11127487103905674,0.25,0.7602040816326531
8.0,0.8,28.625,182.484375,0.0,3.625,0.484375,0.375,0.021834061135371178,cpu_intensive,422000277,Round Robin,0.2017814391653853,0.1781098546042003,0.1108433734939759,0.2647590361445783,0.7548465266558966
8.0,0.8,30.75,130.9375,0.0,3.5,2.25,0.5,0.032520325203252036,cpu_intensive,422000278,Round Robin,0.18566554673801777,0.1920679594127532,0.1320046216060081,0.2688160109396061,0.7624269005847953
8.0,1.0,32.875,207.859375,0.0,3.25,3.1875,0.375,0.026615969581749048,cpu_intensive,422000279,Round Robin,0.25153532419327623,0.20541838134430726,0.13689839572192514,0.27187561501558566,0.7582304526748971
8.0,0.8,36.5,108.75,0.0,2.75,1.9375,0.625,0.0273972602739726,cpu_intensive,422000280,Round Robin,0.23812354647364706,0.2581157943330981,0.1293213828425096,0.25361067503924645,0.7570861678004535
8.0,0.7272727272727273,24.5,90.5,0.0,3,2.5,0.125,0.015306122448979591,cpu_intensive,422000281,Round Robin,0.2528918101681017,0.25,0.12878228782287823,0.24646755842558427,0.7504340277777778
8.0,1.1428571428571428,34.875,127.859375,0.0,3,2.75,0.625,0.043010752688172046,cpu_intensive,422000282,Round Robin,0.24490257963575268,0.23277791274354026,0.11753643629525154,0.2690409026798308,0.7540983606557377
8.0,0.7272727272727273,39.375,100.484375,0.0,2.25,0.9375,0.75,0.044444444444444446,cpu_intensive,422000283,Round Robin,0.18011192853389385,0.19039726747241198,0.10763636363636364,0.25,0.7538535645472062
8.0,1.3333333333333333,36.625,187.234375,0.0,3.625,2.734375,0.625,0.034129692832764506,cpu_intensive,422000284,Round Robin,0.21425425735685982,0.20647149460708783,0.12108055957549445,0.25048239266763145,0.7708012326656395
8.0,1.0,28.75,167.1875,0.0,3.125,2.359375,0.5,0.030434782608695653,cpu_intensive,422000285,Round Robin,0.27942791009915946,0.22390146489454568,0.15059055118110237,0.25426509186351703,0.7650976909413854
8.0,1.0,26.25,183.9375,0.0,3.25,1.4375,0.375,0.03333333333333333,cpu_intensive,422000286,Round Robin,0.15203761755485892,0.14972400163554586,0.12307692307692308,0.30719063545150505,0.7613636363636364
8.0,1.1428571428571428,34,85.75,0.0,2.875,2.109375,0.625,0.029411764705882353,cpu_intensive,422000287,Round Robin,0.2460004089507791,0.23658536585365852,0.13349097162510748,0.27386070507308685,0.7579268292682927
8.0,1.1428571428571428,34.625,158.984375,0.0,3,2,0.625,0.04332129963898917,cpu_intensive,422000288,Round Robin,0.19329119674347392,0.18419395465994962,0.1101231190150479,0.2730278157774738,0.7581863979848866
8.0,0.8888888888888888,28.25,121.9375,0.0,3.5,0.75,0.5,0.030973451327433628,cpu_intensive,422000289,Round Robin,0.3013742866520556,0.22807017543859648,0.11949305974652988,0.2910380205190103,0.7552631578947369
8.0,1.1428571428571428,28.125,140.859375,0.0,2.625,1.234375,0.5,0.04,cpu_intensive,422000290,Round Robin,0.2034732100521574,0.16422998606407638,0.13392857142857142,0.30058390073607266,0.7603129445234709
8.0,1.6,29.75,146.4375,0.0,2.875,2.359375,0.375,0.025210084033613446,cpu_intensive,422000291,Round Robin,0.3005818027922893,0.2528054862842893,0.12531172069825436,0.2477189781021898,0.7504562043795621
8.0,1.0,32.5,164,0.0,3.125,2.109375,0.5,0.026923076923076925,cpu_intensive,422000292,Round Robin,0.21766661845685759,0.2061747772370109,0.14425981873111782,0.2890420824158157,0.7623005319148937
8.0,1.3333333333333333,30.375,213.984375,0.0,3.375,1.234375,0.375,0.0205761316872428,cpu_intensive,422000293,Round Robin,0.2211821933962264,0.20774147727272727,0.12006861063464837,0.2960263007432819,0.7585227272727273
8.0,1.0,30.625,195.484375,0.0,3.125,1.859375,0.5,0.0326530612244898,cpu_intensive,422000294,Round Robin,0.2192819854253618,0.20725915875169607,0.10938399539435809,0.27849740932642486,0.7598371777476255
8.0,1.0,28.375,112.484375,0.0,3.125,1.359375,0.25,0.01762114537444934,cpu_intensive,422000295,Round Robin,0.23108638743455498,0.18982261688704524,0.12225130890052358,0.28089005235602094,0.7604712041884817
8.0,1.6,37,125.25,0.0,2.625,2.734375,0.75,0.05067567567567568,cpu_intensive,422000296,Round Robin,0.23743782991346613,0.21821515892420537,0.1227364185110664,0.2504024144869215,0.7524449877750612
8.0,1.3333333333333333,29,189.75,0.0,3.25,0.9375,0.375,0.02586206896551724,cpu_intensive,422000297,Round Robin,0.2716508877354767,0.23615450581413017,0.13416815742397137,0.27116875372689325,0.7526408450704225
8.0,1.6,31.875,203.359375,0.0,3,1.25,0.375,0.03137254901960784,cpu_intensive,422000298,Round Robin,0.21876835584984247,0.19291228691247753,0.12839305103148752,0.2760586319218241,0.7575136612021858
8.0,0.8,29.625,92.484375,0.0,3.5,1.5,0.375,0.029535864978902954,cpu_intensive,422000299,Round Robin,0.323935384543245,0.24339035769828926,0.13391959798994976,0.26407035175879395,0.7558320373250389
8.0,2.0,32.625,104.984375,0.0,2.25,1.9375,0.625,0.038314176245210725,cpu_intensive,422000300,Round Robin,0.2271327204445189,0.23637123111565364,0.1294838145231846,0.28127734033245844,0.75
8.0,1.1428571428571428,33.375,110.734375,0.0,3.25,1.6875,0.625,0.033707865168539325,cpu_intensive,422000301,Round Robin,0.21932174264631557,0.19790255736379259,0.13341346153846154,0.25,0.764126149802891
8.0,0.8,29.375,89.484375,0.0,3.25,1.6875,0.375,0.02553191489361702,cpu_intensive,422000302,Round Robin,0.21847670139105482,0.21747967479674796,0.12762148337595908,0.2788603994778948,0.7591463414634146
8.0,1.0,30.125,105.609375,0.0,3.5,2.25,0.375,0.029045643153526972,cpu_intensive,422000303,Round Robin,0.21190904826092405,0.2076326002587322,0.12237762237762238,0.2769204668282537,0.7639068564036222
8.0,0.8,33.875,232.109375,0.0,3.125,1.109375,0.375,0.02214022140221402,cpu_intensive,422000304,Round Robin,0.2881846569668182,0.2071699340893382,0.14005805515239478,0.2819303338171263,0.7572314049586777
8.0,0.8888888888888888,31.5,185.75,0.0,2.25,1.6875,0.5,0.03571428571428571,cpu_intensive,422000305,Round Robin,0.27448287178184283,0.20291327913279134,0.127685546875,0.2919921875,0.7544037940379404
8.0,1.3333333333333333,32.875,116.609375,0.0,3,1,0.5,0.019011406844106463,cpu_intensive,422000306,Round Robin,0.24844100343425252,0.25464252553389044,0.13347260909935005,0.24344978165938866,0.7620087336244541
8.0,0.8888888888888888,27.5,60.75,0.0,2.25,0.9375,0.5,0.04090909090909091,cpu_intensive,422000307,Round Robin,0.23817989778981966,0.24241214057507987,0.13218685831622176,0.2582135523613963,0.7535942492012779
8.0,1.3333333333333333,27.75,117.9375,0.0,3.75,1.6875,0.375,0.03153153153153153,cpu_intensive,422000308,Round Robin,0.21905522937605731,0.16720569210866754,0.13446153846153847,0.30353846153846153,0.7574385510996119
8.0,1.6,35.125,176.359375,0.0,3,1.5,0.75,0.05338078291814947,cpu_intensive,422000309,Round Robin,0.2533484048228766,0.1887430644472898,0.1455965909090909,0.253683643259615,0.7598591549295775
8.0,0.8,35.375,106.734375,0.0,2.5,2.5,0.75,0.038869257950530034,cpu_intensive,422000310,Round Robin,0.21512908172641265,0.19934978343683826,0.11704355108877722,0.2520441436039948,0.7566204287515763
8.0,0.8888888888888888,32.5,65,0.0,2.5,2.25,0.625,0.038461538461538464,cpu_intensive,422000311,Round Robin,0.21393847715359815,0.21494831405618853,0.11229365768896611,0.2558174904942966,0.7577014218009479
8.0,1.1428571428571428,37.125,55.859375,0.0,3,1.5,0.625,0.030303030303030304,cpu_intensive,422000312,Round Robin,0.19397526388545586,0.2247031574707277,0.11954148471615722,0.25,0.7589098532494759
8.0,0.7272727272727273,25.625,46.484375,0.0,3.125,3.109375,0.25,0.014634146341463415,cpu_intensive,422000313,Round Robin,0.23604290865602406,0.22570532915360503,0.12953231739358906,0.26760378349973724,0.7547021943573669
8.0,1.1428571428571428,27.25,104.4375,0.0,2.75,1.6875,0.375,0.027522935779816515,cpu_intensive,422000314,Round Robin,0.24257834051929983,0.23012172881207374,0.1458975940777298,0.25,0.7622950819672132
8.0,0.8,43.25,128.9375,0.0,3.25,0.6875,0.75,0.02601156069364162,cpu_intensive,422000315,Round Robin,0.2141758185774692,0.2441798941798942,0.1155433287482806,0.265990371389271,0.7526455026455026
8.0,0.6666666666666666,38.625,74.484375,0.0,3.875,0.609375,0.875,0.038834951456310676,cpu_intensive,422000316,Round Robin,0.18854935773015888,0.19203014815609548,0.11674485745218333,0.25,0.7574324324324324
8.0,0.8888888888888888,35,94.25,0.0,1.875,1.859375,0.625,0.02857142857142857,cpu_intensive,422000317,Round Robin,0.18671157059314955,0.23421052631578948,0.097953216374269,0.2552213868003341,0.7546052631578948
8.0,2.0,33.75,110.1875,0.0,3.5,2.5,0.625,0.025925925925925925,cpu_intensive,422000318,Round Robin,0.1590900093302746,0.1585249350747291,0.1169577205882353,0.26734274006343,0.7630966239813737
8.0,0.6153846153846154,32,100.5,0.0,3,1.25,0.375,0.01953125,cpu_intensive,422000319,Round Robin,0.22643053974114521,0.2428500707913783,0.1264342453662842,0.279126213592233,0.7545801526717557
8.0,0.7272727272727273,37.625,130.234375,0.0,3.125,2.859375,0.625,0.026578073089700997,cpu_intensive,422000320,Round Robin,0.2645730787957644,0.2555236411842687,0.13477684489615555,0.21961805555555555,0.7552083333333333
8.0,0.7272727272727273,25.75,142.1875,0.0,2.875,0.359375,0.25,0.014563106796116505,cpu_intensive,422000321,Round Robin,0.3503048780487805,0.21500362301158008,0.1350609756097561,0.31014186162269786,0.7563775510204082
8.0,0.8,37.25,99.9375,0.0,2.375,0.734375,0.625,0.03691275167785235,cpu_intensive,422000322,Round Robin,0.23167854764050846,0.25,0.1097796675686123,0.268608073568171,0.7505720823798627
8.0,0.8888888888888888,26.5,127.25,0.0,3.25,1.4375,0.375,0.02358490566037736,cpu_intensive,422000323,Round Robin,0.1654379807951815,0.16934250764525993,0.11685940353012783,0.29808277541083383,0.7587920489296636
8.0,1.0,27.125,70.109375,0.0,3.5,1.75,0.375,0.027649769585253458,cpu_intensive,422000324,Round Robin,0.30766155896069286,0.25,0.13860759493670885,0.25998263062720095,0.7612781954887218
8.0,0.8,29.375,68.484375,0.0,3.375,2.234375,0.5,0.03404255319148936,cpu_intensive,422000325,Round Robin,0.1986544236208071,0.2418962722852512,0.11775269368907132,0.25641354540790146,0.7625607779578606
8.0,1.1428571428571428,27.5,94.75,0.0,2,1,0.125,0.00909090909090909,cpu_intensive,422000326,Round Robin,0.2283532967569907,0.20943271767810026,0.1164021164021164,0.2740740740740741,0.7532981530343008
8.0,0.8888888888888888,27.875,88.609375,0.0,2.75,0.9375,0.375,0.03587443946188341,cpu_intensive,422000327,Round Robin,0.2878460371634433,0.25,0.12472222222222223,0.25233124762988246,0.757679180887372
8.0,1.6,20.75,57.6875,0.0,2.375,1.484375,0.125,0.018072289156626505,cpu_intensive,422000328,Round Robin,0.2619392185238784,0.22761194029850745,0.14871341666470655,0.2560264284490061,0.7574626865671642
8.0,1.1428571428571428,38,144.25,0.0,3.5,1.75,0.75,0.03618421052631579,cpu_intensive,422000329,Round Robin,0.24147211233075164,0.20642561735140363,0.13120437956204378,0.3175182481751825,0.7589967284623773
8.0,1.3333333333333333,32,176,0.0,3.125,2.109375,0.625,0.03515625,cpu_intensive,422000330,Round Robin,0.2539595017025245,0.19167904903417535,0.13042284459088413,0.2653761669412411,0.7604011887072808
8.0,1.1428571428571428,29,159.25,0.0,2.875,2.359375,0.375,0.02586206896551724,cpu_intensive,422000331,Round Robin,0.21135328724093772,0.18775451111154925,0.13485851896447923,0.27563469731278045,0.7580398162327718
8.0,0.8888888888888888,32,80.5,0.0,3.375,1.484375,0.75,0.05078125,cpu_intensive,422000332,Round Robin,0.17934931239256133,0.16820987654320987,0.11744022503516174,0.25,0.7534722222222222
8.0,1.3333333333333333,28.5,140.25,0.0,3.25,1.4375,0.625,0.039473684210526314,cpu_intensive,422000333,Round Robin,0.21178084504664216,0.19049776879443725,0.12028301886792453,0.3238993710691824,0.7614093959731544
8.0,0.7272727272727273,28.5,162,0.0,2.625,1.484375,0.375,0.03070175438596491,cpu_intensive,422000334,Round Robin,0.1933116384543961,0.200565635451505,0.12284122562674095,0.27479108635097493,0.7596153846153846
8.0,0.6666666666666666,24.375,136.984375,0.0,3,2,0.375,0.035897435897435895,cpu_intensive,422000335,Round Robin,0.29540103796978273,0.23734939759036144,0.14001530221882172,0.2503825554705432,0.7644578313253012
8.0,0.7272727272727273,36.125,224.609375,0.0,3.125,1.859375,0.625,0.031141868512110725,cpu_intensive,422000336,Round Robin,0.2008084443429454,0.17116868798235943,0.12412645151948387,0.3103444972759479,0.75
8.0,1.6,34.75,195.4375,0.0,3.375,2.484375,0.5,0.03237410071942446,cpu_intensive,422000337,Round Robin,0.18008509954290014,0.17181565976532437,0.11767005473025802,0.3172400312744331,0.7552395209580838
8.0,2.0,28.625,158.484375,0.0,3.625,1.484375,0.375,0.034934497816593885,cpu_intensive,422000338,Round Robin,0.2644364104403996,0.21751297765047162,0.12392918332381496,0.29397487150199886,0.7611940298507462
8.0,0.8888888888888888,32.875,70.609375,0.0,2.75,3.1875,0.625,0.03802281368821293,cpu_intensive,422000339,Round Robin,0.21706466209312508,0.25,0.12941176470588237,0.25258210480221865,0.76
8.0,1.1428571428571428,38.25,159.4375,0.0,3.5,2.25,0.625,0.029411764705882353,cpu_intensive,422000340,Round Robin,0.2208997249449547,0.21004842615012106,0.12201537838931609,0.25040469445568597,0.7630145278450363
8.0,0.8,28.5,103.75,0.0,2.875,1.109375,0.5,0.05263157894736842,cpu_intensive,422000341,Round Robin,0.29704709311244054,0.21829268292682927,0.13417190775681342,0.2919287211740042,0.7560975609756098
8.0,2.0,35,129.5,0.0,3.375,1.234375,0.75,0.05,cpu_intensive,422000342,Round Robin,0.2896088695208472,0.21800215073975465,0.13797009515178976,0.28262347077480743,0.7535760728218466
8.0,2.0,34.375,55.234375,0.0,2.375,1.984375,0.75,0.04363636363636364,cpu_intensive,422000343,Round Robin,0.20255211083452768,0.24382716049382716,0.13441955193482688,0.26812627291242364,0.754320987654321
8.0,2.6666666666666665,30.625,194.984375,0.0,2.875,1.609375,0.5,0.04081632653061224,cpu_intensive,422000344,Round Robin,0.2445544874833196,0.21347402597402598,0.13279056709713644,0.2696518809657496,0.7609577922077921
8.0,0.7272727272727273,39.625,133.484375,0.0,3.125,1.609375,0.75,0.050473186119873815,cpu_intensive,422000345,Round Robin,0.24642762203791804,0.23826791344746653,0.1319100266869996,0.25,0.7580645161290323
8.0,1.0,39.625,146.484375,0.0,3.625,2.234375,0.875,0.050473186119873815,cpu_intensive,422000346,Round Robin,0.267879394080424,0.2172029702970297,0.1326762699014405,0.3049658832448825,0.7543316831683169
8.0,1.3333333333333333,27.125,153.609375,0.0,2.875,2.859375,0.375,0.027649769585253458,cpu_intensive,422000347,Round Robin,0.23787579504602377,0.22303921568627452,0.1302887844190732,0.25134318334452654,0.7617647058823529
8.0,0.7272727272727273,27.125,67.609375,0.0,3,1.5,0.375,0.02304147465437788,cpu_intensive,422000348,Round Robin,0.25033612576274694,0.25720279720279726,0.13315416202219388,0.27060230672289826,0.75
8.0,1.1428571428571428,35.5,68.25,0.0,2.625,2.734375,0.5,0.035211267605633804,cpu_intensive,422000349,Round Robin,0.21798847903585145,0.2739798064787547,0.13273033235170384,0.22264260768335273,0.7520372526193249
8.0,0.8888888888888888,36.875,123.609375,0.0,3,2,0.75,0.03389830508474576,cpu_intensive,422000350,Round Robin,0.20320141330318728,0.1716932515083378,0.11571782178217824,0.25344461160063997,0.760978670012547
8.0,0.6153846153846154,38.375,122.734375,0.0,2.5,2,0.75,0.03908794788273615,cpu_intensive,422000351,Round Robin,0.21398202282941575,0.20373563218390806,0.10726643598615918,0.276720492118416,0.7560344827586207
8.0,0.7272727272727273,31,77.25,0.0,3.875,1.859375,0.375,0.028225806451612902,cpu_intensive,422000352,Round Robin,0.22005136717215368,0.23986236861669014,0.1441635287789134,0.2567118460830047,0.7643960674157304
8.0,1.1428571428571428,29.875,182.359375,0.0,2.5,1.25,0.375,0.03347280334728033,cpu_intensive,422000353,Round Robin,0.2009481643871171,0.18488857938718664,0.11453133666112036,0.2744037714919579,0.7510445682451253
8.0,0.7272727272727273,29,202.25,0.0,3.25,1.4375,0.5,0.02586206896551724,cpu_intensive,422000354,Round Robin,0.20906164118611578,0.13080031690426921,0.12617924528301888,0.3472877358490566,0.7530599755201959
8.0,2.6666666666666665,36.5,141.25,0.0,3.25,1.6875,0.625,0.030821917808219176,cpu_intensive,422000355,Round Robin,0.21404016151915314,0.23679268612667503,0.13659554730983303,0.25,0.7625156445556946
8.0,0.8888888888888888,32.625,107.984375,0.0,3.125,2.109375,0.625,0.034482758620689655,cpu_intensive,422000356,Round Robin,0.20207358179516619,0.21895772616208897,0.13706467661691543,0.25,0.7636834319526626
8.0,1.0,27.25,149.4375,0.0,3.25,1.9375,0.375,0.022935779816513763,cpu_intensive,422000357,Round Robin,0.24817328903292574,0.26712328767123283,0.14246575342465753,0.24449908564254746,0.7654075546719682
8.0,0.8888888888888888,34.625,245.484375,0.0,2.875,1.359375,0.5,0.02888086642599278,cpu_intensive,422000358,Round Robin,0.2350662514594091,0.16938883034773447,0.12044300876788186,0.333756345177665,0.7565858798735511
8.0,0.8888888888888888,43.625,76.984375,0.0,2.75,1.4375,0.875,0.045845272206303724,cpu_intensive,422000359,Round Robin,0.22145809354399917,0.21297216699801194,0.13114035087719297,0.26607609052392894,0.7544731610337971
8.0,0.8,26.875,227.859375,0.0,2.75,2.1875,0.25,0.013953488372093023,cpu_intensive,422000360,Round Robin,0.20742654338448485,0.16416139240506328,0.13652234636871508,0.3152932960893855,0.7606803797468354
8.0,0.8888888888888888,30.375,154.484375,0.0,2.625,2.234375,0.5,0.03292181069958848,cpu_intensive,422000361,Round Robin,0.264967054757378,0.23159509202453987,0.12513312034078808,0.2689030883919063,0.7595858895705521
8.0,1.1428571428571428,37.25,87.9375,0.0,2.875,2.109375,0.75,0.0436241610738255,cpu_intensive,422000362,Round Robin,0.22624499842337448,0.23528788978111947,0.13119590873328088,0.25,0.756485084306096
8.0,0.6666666666666666,33.75,179.1875,0.0,3.125,2.359375,0.375,0.014814814814814815,cpu_intensive,422000363,Round Robin,0.3047909940460982,0.22506561679790027,0.14134709931170109,0.27114060963618486,0.7601706036745407
8.0,1.6,30.25,135.1875,0.0,3.25,1.1875,0.625,0.05371900826446281,cpu_intensive,422000364,Round Robin,0.2719671893147503,0.20357142857142857,0.12449186991869919,0.2939532520325203,0.7582142857142857
8.0,0.8,31,167.25,0.0,3.75,1.9375,0.625,0.04032258064516129,cpu_intensive,422000365,Round Robin,0.2660925535621712,0.2180284191829485,0.13995215311004786,0.2879784688995215,0.7650976909413854
8.0,1.0,37.375,133.734375,0.0,3.875,0.859375,0.625,0.026755852842809364,cpu_intensive,422000366,Round Robin,0.19920300312896108,0.1906474820143885,0.10261412407335155,0.30286773312524384,0.7595066803699897
8.0,1.0,23,35.75,0.0,2.375,1.484375,0.25,0.03260869565217391,cpu_intensive,422000367,Round Robin,0.27314009476122286,0.2548293625241468,0.14745653573728268,0.2420042643923241,0.7585287846481876
8.0,1.0,34.5,120.75,0.0,3.25,1.4375,0.5,0.021739130434782608,cpu_intensive,422000368,Round Robin,0.24911888683687422,0.22867001254705144,0.1290054099042863,0.273304203079484,0.7565872020075282
8.0,0.8888888888888888,28.625,144.984375,0.0,2.75,0.9375,0.375,0.026200873362445413,cpu_intensive,422000369,Round Robin,0.23964675662431417,0.21119919635802567,0.13303477344573236,0.2861597591905811,0.7579787234042553
8.0,1.6,30.5,156.5,0.0,3.875,1.359375,0.625,0.03278688524590164,cpu_intensive,422000370,Round Robin,0.24861585812436787,0.22614807484392985,0.11379716981132075,0.25,0.7675600739371534
8.0,0.8,32.75,220.4375,0.0,3.25,0.9375,0.375,0.026717557251908396,cpu_intensive,422000371,Round Robin,0.24150926494676495,0.19278831388206388,0.12134009009009009,0.25417014178482067,0.7571022727272727
8.0,2.0,29.75,162.6875,0.0,3.125,2.859375,0.375,0.02100840336134454,cpu_intensive,422000372,Round Robin,0.1894876325088339,0.21947993683551248,0.11345065996228787,0.26822752985543685,0.7601590106007068
8.0,0.8888888888888888,34.875,234.609375,0.0,3,1.25,0.5,0.02867383512544803,cpu_intensive,422000373,Round Robin,0.2781162950447891,0.2237516005121639,0.11932938856015779,0.27317554240631164,0.7612035851472472
8.0,0.8888888888888888,26.875,155.609375,0.0,3,1.75,0.25,0.018604651162790697,cpu_intensive,422000374,Round Robin,0.302656265429051,0.23903447329883204,0.1481028151774786,0.2671358629130967,0.7664165103189493
8.0,1.0,26.75,59.4375,0.0,3,0.5,0.375,0.028037383177570093,cpu_intensive,422000375,Round Robin,0.24535018945811896,0.25,0.134636563876652,0.2544399433165953,0.7613636363636364
8.0,0.8,31.25,80.1875,0.0,2.625,1.484375,0.5,0.028,cpu_intensive,422000376,Round Robin,0.2098865845694619,0.2276056873616326,0.11572561829211386,0.2562436601490084,0.7569906790945407
8.0,0.8,32.25,145.1875,0.0,3.25,2.6875,0.5,0.03488372093023256,cpu_intensive,422000377,Round Robin,0.2222017844920702,0.19601930036188178,0.1143003587903639,0.3125320348539211,0.7542219541616405
8.0,0.8888888888888888,34.125,165.609375,0.0,4.125,1.109375,0.5,0.03663003663003663,cpu_intensive,422000378,Round Robin,0.216798004626952,0.1879217273954116,0.11137218045112782,0.2880639097744361,0.7543859649122807
8.0,2.0,25.25,55.4375,0.0,2.125,1.609375,0.375,0.01485148514851485,cpu_intensive,422000379,Round Robin,0.21271802174284157,0.20964125560538116,0.12303150671813,0.2912256267409471,0.75
8.0,1.3333333333333333,33.125,261.609375,0.0,3.125,2.359375,0.5,0.022641509433962263,cpu_intensive,422000380,Round Robin,0.18773093865820167,0.1614002478314746,0.09314835787089468,0.2633069082672707,0.7611524163568772
8.0,0.8888888888888888,36.375,154.984375,0.0,3.125,2.359375,0.75,0.03436426116838488,cpu_intensive,422000381,Round Robin,0.23303674074797362,0.18225419664268586,0.14057198254968492,0.2572709646146389,0.7604916067146283
8.0,1.0,33.75,151.9375,0.0,2.75,2.6875,0.75,0.025925925925925925,cpu_intensive,422000382,Round Robin,0.22761754183292762,0.18548387096774194,0.1477434679334917,0.3110451306413302,0.7589950372208436
8.0,1.0,30.5,178.75,0.0,3.25,2.6875,0.375,0.020491803278688523,cpu_intensive,422000383,Round Robin,0.16764372217022605,0.16118012422360248,0.09868087265347539,0.2832318619989853,0.7593167701863355
8.0,0.8888888888888888,36.875,209.859375,0.0,3.75,0.6875,0.625,0.04406779661016949,cpu_intensive,422000384,Round Robin,0.23438855241952536,0.22107136646146067,0.11438183347350715,0.2873194694163873,0.7567039106145251
8.0,0.8,34.125,175.359375,0.0,2.625,1.484375,0.625,0.029304029304029304,cpu_intensive,422000385,Round Robin,0.2340595075239398,0.179375,0.12745098039215685,0.29924760601915185,0.7571875
8.0,0.6666666666666666,30.25,113.6875,0.0,3.5,0.5,0.5,0.028925619834710745,cpu_intensive,422000386,Round Robin,0.23180844103507456,0.23568507157464214,0.10999089710888385,0.25051519835136526,0.75
8.0,0.8,35.875,174.609375,0.0,3.125,1.859375,0.75,0.04878048780487805,cpu_intensive,422000387,Round Robin,0.16657544047167533,0.14690721649484537,0.11646716965240049,0.2851170568561873,0.75
8.0,0.8888888888888888,31.75,63.1875,0.0,3.75,2.1875,0.625,0.03543307086614173,cpu_intensive,422000388,Round Robin,0.19621167597218142,0.231029810298103,0.11869701026327532,0.2752119589468987,0.7649051490514905
8.0,4.0,30.875,154.109375,0.0,2.5,2.5,0.375,0.016194331983805668,cpu_intensive,422000389,Round Robin,0.22289098740094498,0.2164408866995074,0.10209042294603791,0.2830578512396694,0.7543103448275862
8.0,1.3333333333333333,35.875,113.109375,0.0,3.25,2.6875,0.75,0.027874564459930314,cpu_intensive,422000390,Round Robin,0.2595813041125541,0.20865885416666666,0.1435064935064935,0.2707792207792208,0.7610677083333333
8.0,2.0,25,44,0.0,2.125,1.609375,0.25,0.02,cpu_intensive,422000391,Round Robin,0.2198121411508319,0.2087227414330218,0.12612107623318386,0.26373318385650224,0.7531152647975078
8.0,1.6,34.125,112.109375,0.0,3.125,2.359375,0.625,0.040293040293040296,cpu_intensive,422000392,Round Robin,0.19202586128342072,0.19649779716185095,0.11489957963568426,0.2557828781890047,0.7597547380156076
8.0,1.0,36.375,191.234375,0.0,3.625,2.734375,0.625,0.030927835051546393,cpu_intensive,422000393,Round Robin,0.21408155839498816,0.18101932173537025,0.14015904572564614,0.25,0.7622679045092838
8.0,1.0,36.875,270.609375,0.0,3.625,0.984375,0.5,0.01694915254237288,cpu_intensive,422000394,Round Robin,0.19313596981920148,0.19102112676056338,0.11721768999570631,0.29422498926577934,0.7564553990610329
8.0,1.3333333333333333,41.875,101.859375,0.0,2.875,1.859375,0.75,0.029850746268656716,cpu_intensive,422000395,Round Robin,0.22309019642105432,0.248795104167494,0.13284671532846715,0.25,0.7565288356909685
8.0,0.8,36.75,116.6875,0.0,3.25,1.6875,0.75,0.05102040816326531,cpu_intensive,422000396,Round Robin,0.20566915896745946,0.2403649507820971,0.10988782717075199,0.25,0.7534829721362228
8.0,1.6,30.25,143.4375,0.0,2,1,0.25,0.01652892561983471,cpu_intensive,422000397,Round Robin,0.27329412341650117,0.23118636065138304,0.1391015824400204,0.25612110366927604,0.754730713245997
8.0,0.7272727272727273,29.625,129.484375,0.0,2.5,2.5,0.375,0.02109704641350211,cpu_intensive,422000398,Round Robin,0.23847583443925074,0.26033057851239666,0.10537190082644628,0.23600605143721634,0.7526475037821483
8.0,0.6666666666666666,27.875,131.859375,0.0,2.625,1.734375,0.5,0.026905829596412557,cpu_intensive,422000399,Round Robin,0.16590923793504983,0.1497175141242938,0.11098062243100412,0.2896359365825015,0.7588276836158192
8.0,1.0,35.875,184.359375,0.0,2.5,1.75,0.625,0.03832752613240418,cpu_intensive,422000400,Round Robin,0.22361915304268845,0.179375,0.1067211625794732,0.28247048138056313,0.75125
8.0,1.1428571428571428,40.875,135.359375,0.0,3.875,1.859375,0.875,0.03058103975535168,cpu_intensive,422000401,Round Robin,0.24292892623309997,0.21032186459489458,0.13742795389048992,0.3215057636887608,0.7602663706992231
8.0,1.3333333333333333,39.75,109.4375,0.0,2.75,1.9375,0.75,0.040880503144654086,cpu_intensive,422000402,Round Robin,0.23645339517751784,0.25,0.1379182156133829,0.2502322057206265,0.7551605504587156
8.0,0.7272727272727273,31,139.5,0.0,3.625,1.984375,0.25,0.012096774193548387,cpu_intensive,422000403,Round Robin,0.3047673098751419,0.26486641623562207,0.16572077185017026,0.2495928338762215,0.7618078175895766
8.0,1.1428571428571428,36,269,0.0,2.875,1.859375,0.5,0.024305555555555556,cpu_intensive,422000404,Round Robin,0.28317976600325084,0.2083854818523154,0.13155291790306628,0.2705242334322453,0.7600125156445556
8.0,0.7272727272727273,23.25,47.1875,0.0,2.75,1.4375,0.375,0.016129032258064516,cpu_intensive,422000405,Round Robin,0.2066568320118016,0.25267379679144386,0.1092914438502674,0.23819796440634516,0.7586206896551724
8.0,1.0,38,302,0.0,3.125,1.609375,0.625,0.03289473684210526,cpu_intensive,422000406,Round Robin,0.16576836417892452,0.14903846153846154,0.13192267502612331,0.2638453500522466,0.7608173076923077
8.0,1.0,30.75,120.9375,0.0,3.25,2.1875,0.5,0.036585365853658534,cpu_intensive,422000407,Round Robin,0.25118274320116657,0.17566883042819173,0.14705882352941177,0.30524296675191814,0.7635903919089759
8.0,0.8,40.375,149.234375,0.0,3.25,1.4375,0.75,0.03715170278637771,cpu_intensive,422000408,Round Robin,0.19123711340206184,0.18820224719101122,0.11716891356066614,0.2521808088818398,0.7573033707865169
8.0,1.3333333333333333,27.875,102.859375,0.0,3.875,1.859375,0.375,0.03139013452914798,cpu_intensive,422000409,Round Robin,0.15929399096161692,0.150207182320442,0.11133371493989697,0.2854894104178592,0.7662292817679558
8.0,0.7272727272727273,29.5,135.25,0.0,2.375,0.984375,0.25,0.025423728813559324,cpu_intensive,422000410,Round Robin,0.17491637678398977,0.17632552404438964,0.0975609756097561,0.2762872628726287,0.7546239210850801
8.0,0.8888888888888888,29.75,107.6875,0.0,4,0.75,0.375,0.01680672268907563,cpu_intensive,422000411,Round Robin,0.17265652236326723,0.18362282878411912,0.09552746718522119,0.2842732134175984,0.7565136476426799
8.0,0.8,33.75,244.9375,0.0,2.875,2.359375,0.625,0.044444444444444446,cpu_intensive,422000412,Round Robin,0.2050298893820788,0.2007466515341143,0.12225625319040326,0.25394130109670987,0.75
8.0,0.6153846153846154,28.875,117.109375,0.0,3.5,1.75,0.5,0.021645021645021644,cpu_intensive,422000413,Round Robin,0.21260566726889205,0.24957948643403496,0.1263800116211505,0.25,0.7550091074681239
8.0,1.1428571428571428,25.25,62.4375,0.0,2.625,1.484375,0.125,0.0049504950495049506,cpu_intensive,422000414,Round Robin,0.3215527230590962,0.2047581903276131,0.1552723059096176,0.2686544852196506,0.7593603744149766
8.0,1.1428571428571428,30.75,111.4375,0.0,2.375,0.734375,0.5,0.028455284552845527,cpu_intensive,422000415,Round Robin,0.2643978831753356,0.27021126343966756,0.13030746705710103,0.25209001524791,0.7542087542087542
8.0,0.8888888888888888,28.875,68.109375,0.0,3.5,1.5,0.375,0.021645021645021644,cpu_intensive,422000416,Round Robin,0.17852955376232846,0.2115921787709497,0.10570987654320987,0.2507716049382716,0.7608240223463687
8.0,0.6666666666666666,34.125,208.359375,0.0,2.25,1.1875,0.625,0.040293040293040296,cpu_intensive,422000417,Round Robin,0.26634229879654325,0.2008200418137566,0.12159750111557341,0.28738866393028495,0.7560432569974554
8.0,0.7272727272727273,37.25,161.6875,0.0,2.75,2.6875,0.625,0.03691275167785235,cpu_intensive,422000418,Round Robin,0.20166272944590516,0.21161167512690354,0.1253883710608078,0.2502219263204616,0.7592005076142132
8.0,1.1428571428571428,29.625,138.734375,0.0,2.125,1.109375,0.5,0.02109704641350211,cpu_intensive,422000419,Round Robin,0.2117921492921493,0.18411987336135943,0.12787787787787788,0.30755755755755754,0.7526455026455026
8.0,2.0,27.875,144.609375,0.0,3.375,2.234375,0.375,0.03139013452914798,cpu_intensive,422000420,Round Robin,0.28365540963101943,0.2073076923076923,0.14352720450281425,0.3072232645403377,0.7576923076923077
8.0,0.8,42.375,87.234375,0.0,3,1.75,0.875,0.0471976401179941,cpu_intensive,422000421,Round Robin,0.20536915308936132,0.218014329580348,0.1244877049180328,0.2661954257051622,0.755885363357216
8.0,1.0,29,162,0.0,2.375,1.484375,0.375,0.02586206896551724,cpu_intensive,422000422,Round Robin,0.2266919478693489,0.19166666666666668,0.11194029850746269,0.25812437808484134,0.7576388888888889
8.0,0.8888888888888888,34.125,88.109375,0.0,2.75,2.4375,0.5,0.02197802197802198,cpu_intensive,422000423,Round Robin,0.21950581395348837,0.2355263157894737,0.11906976744186046,0.25731224846311374,0.7572368421052631
8.0,1.1428571428571428,30.125,199.359375,0.0,2.75,2.6875,0.5,0.03319502074688797,cpu_intensive,422000424,Round Robin,0.18124826975934827,0.15943287037037038,0.09770421783235451,0.3180726107848372,0.7572337962962963
8.0,0.8888888888888888,29.875,187.609375,0.0,3.125,1.609375,0.5,0.02510460251046025,cpu_intensive,422000425,Round Robin,0.1947731116045621,0.1941747572815534,0.10573177518085698,0.2964663327768503,0.7597087378640777
8.0,1.1428571428571428,34.75,115.6875,0.0,4,1,0.75,0.046762589928057555,cpu_intensive,422000426,Round Robin,0.26534967155513234,0.23074691338712078,0.14516129032258066,0.25,0.7679968701095461
8.0,1.0,34.25,147.9375,0.0,2.875,1.609375,0.625,0.040145985401459854,cpu_intensive,422000427,Round Robin,0.1589082126534021,0.14322654051933487,0.11299709020368573,0.25,0.7602357320099256
8.0,0.8888888888888888,32.5,184.75,0.0,2.75,1.6875,0.625,0.04230769230769231,cpu_intensive,422000428,Round Robin,0.18707415413633424,0.15864116094986808,0.10893574297188754,0.2778614457831325,0.7595646437994723
8.0,1.0,39.25,192.9375,0.0,3,2.75,0.75,0.041401273885350316,cpu_intensive,422000429,Round Robin,0.20593529745146227,0.19646680942184155,0.1169840652934318,0.27429071123202486,0.7591006423982869
8.0,2.6666666666666665,33.125,162.359375,0.0,2.625,2.234375,0.5,0.03018867924528302,cpu_intensive,422000430,Round Robin,0.19635075555762363,0.23156028368794326,0.09212684527063969,0.25464734827774743,0.7521276595744681
8.0,1.3333333333333333,35.375,77.234375,0.0,1.625,0.984375,0.875,0.06007067137809187,cpu_intensive,422000431,Round Robin,0.2383232590752803,0.19449216558842228,0.11986571879936808,0.2683702351527245,0.7533422459893049
8.0,1.1428571428571428,32.125,118.859375,0.0,2.5,1.5,0.5,0.0311284046692607,cpu_intensive,422000432,Round Robin,0.27909094504403514,0.25,0.11270691333982473,0.24963315413799406,0.7549019607843137
8.0,1.6,27.25,94.4375,0.0,3,0.75,0.375,0.022935779816513763,cpu_intensive,422000433,Round Robin,0.19453507340946166,0.176870964583949,0.10796410544026921,0.2511217049915872,0.7540783034257749
8.0,1.0,31.125,141.609375,0.0,2.5,0.75,0.5,0.03614457831325301,cpu_intensive,422000434,Round Robin,0.26437693808810947,0.2245508982035928,0.13030133928571427,0.29045758928571425,0.7514970059880239
8.0,1.6,33.375,108.234375,0.0,3.25,1.9375,0.625,0.03745318352059925,cpu_intensive,422000435,Round Robin,0.24568619653431997,0.21652249621640474,0.11148919135308247,0.31485188150520416,0.7590859030837005
8.0,2.0,40.25,181.4375,0.0,3.125,2.359375,0.625,0.043478260869565216,cpu_intensive,422000436,Round Robin,0.25716317682295015,0.2568013190436933,0.13953009068425393,0.24827981651376146,0.7586009174311927
8.0,1.0,35.875,132.609375,0.0,3.5,1,0.625,0.03484320557491289,cpu_intensive,422000437,Round Robin,0.23299128876010633,0.21660292339142873,0.13225399495374265,0.25175464610517995,0.7635036496350365
8.0,0.8888888888888888,33.75,203.4375,0.0,3.25,1.9375,0.375,0.022222222222222223,cpu_intensive,422000438,Round Robin,0.21635577777167292,0.21223470661672908,0.1271393643031785,0.2803178484107579,0.7612359550561798
8.0,0.8888888888888888,33.625,279.234375,0.0,3.125,2.859375,0.375,0.026022304832713755,cpu_intensive,422000439,Round Robin,0.2460950528530056,0.2055694618272841,0.1287598944591029,0.3133245382585752,0.7531289111389237
8.0,0.8888888888888888,26.5,89.75,0.0,3.875,1.109375,0.375,0.02830188679245283,cpu_intensive,422000440,Round Robin,0.27493078096649237,0.2306930693069307,0.11731135066582118,0.2544388078630311,0.7628712871287129
8.0,1.1428571428571428,29.5,135.5,0.0,3.25,2.4375,0.375,0.0211864406779661,cpu_intensive,422000441,Round Robin,0.17437918090379712,0.20032467532467532,0.1119640021175225,0.28388035997882477,0.7646103896103896
8.0,1.6,22.5,121.25,0.0,3.25,1.6875,0.25,0.027777777777777776,cpu_intensive,422000442,Round Robin,0.19238045391547418,0.16164817749603805,0.13025830258302584,0.3322878228782288,0.7622820919175911
8.0,1.6,37.125,148.859375,0.0,3.75,2.1875,0.625,0.03367003367003367,cpu_intensive,422000443,Round Robin,0.22089228119891455,0.2278393871237209,0.11871138570167697,0.25,0.7633876600698486
8.0,1.0,31.25,197.1875,0.0,2.625,2.234375,0.625,0.044,cpu_intensive,422000444,Round Robin,0.34343124627335986,0.23754612546125461,0.15181138585393905,0.2611393342776321,0.7615313653136531
8.0,1.0,28.5,107.75,0.0,2,2,0.375,0.03070175438596491,cpu_intensive,422000445,Round Robin,0.21163462321104143,0.2103960396039604,0.11563517915309446,0.2988599348534202,0.7553041018387553
8.0,1.3333333333333333,27.875,132.109375,0.0,3,1.75,0.375,0.013452914798206279,cpu_intensive,422000446,Round Robin,0.21752865119012635,0.1893631436314363,0.11234939759036144,0.28734939759036143,0.7598238482384824
8.0,1.0,27.25,41.6875,0.0,3,2.5,0.5,0.027522935779816515,cpu_intensive,422000447,Round Robin,0.21481573191366432,0.25,0.11192893401015229,0.2802401881886839,0.7504065040650407
8.0,0.7272727272727273,23.375,106.234375,0.0,2.5,1.5,0.25,0.0213903743315508,cpu_intensive,422000448,Round Robin,0.26080002705078786,0.23532494758909853,0.13118279569892474,0.260752688172043,0.7641509433962264
8.0,1.1428571428571428,24,61,0.0,3.375,1.984375,0.25,0.03125,cpu_intensive,422000449,Round Robin,0.2377847293156282,0.2507022471910112,0.13026685393258428,0.23928968821234012,0.7618181818181818
8.0,1.0,29.625,107.734375,0.0,2.75,2.1875,0.375,0.03375527426160337,cpu_intensive,422000450,Round Robin,0.2537819522646868,0.21731526234491005,0.1276595744680851,0.25,0.7610655737704918
8.0,0.7272727272727273,27.375,110.234375,0.0,3.125,2.109375,0.375,0.0410958904109589,cpu_intensive,422000451,Round Robin,0.19931373936245475,0.16960239332133978,0.11344019728729962,0.2573348749819338,0.7635245901639345
8.0,0.8888888888888888,25.375,113.734375,0.0,3.25,2.4375,0.5,0.03940886699507389,cpu_intensive,422000452,Round Robin,0.21539185612033293,0.24057270911575546,0.1406926406926407,0.25,0.7726269315673289
8.0,0.7272727272727273,29.5,71,0.0,2.625,1.984375,0.375,0.025423728813559324,cpu_intensive,422000453,Round Robin,0.1917241379310345,0.20367220254151905,0.11473301049757872,0.2629594721960415,0.75
8.0,1.0,24.75,109.9375,0.0,3.125,1.859375,0.25,0.015151515151515152,cpu_intensive,422000454,Round Robin,0.2968546772809874,0.22723048327137546,0.13616625310173697,0.27946650124069483,0.7690520446096654
8.0,1.1428571428571428,33.5,177,0.0,3.375,1.734375,0.625,0.029850746268656716,cpu_intensive,422000455,Round Robin,0.20966636631920046,0.19945285134821944,0.1514722536806342,0.26472253680634206,0.7631386861313869
8.0,1.1428571428571428,31.875,131.359375,0.0,3,2.5,0.5,0.023529411764705882,cpu_intensive,422000456,Round Robin,0.2015202401852276,0.19080604534005038,0.10984848484848485,0.27575757575757576,0.7585012594458438
8.0,0.8888888888888888,31.625,199.234375,0.0,3.125,0.859375,0.5,0.02766798418972332,cpu_intensive,422000457,Round Robin,0.2794684064446129,0.24750415973377704,0.13580576307363929,0.26520811099252933,0.7712146422628952
8.0,1.0,30.5,252.75,0.0,2.125,2.109375,0.5,0.036885245901639344,cpu_intensive,422000458,Round Robin,0.1907802227517788,0.1922730391822334,0.11763085399449036,0.31694214876033056,0.7511503067484663
8.0,0.7272727272727273,33.375,218.734375,0.0,2.125,1.859375,0.5,0.026217228464419477,cpu_intensive,422000459,Round Robin,0.18907017795904468,0.15215877437325906,0.11150907354345749,0.2693409742120344,0.7559192200557103
8.0,1.0,35.25,145.6875,0.0,2.75,3.1875,0.625,0.031914893617021274,cpu_intensive,422000460,Round Robin,0.16785153893791374,0.13444193912063135,0.10218652387327086,0.2549085229808121,0.7556369785794814
8.0,0.8,35,94,0.0,1.25,0.4375,0.625,0.04285714285714286,cpu_intensive,422000461,Round Robin,0.21375700280112045,0.26743697478991596,0.10966386554621849,0.24524500322372664,0.7545833333333334
8.0,1.1428571428571428,32.5,173.5,0.0,2.875,0.859375,0.375,0.015384615384615385,cpu_intensive,422000462,Round Robin,0.18688981868898186,0.21293334976458322,0.10869565217391304,0.2558438522674147,0.7576708507670851
8.0,1.0,33.125,64.109375,0.0,3.125,1.359375,0.5,0.03018867924528302,cpu_intensive,422000463,Round Robin,0.19463676909422198,0.21601941747572814,0.12098930481283422,0.25824420677361853,0.7624826629680999
8.0,0.8,33.375,104.734375,0.0,3.25,2.4375,0.5,0.02247191011235955,cpu_intensive,422000464,Round Robin,0.18917985208756885,0.22033132973864877,0.12434367541766111,0.25,0.7588734567901234
8.0,1.6,33.5,229.75,0.0,3,2,0.375,0.022388059701492536,cpu_intensive,422000465,Round Robin,0.21071989221963805,0.1999038247497846,0.12873326467559218,0.32157569515962925,0.756074168797954
8.0,1.0,34.875,176.359375,0.0,2.75,0.6875,0.625,0.035842293906810034,cpu_intensive,422000466,Round Robin,0.20272185053518113,0.21405013192612138,0.11608775137111517,0.3107861060329068,0.754287598944591
8.0,1.0,31.125,179.859375,0.0,3,1.25,0.375,0.03614457831325301,cpu_intensive,422000467,Round Robin,0.2176398824071407,0.26355037894489614,0.1362078812107367,0.25,0.7618629173989455
8.0,1.1428571428571428,36.125,147.609375,0.0,2.875,1.109375,0.625,0.04152249134948097,cpu_intensive,422000468,Round Robin,0.22427842275714477,0.19633598058959323,0.1276106934001671,0.25,0.7544080604534005
8.0,1.0,31.25,115.6875,0.0,2.875,2.609375,0.625,0.032,cpu_intensive,422000469,Round Robin,0.21081473679746093,0.20460861138007852,0.12552991050400378,0.27896844088553935,0.7612551159618008
8.0,2.0,37.375,114.984375,0.0,3.125,1.609375,0.625,0.03678929765886288,cpu_intensive,422000470,Round Robin,0.18189338215046516,0.20845697329376855,0.11228656273199702,0.2704157386785449,0.7589020771513353
8.0,1.0,34,193.5,0.0,2.625,2.234375,0.5,0.014705882352941176,cpu_intensive,422000471,Round Robin,0.1999191950621674,0.1693075117370892,0.09930672855890982,0.2714156898106402,0.75
8.0,1.6,41.5,82.5,0.0,3.875,1.109375,0.875,0.02710843373493976,cpu_intensive,422000472,Round Robin,0.22007899601726583,0.22114347357065803,0.11804613297150611,0.2739145183175034,0.7578209277238404
8.0,1.3333333333333333,33.25,250.6875,0.0,2.375,0.734375,0.5,0.02631578947368421,cpu_intensive,422000473,Round Robin,0.2977740166458742,0.19754768392370572,0.1304896516910651,0.3181474003028773,0.7506811989100817
8.0,1.0,27.875,156.359375,0.0,3.625,1.484375,0.375,0.02242152466367713,cpu_intensive,422000474,Round Robin,0.25887257991045404,0.18757921419518378,0.10552451893234016,0.30772811918063314,0.767743979721166
8.0,0.8888888888888888,31,146.25,0.0,2.625,2.234375,0.5,0.04032258064516129,cpu_intensive,422000475,Round Robin,0.18430817448930792,0.1677295918367347,0.1102347951375672,0.2839550454328073,0.75
8.0,1.3333333333333333,28.375,111.234375,0.0,3,2,0.375,0.022026431718061675,cpu_intensive,422000476,Round Robin,0.19185986359648396,0.18588082901554404,0.11661341853035144,0.2827476038338658,0.7574481865284974
8.0,0.8888888888888888,35,143.25,0.0,2.5,1,0.625,0.03214285714285714,cpu_intensive,422000477,Round Robin,0.21491720312908025,0.17713903743315507,0.11889596602972399,0.30074309978768576,0.7530080213903743
8.0,0.8,32,122,0.0,3.125,1.109375,0.75,0.046875,cpu_intensive,422000478,Round Robin,0.18580093702228503,0.1394465188668046,0.12119748913568325,0.2519933660776934,0.7601809954751131
8.0,0.8888888888888888,26.625,168.984375,0.0,2.625,2.484375,0.25,0.018779342723004695,cpu_intensive,422000479,Round Robin,0.2209999481380565,0.21009771986970685,0.12094304960195959,0.2809246785058175,0.7601791530944626
8.0,0.8888888888888888,31.125,93.609375,0.0,3.5,1.75,0.375,0.028112449799196786,cpu_intensive,422000480,Round Robin,0.22507495736168823,0.21392722710163112,0.12645823611759216,0.2915305646290247,0.7644291091593476
8.0,1.1428571428571428,25.5,71.5,0.0,3.875,0.859375,0.125,0.00980392156862745,cpu_intensive,422000481,Round Robin,0.22816638920400137,0.180998613037448,0.12974203338391502,0.3003287809812848,0.7656033287101248
8.0,1.3333333333333333,29.5,62.5,0.0,4,1.5,0.375,0.029661016949152543,cpu_intensive,422000482,Round Robin,0.19071708367420798,0.23164218958611482,0.14977220956719817,0.2722095671981777,0.7710280373831775
8.0,1.1428571428571428,27.625,94.984375,0.0,3.75,1.4375,0.25,0.013574660633484163,cpu_intensive,422000483,Round Robin,0.2710199597424748,0.265627640939752,0.1345707656612529,0.25,0.759933774834437
8.0,1.1428571428571428,35.375,160.984375,0.0,3.125,1.609375,0.875,0.053003533568904596,cpu_intensive,422000484,Round Robin,0.1969107450146776,0.1750936329588015,0.12288851351351351,0.2850476055658494,0.7571785268414482
8.0,1.6,28.25,70.9375,0.0,3.25,1.9375,0.375,0.02654867256637168,cpu_intensive,422000485,Round Robin,0.23452682646803505,0.2073170731707317,0.13691159586681975,0.25,0.7652439024390244
8.0,0.7272727272727273,31.875,228.609375,0.0,2.875,1.859375,0.375,0.011764705882352941,cpu_intensive,422000486,Round Robin,0.22647849462365593,0.2290848995914686,0.13091216216216217,0.26942567567567566,0.7528225806451613
8.0,1.1428571428571428,32.5,80.5,0.0,2.875,2.109375,0.5,0.026923076923076925,cpu_intensive,422000487,Round Robin,0.23129140558978198,0.25462877822585944,0.11859540636042401,0.25,0.758364312267658
8.0,0.8,35.5,242.5,0.0,2.875,1.359375,0.625,0.028169014084507043,cpu_intensive,422000488,Round Robin,0.2361394642041482,0.20875542691751087,0.13968335035750767,0.25612870275791627,0.7547033285094067
8.0,0.8,38.75,173.1875,0.0,2.625,1.734375,0.75,0.04516129032258064,cpu_intensive,422000489,Round Robin,0.2095393947560337,0.16776047333424668,0.12541620421753608,0.32131466316186813,0.7529286474973376
8.0,0.8888888888888888,33,204,0.0,2.875,1.609375,0.625,0.041666666666666664,cpu_intensive,422000490,Round Robin,0.2292731374940153,0.15945406125166445,0.11390667886550777,0.2911710887465691,0.7573235685752331
8.0,0.8888888888888888,26.875,162.359375,0.0,3.25,0.9375,0.25,0.023255813953488372,cpu_intensive,422000491,Round Robin,0.27636579926721233,0.21477548350199244,0.11204121056020605,0.25750453674765605,0.7619808306709266
8.0,1.0,23.125,104.109375,0.0,2.875,2.359375,0.375,0.032432432432432434,cpu_intensive,422000492,Round Robin,0.21497290418211656,0.16620251208147704,0.11912640635340833,0.30195234943745863,0.754708904109589
8.0,0.8888888888888888,35.25,182.4375,0.0,2.125,1.859375,0.5,0.02127659574468085,cpu_intensive,422000493,Round Robin,0.24674135303412836,0.21662216288384512,0.12093690248565964,0.2767306344016893,0.7530040053404539
8.0,1.3333333333333333,31.375,160.734375,0.0,2.875,1.359375,0.5,0.01593625498007968,cpu_intensive,422000494,Round Robin,0.1807326901582446,0.18488219895287958,0.11151685393258427,0.28866173194551786,0.7542539267015707
8.0,1.0,32.125,99.359375,0.0,3.25,1.9375,0.625,0.042801556420233464,cpu_intensive,422000495,Round Robin,0.1981425455773716,0.21900542182181365,0.11670020120724346,0.25,0.7550651230101302
8.0,1.1428571428571428,40.5,131,0.0,2.75,0.4375,0.75,0.040123456790123455,cpu_intensive,422000496,Round Robin,0.17767590219944482,0.175,0.0952914798206278,0.2619581464872945,0.7511904761904762
8.0,0.7272727272727273,32.5,197,0.0,3.125,2.859375,0.625,0.03076923076923077,cpu_intensive,422000497,Round Robin,0.21474752475247527,0.18704337759043782,0.1096,0.2750666666666667,0.7602103960396039
8.0,1.0,36.125,243.109375,0.0,2.25,1.6875,0.625,0.04152249134948097,cpu_intensive,422000498,Round Robin,0.202722534206199,0.14550898203592813,0.11943005181347151,0.275984828797009,0.7541916167664671
8.0,1.6,36.875,34.109375,0.0,3.125,0.609375,0.875,0.05084745762711865,cpu_intensive,422000499,Round Robin,0.19179319103095288,0.1971833037131439,0.12239770279971285,0.25,0.7546816479400749
12.0,1.3333333333333333,12.916666666666666,21.90972222222222,1.0,3.1666666666666665,1.9722222222222223,3.8333333333333335,2.225806451612903,io_intensive,423000000,Round Robin,0.06447516746162067,0.10256014297321028,0.06234623975935774,0.2986694295997383,0.7761479591836735
12.0,1.3333333333333333,10.583333333333334,11.743055555555555,1.0,3.25,2.1875,3.25,2.37007874015748,io_intensive,423000001,SJF,0.14550431980510908,0.0900487824346781,0.10256410256410255,0.28348849620493355,0.7898936170212766
12.0,1.2,10.916666666666666,8.243055555555555,1.0,2.6666666666666665,1.8888888888888888,3.6666666666666665,2.572519083969466,io_intensive,423000002,SJF,0.08850028589469285,0.04401529601389203,0.07016885378691874,0.3261569779426922,0.7670648464163823
12.0,0.75,11.416666666666666,14.409722222222221,1.0,3.9166666666666665,2.076388888888889,3.6666666666666665,2.678832116788321,io_intensive,423000003,Round Robin,0.1435211121485631,0.14923594774521448,0.09639332921632147,0.2643308746048472,0.8904761904761904
12.0,1.0909090909090908,10.333333333333334,16.72222222222222,1.0,3.75,1.5208333333333333,3.25,2.653225806451613,io_intensive,423000004,Round Robin,0.10198854882005341,0.1518505839574204,0.05858421480878763,0.3117760617760618,0.7973790322580645
12.0,0.9230769230769231,12.333333333333334,9.722222222222221,1.0,1.6666666666666667,0.7222222222222222,3.75,2.472972972972973,io_intensive,423000005,Round Robin,0.09991345604709397,0.1404059858776008,0.07966876070816674,0.32637653736991484,0.7807692307692308
12.0,0.9230769230769231,11.166666666666666,22.63888888888889,1.0,3.5,2.25,3.25,2.246268656716418,io_intensive,423000006,Round Robin,0.11741550967433441,0.15286693423914252,0.08389282923604015,0.2681813210848644,0.813758389261745
12.0,0.8,12.333333333333334,16.88888888888889,1.0,2.6666666666666665,1.2222222222222223,3.5,2.2635135135135136,io_intensive,423000007,FCFS,0.0921713168463327,0.11051272326363618,0.1107951888242499,0.26919642857142856,0.7931034482758621
12.0,1.2,11.166666666666666,15.805555555555555,1.0,2.9166666666666665,2.576388888888889,3.6666666666666665,2.3656716417910446,io_intensive,423000008,Round Robin,0.11373445627705006,0.15881963776130983,0.09632806834818428,0.29765561015561015,0.7968227424749164
12.0,1.5,11.583333333333334,14.409722222222221,1.0,3.4166666666666665,1.5763888888888888,3.4166666666666665,2.6258992805755397,io_intensive,423000009,Round Robin,0.08412044614192714,0.10167037494169272,0.07480417471595946,0.3083061427152788,0.7969745222929936
12.0,1.2,12.5,8.75,1.0,2.8333333333333335,2.138888888888889,3.9166666666666665,2.3266666666666667,io_intensive,423000010,Round Robin,0.09033318395801476,0.09390739582849486,0.0718514531754575,0.3409011220196354,0.7671673819742489
12.0,0.6666666666666666,10.416666666666666,17.57638888888889,1.0,3.1666666666666665,2.3055555555555554,3.0833333333333335,2.36,io_intensive,423000011,SJF,0.10780432295234832,0.07753173289183224,0.08124000913450558,0.3245073891625616,0.8145833333333333
12.0,0.9230769230769231,10.416666666666666,9.07638888888889,1.0,2.25,1.3541666666666667,3.9166666666666665,2.92,io_intensive,423000012,SJF,0.08788279375973945,0.0767807162849146,0.0893406078834949,0.31548690910661953,0.7865853658536586
12.0,0.7058823529411765,11,11.666666666666666,1.0,2.9166666666666665,2.4097222222222223,3.3333333333333335,2.4166666666666665,io_intensive,423000013,Round Robin,0.10900660704356979,0.1336786567632675,0.09194997734743764,0.2879136029411764,0.8135964912280702
12.0,1.0909090909090908,9.833333333333334,10.972222222222221,1.0,3.1666666666666665,2.3055555555555554,3.5,2.8983050847457625,io_intensive,423000014,Round Robin,0.09814643494350095,0.11439128615167737,0.06570002158010974,0.26231112637362636,0.8198198198198199
12.0,1.5,11.5,12.916666666666666,1.0,3.4166666666666665,1.5763888888888888,3.75,2.536231884057971,io_intensive,423000015,Round Robin,0.08477767072559074,0.10356335207081474,0.0440499671268902,0.3628573453086843,0.7831168831168831
12.0,0.8571428571428571,10.333333333333334,12.88888888888889,1.0,3.5833333333333335,1.2430555555555556,3.3333333333333335,2.5161290322580645,io_intensive,423000016,FCFS,0.10442333633093524,0.19665517686082062,0.11216162170457555,0.3324615426402028,0.8333333333333333
12.0,1.0,10.916666666666666,7.743055555555555,1.0,3.6666666666666665,2.2222222222222223,3.25,2.3206106870229006,io_intensive,423000017,Round Robin,0.1246192434582185,0.23190312523476822,0.10348689756042596,0.3213260114636261,0.7922413793103449
12.0,0.8571428571428571,12.916666666666666,15.57638888888889,1.0,2.8333333333333335,1.1388888888888888,3.5833333333333335,2.232258064516129,io_intensive,423000018,Round Robin,0.11812709913581643,0.1266643598293078,0.08429752066115703,0.2866515291564522,0.7623287671232877
12.0,1.2,9.333333333333334,16.88888888888889,1.0,2.6666666666666665,2.5555555555555554,3.25,2.8839285714285716,io_intensive,423000019,Round Robin,0.11983389315787052,0.09326351157428021,0.08946136483432159,0.3167466218337996,0.7961165048543689
12.0,0.8571428571428571,12.916666666666666,16.743055555555557,1.0,2.8333333333333335,2.638888888888889,3.8333333333333335,2.361290322580645,io_intensive,423000020,Round Robin,0.11301091785945278,0.12458333806749708,0.09112691940576928,0.30041361011393786,0.7870639534883721
12.0,1.0909090909090908,11.75,22.020833333333332,1.0,2.75,2.5208333333333335,3.3333333333333335,2.3900709219858154,io_intensive,423000021,Round Robin,0.11797619047619046,0.09964285714285713,0.09742175306005088,0.28271562571493936,0.7964285714285715
12.0,1.0,11.5,6.916666666666667,1.0,3.5833333333333335,1.2430555555555556,4,2.6666666666666665,io_intensive,423000022,SJF,0.08043589743589744,0.02693307086614177,0.11044962648899657,0.30086360172720344,0.8301282051282051
12.0,1.0,12.666666666666666,18.88888888888889,1.0,2.75,2.0208333333333335,3.75,2.388157894736842,io_intensive,423000023,Round Robin,0.12579854300924628,0.09311139371280598,0.0893638453799396,0.31620463062785564,0.7658132530120483
12.0,1.0909090909090908,10.666666666666666,11.555555555555555,1.0,3.25,1.3541666666666667,3.0833333333333335,2.109375,io_intensive,423000024,FCFS,0.0838620914620031,0.16601811364149982,0.0924109189163108,0.3323299372234228,0.7810283687943262
12.0,1.3333333333333333,10.5,8.083333333333334,1.0,3,1.6666666666666667,3,2.1666666666666665,io_intensive,423000025,SJF,0.09804768979660651,0.05969862668225693,0.09451838929450866,0.32957393483709274,0.7768817204301075
12.0,1.0909090909090908,10,10.666666666666666,1.0,2.9166666666666665,2.076388888888889,2.8333333333333335,2.1,io_intensive,423000026,SJF,0.1162145219166229,0.049934126421445756,0.1246282891927261,0.29233494363929147,0.7887453874538746
12.0,1.0,11.25,12.6875,1.0,3.5,1.25,3.5,2.637037037037037,io_intensive,423000027,Round Robin,0.06825276337336245,0.11089051206763037,0.050594246815570385,0.3425101312202117,0.779296875
12.0,1.0,11.083333333333334,9.57638888888889,1.0,2.75,1.8541666666666667,3.6666666666666665,2.8646616541353382,io_intensive,423000028,Round Robin,0.10556541871188588,0.16804552937416042,0.06440198159943383,0.3169964955679241,0.7905629139072847
12.0,0.9230769230769231,10.833333333333334,16.97222222222222,1.0,2.5833333333333335,1.4097222222222223,3.25,2.330769230769231,io_intensive,423000029,Round Robin,0.12421614966454858,0.09493135852210209,0.07955363570914326,0.2833041958041958,0.7983091787439613
12.0,0.9230769230769231,11.833333333333334,16.305555555555557,1.0,3.5,2.4166666666666665,3.5833333333333335,2.2816901408450705,io_intensive,423000030,Round Robin,0.11847828124865659,0.10276296721034123,0.07658569500674764,0.28003123816736086,0.7959558823529411
12.0,1.0,10.833333333333334,4.972222222222222,1.0,2.8333333333333335,1.3055555555555556,3.1666666666666665,2.5153846153846153,io_intensive,423000031,Round Robin,0.10853516921035168,0.27047865096497636,0.09699945183347279,0.3086442953020134,0.8617424242424243
12.0,0.7058823529411765,12.083333333333334,10.57638888888889,1.0,2.8333333333333335,1.9722222222222223,3.5833333333333335,2.3793103448275863,io_intensive,423000032,Round Robin,0.058870044217212605,0.05202504747073291,0.050961482511660335,0.2830762038335671,0.7883165829145728
12.0,1.2,10.833333333333334,9.305555555555555,1.0,2.5833333333333335,1.5763888888888888,3.6666666666666665,2.746153846153846,io_intensive,423000033,FCFS,0.07760050741608118,0.10695933329372084,0.07797389599388554,0.29918525809273844,0.8125
12.0,1.5,11.5,15.916666666666666,1.0,3.0833333333333335,2.2430555555555554,3.25,2.1594202898550723,io_intensive,423000034,Round Robin,0.10478283840226482,0.10937799866730158,0.07563025210084036,0.2880485286525555,0.7873665480427046
12.0,0.75,10.25,11.520833333333334,1.0,3.3333333333333335,1.0555555555555556,3.3333333333333335,2.4552845528455283,io_intensive,423000035,Round Robin,0.09782125391340458,0.12216470919596162,0.05019455252918288,0.3366435617168755,0.795816733067729
12.0,0.9230769230769231,13.083333333333334,14.743055555555555,1.0,3.1666666666666665,1.8055555555555556,3.8333333333333335,2.356687898089172,io_intensive,423000036,Round Robin,0.10972439541286219,0.12615002169619327,0.08530842021594458,0.27142300194931773,0.7844827586206897
12.0,1.5,11.083333333333334,11.243055555555555,1.0,3.1666666666666665,2.138888888888889,3.75,2.789473684210526,io_intensive,423000037,Round Robin,0.11926497734519215,0.3283941053970167,0.08331889753011,0.25,0.7896039603960396
12.0,1.2,11.416666666666666,12.909722222222221,1.0,2.75,2.0208333333333335,3.4166666666666665,2.408759124087591,io_intensive,423000038,Round Robin,0.11282286693597748,0.13804983200001747,0.08942986560657507,0.33158104247646697,0.7705655526992288
12.0,0.75,12.25,18.6875,1.0,2.5,2.4166666666666665,3.8333333333333335,2.503401360544218,io_intensive,423000039,Round Robin,0.10979333617810905,0.09788747646072755,0.09033611920023753,0.298913944619466,0.8264331210191083
12.0,1.7142857142857142,10,5,1.0,2.9166666666666665,2.2430555555555554,3.1666666666666665,2.2666666666666666,io_intensive,423000040,Round Robin,0.11478056678977568,0.15201729106628242,0.09716264281707075,0.29583975346687214,0.7896253602305476
12.0,1.0909090909090908,10.583333333333334,7.743055555555555,1.0,3.0833333333333335,2.576388888888889,3.1666666666666665,2.393700787401575,io_intensive,423000041,Round Robin,0.0720162972390144,0.10019841269841272,0.05206757447376902,0.3411771614135569,0.7708333333333333
12.0,1.2,9.833333333333334,7.472222222222222,1.0,2.5833333333333335,2.576388888888889,3,2.2288135593220337,io_intensive,423000042,Round Robin,0.10288252267512286,0.1450245436870236,0.09415945191762583,0.33034896681814285,0.7746575342465754
12.0,1.3333333333333333,9.583333333333334,14.57638888888889,1.0,2.5833333333333335,2.076388888888889,2.8333333333333335,2.226086956521739,io_intensive,423000043,Round Robin,0.1376131162887456,0.15284491800152555,0.09128289473684209,0.314453125,0.8119565217391305
12.0,1.2,11.916666666666666,6.243055555555555,1.0,3.5833333333333335,1.4097222222222223,3.8333333333333335,2.4825174825174825,io_intensive,423000044,Round Robin,0.11326676164749176,0.2412176495932171,0.10396410434688214,0.27349881796690306,0.8001474926253687
12.0,1.0909090909090908,11.416666666666666,12.07638888888889,1.0,2.9166666666666665,2.9097222222222223,3.3333333333333335,2.218978102189781,io_intensive,423000045,SJF,0.12796663609263928,0.0858724658479619,0.12333812540797631,0.2860751865758123,0.788623595505618
12.0,1.3333333333333333,11.666666666666666,6.222222222222222,1.0,3.25,2.8541666666666665,3.5833333333333335,2.45,io_intensive,423000046,Round Robin,0.11236466706258706,0.09860769035224898,0.08005952380952379,0.2536254895734096,0.782991202346041
12.0,1.3333333333333333,11.75,11.6875,1.0,3.0833333333333335,1.4097222222222223,3.6666666666666665,2.645390070921986,io_intensive,423000047,Round Robin,0.12363676612541091,0.1775087098593584,0.08844765342960288,0.31278692951660814,0.7794906166219839
12.0,0.9230769230769231,11,10.833333333333334,1.0,2.8333333333333335,1.3055555555555556,3.75,2.6515151515151514,io_intensive,423000048,Round Robin,0.1144662684350849,0.2244948992342608,0.10253038223163283,0.3111811023622047,0.8780120481927711
12.0,1.5,9.25,12.6875,1.0,2.9166666666666665,2.2430555555555554,3.25,2.8378378378378377,io_intensive,423000049,Round Robin,0.10132551205600208,0.11547598580644557,0.08661155431490355,0.3231766546543874,0.790948275862069
12.0,0.8571428571428571,11.083333333333334,22.57638888888889,1.0,3.0833333333333335,2.076388888888889,3.5833333333333335,2.5714285714285716,io_intensive,423000050,SJF,0.14753913374844146,0.05297935221436151,0.10031225604996097,0.2854531363199838,0.8175355450236967
12.0,1.0,11.416666666666666,11.243055555555555,1.0,2.1666666666666665,0.8055555555555556,3.4166666666666665,2.45985401459854,io_intensive,423000051,Round Robin,0.09820519188429735,0.08223987316624237,0.06286727468479741,0.267936862244898,0.7852697095435685
12.0,1.5,11.083333333333334,23.743055555555557,1.0,2.5,0.9166666666666666,3.5,2.8646616541353382,io_intensive,423000052,SJF,0.12860335106465154,0.03495260663507109,0.09043448335302741,0.34394372757243646,0.7748815165876777
12.0,0.9230769230769231,9.666666666666666,9.555555555555555,1.0,3.1666666666666665,1.9722222222222223,2.9166666666666665,2.3189655172413794,io_intensive,423000053,Round Robin,0.07828774292099233,0.10485146714707581,0.06461814048305817,0.2821428571428571,0.8844827586206896
12.0,1.2,11.916666666666666,7.076388888888889,1.0,3.5833333333333335,1.7430555555555556,3.5833333333333335,2.4825174825174825,io_intensive,423000054,Round Robin,0.10740337646356929,0.1340454931387578,0.0921476341247277,0.2829313543599258,0.7816205533596838
12.0,1.0909090909090908,12.333333333333334,17.38888888888889,1.0,3.0833333333333335,1.5763888888888888,3.5833333333333335,2.22972972972973,io_intensive,423000055,Round Robin,0.11105407750144594,0.10912435517698679,0.08394383394383395,0.318185510071475,0.7743421052631578
12.0,0.8571428571428571,11.083333333333334,13.07638888888889,1.0,2.9166666666666665,1.7430555555555556,3.4166666666666665,2.5037593984962405,io_intensive,423000056,Round Robin,0.09686655271108285,0.11982554433527032,0.08133528265107214,0.27142286171063146,0.7953172205438066
12.0,0.8,12.333333333333334,11.555555555555555,1.0,2.8333333333333335,2.638888888888889,3.5833333333333335,2.114864864864865,io_intensive,423000057,Round Robin,0.09739955603136116,0.13258814643183775,0.09656948931177782,0.2789589281792225,0.7912087912087913
12.0,1.2,11.5,15.75,1.0,3,1.8333333333333333,3.5,2.528985507246377,io_intensive,423000058,Round Robin,0.06754874651810583,0.06957985143918291,0.06743904300377761,0.2736188486536676,0.7848189415041782
12.0,0.8,8.75,11.854166666666666,1.0,3.5,1.4166666666666667,3.0833333333333335,2.6857142857142855,io_intensive,423000059,FCFS,0.089625758394906,0.11163091136861886,0.09076570854374644,0.31077339950461935,0.8279569892473118
12.0,1.7142857142857142,10.916666666666666,11.743055555555555,1.0,2.25,1.3541666666666667,3.3333333333333335,2.4885496183206106,io_intensive,423000060,Round Robin,0.12791277102214066,0.13724683668027365,0.08440667392849417,0.2826747720364742,0.7631926121372032
12.0,0.9230769230769231,10.333333333333334,11.055555555555555,1.0,3.3333333333333335,2.0555555555555554,3.3333333333333335,2.6048387096774195,io_intensive,423000061,Round Robin,0.09536829102001802,0.19186843838223436,0.07846153846153847,0.3029219683824947,0.8074712643678161
12.0,0.8571428571428571,9.583333333333334,4.743055555555555,1.0,3.25,1.6875,3.4166666666666665,2.7304347826086954,io_intensive,423000062,Round Robin,0.10835138074246761,0.12825254179888448,0.09646539027982329,0.32130449033103897,0.798494983277592
12.0,0.7058823529411765,11.75,17.020833333333332,1.0,4,0.8333333333333334,3.75,2.624113475177305,io_intensive,423000063,SJF,0.0767508178614502,0.028541175708641685,0.0539366092054531,0.2858220211161388,0.8131672597864769
12.0,0.8571428571428571,11,12.5,1.0,2.5833333333333335,1.9097222222222223,3.6666666666666665,2.734848484848485,io_intensive,423000064,Round Robin,0.08681298040802173,0.10116017613441179,0.05881059429324125,0.35561164965518927,0.7902097902097902
12.0,0.7058823529411765,10.083333333333334,8.409722222222221,1.0,3.5,1.5833333333333333,3.1666666666666665,2.4132231404958677,io_intensive,423000065,Round Robin,0.15284434734772082,0.11571899763410362,0.10170314609354253,0.25,0.7765151515151515
12.0,0.8571428571428571,11.166666666666666,11.805555555555555,1.0,2.4166666666666665,1.5763888888888888,3.5,2.529850746268657,io_intensive,423000066,Round Robin,0.1280792844690366,0.1812938376990667,0.09347970725216234,0.29096862625647274,0.7964135021097046
12.0,0.8571428571428571,10.583333333333334,19.07638888888889,1.0,2.25,1.6875,3.25,2.6141732283464565,io_intensive,423000067,SJF,0.09471591637809414,0.0540799072759075,0.1095236073369565,0.34516819267515925,0.7942477876106195
12.0,0.9230769230769231,12.5,15.083333333333334,1.0,2.8333333333333335,2.8055555555555554,3.4166666666666665,2.433333333333333,io_intensive,423000068,SJF,0.12061554285963735,0.09072579710799199,0.09573984585538847,0.2696182396606575,0.7691441441441442
12.0,0.8571428571428571,11.5,10.75,1.0,3.8333333333333335,1.1388888888888888,3.25,2.3840579710144927,io_intensive,423000069,Round Robin,0.12978089651517644,0.14328296841541976,0.07931566916095653,0.2535888266998342,0.8
12.0,0.7058823529411765,10.916666666666666,12.57638888888889,1.0,3,2.3333333333333335,3.4166666666666665,2.7251908396946565,io_intensive,423000070,Round Robin,0.09607713011779145,0.1252148501847687,0.06664127951256664,0.30171052631578954,0.825242718446602
12.0,0.9230769230769231,11.916666666666666,11.243055555555555,1.0,3.25,2.1875,3.6666666666666665,2.6433566433566433,io_intensive,423000071,FCFS,0.08099318186416331,0.13658705066384125,0.08835032555001877,0.2765490833139939,0.7907166123778502
12.0,0.9230769230769231,11.583333333333334,13.743055555555555,1.0,3.0833333333333335,1.9097222222222223,3.6666666666666665,2.6043165467625897,io_intensive,423000072,SJF,0.09159834641839784,0.07819935526777597,0.0902253559398568,0.2920841912605811,0.7882882882882882
12.0,0.9230769230769231,11.75,19.354166666666668,1.0,3.1666666666666665,1.4722222222222223,3.8333333333333335,2.269503546099291,io_intensive,423000073,FCFS,0.07579421930334708,0.08108700142271964,0.07912220360408034,0.318408939029923,0.8041958041958042
12.0,0.8,12,18.333333333333332,1.0,2.6666666666666665,1.7222222222222223,3.5833333333333335,2.4027777777777777,io_intensive,423000074,SJF,0.12372680835252034,0.06740196078431374,0.11208465148977524,0.3165755470466716,0.7873774509803921
12.0,3.0,11.083333333333334,7.743055555555555,1.0,3.1666666666666665,1.8055555555555556,3.4166666666666665,2.5338345864661656,io_intensive,423000075,Round Robin,0.12136708877678765,0.13454952507628337,0.08573342263898193,0.32023371972481385,0.7712628865979381
12.0,1.5,12.416666666666666,10.57638888888889,1.0,3.6666666666666665,1.7222222222222223,3.5833333333333335,2.3624161073825505,io_intensive,423000076,Round Robin,0.08004523243070777,0.05584147946742628,0.04371242033139346,0.26991758241758235,0.7982456140350878
12.0,1.7142857142857142,10.583333333333334,17.07638888888889,1.0,3.25,1.3541666666666667,3.4166666666666665,2.661417322834646,io_intensive,423000077,Round Robin,0.09373896115110172,0.09007800633740115,0.08773824353577853,0.34414654684679585,0.786741214057508
12.0,1.0909090909090908,12,10.5,1.0,2.5833333333333335,1.0763888888888888,3.75,2.3541666666666665,io_intensive,423000078,Round Robin,0.05606331168831166,0.07197317974578614,0.05348495964783563,0.32218844984802436,0.7909090909090909
12.0,1.2,12.666666666666666,9.555555555555555,1.0,3.25,2.8541666666666665,3.8333333333333335,2.276315789473684,io_intensive,423000079,Round Robin,0.12136245276322664,0.1270145028337647,0.10536852176110617,0.2720125786163522,0.7820665083135392
12.0,0.8571428571428571,8.916666666666666,10.743055555555555,1.0,3.75,1.5208333333333333,3.1666666666666665,2.7757009345794392,io_intensive,423000080,Round Robin,0.10085822851153038,0.18253676470588232,0.06475748194014447,0.31765174497471943,0.8420138888888888
12.0,1.3333333333333333,10.666666666666666,17.72222222222222,1.0,2.75,1.8541666666666667,3.5833333333333335,2.6484375,io_intensive,423000081,Round Robin,0.1355169868196429,0.12393149318405762,0.09104342801286393,0.3222915929427228,0.7806324110671936
12.0,1.0909090909090908,11.5,15.583333333333334,1.0,2.0833333333333335,1.5763888888888888,3.6666666666666665,2.420289855072464,io_intensive,423000082,Round Robin,0.11439516264675209,0.11182719075284431,0.09469339506919933,0.3373738091541112,0.7901234567901234
12.0,0.8571428571428571,10.583333333333334,5.076388888888889,1.0,2.5,1.75,3.3333333333333335,2.2598425196850394,io_intensive,423000083,FCFS,0.06475512126206734,0.07055215446197316,0.06548387096774191,0.32066881334459457,0.7837591240875912
12.0,0.8571428571428571,10,10.666666666666666,1.0,3.0833333333333335,1.4097222222222223,3.3333333333333335,2.683333333333333,io_intensive,423000084,Round Robin,0.11285723810442504,0.10452586206896548,0.07766990291262135,0.28885848155738725,0.8265086206896552
12.0,1.0,8.916666666666666,10.909722222222221,1.0,3.3333333333333335,2.2222222222222223,2.75,2.4205607476635516,io_intensive,423000085,SJF,0.1610560152107996,0.11830998563218391,0.1354896173515549,0.26067615658362986,0.7979166666666666
12.0,0.8,12.166666666666666,12.805555555555555,1.0,2.9166666666666665,1.7430555555555556,4.166666666666667,2.8493150684931505,io_intensive,423000086,SJF,0.0881466505481679,0.059612524071693235,0.08782451386351639,0.2698120915032679,0.8305369127516778
12.0,0.6666666666666666,13.083333333333334,10.07638888888889,1.0,2.9166666666666665,2.2430555555555554,4.25,2.554140127388535,io_intensive,423000087,FCFS,0.08139930554845934,0.09722036749225761,0.09288869025711133,0.29700334651658045,0.7950530035335689
12.0,1.2,11.75,18.020833333333332,1.0,3.4166666666666665,1.7430555555555556,3.5,2.4539007092198584,io_intensive,423000088,SJF,0.09122301687314864,0.07194072755819858,0.0737921415154998,0.31511232731606126,0.7998338870431894
12.0,1.2,11.166666666666666,12.305555555555555,1.0,2.6666666666666665,2.5555555555555554,3.6666666666666665,2.5522388059701493,io_intensive,423000089,Round Robin,0.07593762240501373,0.12149018338671883,0.06959389010530706,0.2934224049331963,0.7804054054054055
12.0,1.0909090909090908,11,20,1.0,3.6666666666666665,1.8888888888888888,3.4166666666666665,2.477272727272727,io_intensive,423000090,Round Robin,0.06452011170007393,0.10744447041882793,0.04499579478553406,0.28619718309859155,0.797153024911032
12.0,1.0909090909090908,10.833333333333334,11.63888888888889,1.0,3.4166666666666665,2.4097222222222223,3.3333333333333335,2.4076923076923076,io_intensive,423000091,Round Robin,0.09446515256588071,0.14820129356354192,0.07688052328168689,0.28480913642052563,0.8035714285714286
12.0,0.9230769230769231,10.416666666666666,6.409722222222222,1.0,3,2,2.6666666666666665,2.08,io_intensive,423000092,Round Robin,0.1511084786199371,0.11842828930533111,0.11642723576218457,0.25,0.8071161048689139
12.0,0.75,11.25,12.1875,1.0,3.0833333333333335,1.2430555555555556,3.25,2.3333333333333335,io_intensive,423000093,Round Robin,0.10922316384180789,0.15541317804494062,0.08689856165105822,0.2975847882144321,0.7760416666666667
12.0,1.0,12.083333333333334,11.57638888888889,1.0,2.8333333333333335,1.8055555555555556,3.5,2.3586206896551722,io_intensive,423000094,Round Robin,0.10628817452987604,0.16031600407774663,0.0861848757670914,0.33798572097378277,0.7800632911392404
12.0,1.0909090909090908,10.666666666666666,26.72222222222222,1.0,3.5,1.25,3.4166666666666665,2.4921875,io_intensive,423000095,SJF,0.11790389792381162,0.0966997224084161,0.10185504048501237,0.29490412398213817,0.8119565217391305
12.0,0.9230769230769231,11.916666666666666,9.57638888888889,1.0,2.75,2.0208333333333335,3.5,2.2237762237762237,io_intensive,423000096,SJF,0.10007507507507503,0.06756756756756757,0.10490759215591432,0.2924305555555555,0.7912912912912913
12.0,0.8571428571428571,8.416666666666666,4.076388888888889,1.0,3.0833333333333335,1.9097222222222223,2.8333333333333335,2.4653465346534653,io_intensive,423000097,Round Robin,0.16825948537094657,0.14492753623188406,0.1294430502789801,0.3007476302716212,0.7971014492753623
12.0,0.8571428571428571,12.083333333333334,8.07638888888889,1.0,2.25,1.1875,4.166666666666667,2.8,io_intensive,423000098,Round Robin,0.08737133272771397,0.1453379838449871,0.07683419988445986,0.27623456790123463,0.7843866171003717
12.0,0.8571428571428571,10.833333333333334,5.972222222222222,1.0,2.5833333333333335,1.5763888888888888,3.9166666666666665,3.1153846153846154,io_intensive,423000099,FCFS,0.06897222222222221,0.11034006211180127,0.07405602240896356,0.3084052412911473,0.7930555555555556
12.0,0.9230769230769231,12.416666666666666,11.243055555555555,1.0,3.0833333333333335,2.076388888888889,3.4166666666666665,2.315436241610738,io_intensive,423000100,Round Robin,0.11779544898458526,0.1274030476011002,0.09402985074626866,0.3364924181963288,0.7893442622950819
12.0,1.3333333333333333,12.75,7.1875,1.0,2.8333333333333335,2.9722222222222223,3.8333333333333335,2.4640522875816995,io_intensive,423000101,Round Robin,0.11838889919423086,0.10045867183626914,0.0927291886195996,0.2910268893715826,0.7818681318681319
12.0,1.5,12,11.833333333333334,1.0,3.5,0.9166666666666666,3.5,2.5069444444444446,io_intensive,423000102,Round Robin,0.10007629352198641,0.132090301638156,0.0762242814133367,0.31542018004806716,0.7709876543209877
12.0,1.0,11.583333333333334,20.57638888888889,1.0,2.75,1.8541666666666667,3.5,2.2158273381294964,io_intensive,423000103,FCFS,0.08117667356797792,0.20425732576306066,0.08366959499702203,0.29558823529411765,0.7825396825396825
12.0,0.6,10.75,21.520833333333332,1.0,2.75,2.5208333333333335,3.25,2.1782945736434107,io_intensive,423000104,Round Robin,0.16028181223847945,0.25600961538461536,0.11774429638602868,0.20372771841434095,0.8161290322580645
12.0,1.0,9.916666666666666,15.909722222222221,1.0,2.25,1.5208333333333333,3.0833333333333335,2.277310924369748,io_intensive,423000105,Round Robin,0.0905765396544085,0.11230551509837512,0.07333380419931268,0.2666189813382823,0.7905405405405406
12.0,0.8571428571428571,10.416666666666666,8.07638888888889,1.0,2.75,2.1875,3.4166666666666665,2.488,io_intensive,423000106,SJF,0.13175855033972012,0.07836488694329083,0.07837049996983879,0.3052536231884058,0.8008474576271186
12.0,1.3333333333333333,11.75,5.354166666666667,1.0,2.9166666666666665,1.9097222222222223,3.8333333333333335,2.5602836879432624,io_intensive,423000107,SJF,0.09587312027217545,0.08765372427910069,0.09139188075256104,0.30992610615481664,0.7673130193905817
12.0,0.8571428571428571,11.333333333333334,8.722222222222221,1.0,3.5833333333333335,1.5763888888888888,3.5,2.5,io_intensive,423000108,Round Robin,0.11215512830191844,0.22097642547998705,0.06428098078197482,0.2716486486486486,0.7863924050632911
12.0,1.0909090909090908,11.583333333333334,5.243055555555555,1.0,2.6666666666666665,1.0555555555555556,3.8333333333333335,2.568345323741007,io_intensive,423000109,Round Robin,0.08922062607204118,0.0973546166112645,0.08809039419845718,0.3094914423248351,0.790719696969697
12.0,1.0,12.083333333333334,12.409722222222221,1.0,3.0833333333333335,2.2430555555555554,3.5833333333333335,2.4413793103448276,io_intensive,423000110,Round Robin,0.10602387945489122,0.1125331875075511,0.09031421179222857,0.3222738799661876,0.8105263157894738
12.0,0.8571428571428571,10.083333333333334,24.57638888888889,1.0,3,2.3333333333333335,3.0833333333333335,2.1983471074380163,io_intensive,423000111,SJF,0.15177271685540955,0.059405610356521865,0.08972046889089269,0.3193304257255452,0.7915224913494809
12.0,1.0909090909090908,10.5,10.416666666666666,1.0,3.5,3.4166666666666665,3.25,2.6031746031746033,io_intensive,423000112,Round Robin,0.14529784726478978,0.1430963272194342,0.07882352941176471,0.28260230179028134,0.8342696629213484
12.0,0.75,11,8.833333333333334,1.0,2.9166666666666665,1.5763888888888888,3.4166666666666665,2.4393939393939394,io_intensive,423000113,Round Robin,0.06539912757908185,0.10962696177062375,0.030474840538625106,0.28574766774179555,0.801643192488263
12.0,1.5,11.416666666666666,12.743055555555555,1.0,2.75,2.1875,3.8333333333333335,2.7445255474452557,io_intensive,423000114,Round Robin,0.10222429765690341,0.09597754028342738,0.05456417295813316,0.30570358634595995,0.784452296819788
12.0,0.9230769230769231,11.166666666666666,12.305555555555555,1.0,3,2.1666666666666665,3.4166666666666665,2.582089552238806,io_intensive,423000115,Round Robin,0.1064901085578303,0.10484922435833872,0.06497567755385683,0.2648416699711097,0.7803030303030303
12.0,0.8,9.25,15.854166666666666,1.0,2.5833333333333335,1.2430555555555556,3,2.6126126126126126,io_intensive,423000116,SJF,0.08050663311985361,0.07684143686502176,0.09139355433897234,0.25686184812442814,0.815625
12.0,1.0909090909090908,11.083333333333334,4.909722222222222,1.0,3.3333333333333335,2.2222222222222223,3.3333333333333335,2.5338345864661656,io_intensive,423000117,Round Robin,0.13306182294378777,0.09102430087222371,0.09045321838628496,0.3001167527821939,0.7759643916913948
12.0,1.5,11.25,26.1875,1.0,3.3333333333333335,2.388888888888889,3.4166666666666665,2.5481481481481483,io_intensive,423000118,Round Robin,0.08371437076610384,0.07375290588676417,0.05882352941176471,0.30681251467257165,0.7913333333333333
12.0,0.8571428571428571,11.666666666666666,15.555555555555555,1.0,2.6666666666666665,2.388888888888889,3.4166666666666665,2.2,io_intensive,423000119,Round Robin,0.12446109921484652,0.166210813138008,0.09385560014574999,0.32971556886227543,0.7949999999999999
12.0,0.9230769230769231,11.333333333333334,8.555555555555555,1.0,2.8333333333333335,0.9722222222222222,3.5,2.5661764705882355,io_intensive,423000120,Round Robin,0.12007375140120004,0.1512964118421596,0.10233419135777708,0.2811494252873563,0.7974452554744526
12.0,0.8571428571428571,9.166666666666666,19.13888888888889,1.0,2.9166666666666665,2.4097222222222223,3,2.827272727272727,io_intensive,423000121,Round Robin,0.05145659249671658,0.05075242328715052,0.04976915498334279,0.34621562065281664,0.8200934579439252
12.0,1.2,11.333333333333334,9.555555555555555,1.0,2.5833333333333335,2.4097222222222223,3.4166666666666665,2.338235294117647,io_intensive,423000122,Round Robin,0.12166137190130229,0.1734660453878514,0.07536041939711663,0.32195378151260506,0.7657103825136612
12.0,1.2,11.5,11.416666666666666,1.0,2.5833333333333335,2.2430555555555554,3.5,2.3768115942028984,io_intensive,423000123,Round Robin,0.14308366987035853,0.11840443912812332,0.08783396330038118,0.32896563693162095,0.7664473684210527
12.0,0.8,9.5,15.083333333333334,1.0,3.3333333333333335,0.8888888888888888,2.8333333333333335,2.1140350877192984,io_intensive,423000124,Round Robin,0.13324230387288977,0.12449632235369362,0.08377192982456139,0.33603037444357164,0.8094339622641509
12.0,0.9230769230769231,10.25,16.354166666666668,1.0,3,1,3.1666666666666665,2.2845528455284554,io_intensive,423000125,SJF,0.09446867565424268,0.0416513763929803,0.08971924670143978,0.3174128641326392,0.8028350515463918
12.0,0.8,10.833333333333334,10.63888888888889,1.0,2.4166666666666665,1.7430555555555556,3.5,2.4,io_intensive,423000126,Round Robin,0.10208740481164497,0.24679173849637823,0.06795774647887323,0.3220630767111968,0.8014354066985645
12.0,0.7058823529411765,11.75,14.354166666666666,1.0,3.75,1.3541666666666667,3.5833333333333335,2.375886524822695,io_intensive,423000127,Round Robin,0.08947304346925136,0.10305846234334914,0.07719253966822029,0.2940546197548091,0.7883211678832116
12.0,1.5,10.416666666666666,16.90972222222222,1.0,3,2.1666666666666665,3.1666666666666665,2.392,io_intensive,423000128,SJF,0.09264709948755921,0.07461340206185565,0.07494052339413165,0.30423009367681497,0.7807692307692308
12.0,1.3333333333333333,10.5,7.25,1.0,3.25,2.5208333333333335,2.8333333333333335,1.992063492063492,io_intensive,423000129,SJF,0.10121540651648883,0.05712608860280197,0.08862295416258248,0.2658904463535947,0.7829736211031175
12.0,1.3333333333333333,10.75,13.020833333333334,1.0,3.1666666666666665,2.138888888888889,3.4166666666666665,2.488372093023256,io_intensive,423000130,Round Robin,0.11687071461767158,0.08994387460719352,0.07715133531157267,0.30318851909761,0.7807308970099668
12.0,1.0,11.166666666666666,12.63888888888889,1.0,3.5,2.0833333333333335,3.5,2.3955223880597014,io_intensive,423000131,Round Robin,0.06346361990990872,0.08782217970655205,0.05278380332610269,0.3125618934442464,0.812888198757764
12.0,1.7142857142857142,10.833333333333334,5.972222222222222,1.0,1.9166666666666667,1.2430555555555556,3.1666666666666665,2.3461538461538463,io_intensive,423000132,SJF,0.09502179502113703,0.040757696305516705,0.09659592118771482,0.31169296987087514,0.7676174496644295
12.0,0.8,12.083333333333334,11.743055555555555,1.0,2.5,1.5833333333333333,3.75,2.579310344827586,io_intensive,423000133,Round Robin,0.0948759056704951,0.17259834290962353,0.07657107992678461,0.2881056307289393,0.7941729323308271
12.0,0.6666666666666666,12.416666666666666,10.743055555555555,1.0,2.6666666666666665,1.7222222222222223,3.75,2.402684563758389,io_intensive,423000134,Round Robin,0.07670309601492409,0.19079875202456287,0.06058824108910229,0.29215009375628787,0.7936681222707423
12.0,0.8571428571428571,12,5.833333333333333,1.0,3,1.5,3.3333333333333335,2.2569444444444446,io_intensive,423000135,SJF,0.09717016945866923,0.08768891112597427,0.09415475583433473,0.2733420389889003,0.774878640776699
12.0,1.0,11.5,23.583333333333332,1.0,2.8333333333333335,2.638888888888889,3.6666666666666665,2.608695652173913,io_intensive,423000136,SJF,0.10778868509429089,0.048191186121321665,0.06999000630465621,0.30453527618198717,0.7897959183673469
12.0,0.8,10.166666666666666,5.972222222222222,1.0,3.5,2.0833333333333335,3.5833333333333335,2.819672131147541,io_intensive,423000137,FCFS,0.08200559517195392,0.19877683703825594,0.10530793594207796,0.25423429781227946,0.8211297071129707
12.0,0.8,12.083333333333334,9.409722222222221,1.0,2.5833333333333335,1.9097222222222223,3.25,1.9448275862068964,io_intensive,423000138,Round Robin,0.11366962175103162,0.215744820392197,0.10573611392895224,0.2636346300533944,0.7769320843091334
12.0,1.2,10.083333333333334,6.243055555555555,1.0,2.5,1.4166666666666667,3.4166666666666665,2.6198347107438016,io_intensive,423000139,Round Robin,0.13224239008025712,0.1593002100494399,0.1182896853080345,0.31140376954634635,0.8198324022346368
12.0,0.9230769230769231,11.583333333333334,14.409722222222221,1.0,3.5,1.5833333333333333,3.6666666666666665,2.4532374100719423,io_intensive,423000140,Round Robin,0.10084752506764286,0.12319505105395603,0.08199690015654107,0.2930227001194743,0.7993527508090614
12.0,1.3333333333333333,9.666666666666666,14.055555555555555,1.0,2.9166666666666665,3.076388888888889,3.3333333333333335,3.0258620689655173,io_intensive,423000141,FCFS,0.0659650245904971,0.08599907823698713,0.07335856382279621,0.2955487811009054,0.8248587570621468
12.0,0.8,9.916666666666666,7.743055555555555,1.0,3.5,2.0833333333333335,3.25,2.672268907563025,io_intensive,423000142,Round Robin,0.09910662102362866,0.1681569396089454,0.06691157324643783,0.34166770793056095,0.7906403940886699
12.0,1.2,10.583333333333334,8.743055555555555,1.0,3.0833333333333335,1.5763888888888888,3.3333333333333335,2.393700787401575,io_intensive,423000143,Round Robin,0.11260817967656797,0.10378736250597796,0.08967001434720229,0.26903477218225413,0.7941666666666667
12.0,1.0909090909090908,12.416666666666666,8.909722222222221,1.0,3.75,2.0208333333333335,3.8333333333333335,2.597315436241611,io_intensive,423000144,FCFS,0.06959520212919007,0.09850594842296621,0.07941389246141671,0.26294289645682833,0.8466767371601209
12.0,1.3333333333333333,11.166666666666666,15.13888888888889,1.0,3.5833333333333335,1.4097222222222223,3.6666666666666665,2.6492537313432836,io_intensive,423000145,FCFS,0.07993406696178064,0.09195831688038188,0.08747243384121894,0.321509174762045,0.7734584450402144
12.0,0.75,11.833333333333334,14.972222222222221,1.0,3,1.5,3.6666666666666665,2.295774647887324,io_intensive,423000146,Round Robin,0.07892174621863962,0.14142005990230788,0.04903314917127074,0.25770548852296016,1.0
12.0,1.2,11.583333333333334,12.743055555555555,1.0,3.1666666666666665,1.3055555555555556,3.5,2.3884892086330933,io_intensive,423000147,Round Robin,0.11762533727409595,0.16969149141806394,0.08298359005296395,0.30861788228533116,0.7875939849624061
12.0,1.0,11.75,11.354166666666666,1.0,3.4166666666666665,1.2430555555555556,3.5833333333333335,2.50354609929078,io_intensive,423000148,Round Robin,0.1500710591262817,0.19327991480174325,0.09076122316200391,0.2839433293978748,0.8072625698324023
12.0,0.75,10.833333333333334,14.13888888888889,1.0,3.25,1.8541666666666667,3.5,2.6538461538461537,io_intensive,423000149,Round Robin,0.13916670936348557,0.1673675157956859,0.09181494661921707,0.3148533333333333,0.868881118881119
12.0,0.8,12.833333333333334,6.305555555555555,1.0,2.9166666666666665,2.076388888888889,3.8333333333333335,2.2467532467532467,io_intensive,423000150,FCFS,0.11262152564498848,0.11304372091425824,0.12852472771023304,0.3231871546961326,0.7817796610169492
12.0,1.0,10.833333333333334,25.47222222222222,1.0,2.1666666666666665,1.4722222222222223,3.5,2.476923076923077,io_intensive,423000151,Round Robin,0.12293482049494595,0.170589089591919,0.07542275415803046,0.31375838926174504,0.7798245614035088
12.0,1.0909090909090908,11.333333333333334,7.222222222222222,1.0,2.8333333333333335,2.3055555555555554,3.8333333333333335,2.823529411764706,io_intensive,423000152,Round Robin,0.12781800176721136,0.12074087569994497,0.09878787878787879,0.3161572652705861,0.7730061349693251
12.0,0.8571428571428571,9.916666666666666,5.576388888888889,1.0,3.4166666666666665,2.9097222222222223,3,2.5714285714285716,io_intensive,423000153,SJF,0.08449315581372036,0.026251558887647637,0.05681818181818183,0.293060367803838,0.8114478114478114
12.0,1.0,12,18.666666666666668,1.0,3.1666666666666665,2.4722222222222223,3.75,2.3194444444444446,io_intensive,423000154,FCFS,0.0769871038825152,0.08133015972932564,0.07712169865139337,0.3072704185995449,0.7828212290502794
12.0,0.75,11.25,3.6875,1.0,2.9166666666666665,1.7430555555555556,3.3333333333333335,2.466666666666667,io_intensive,423000155,Round Robin,0.16003989057806328,0.2007237143266555,0.0978978978978979,0.28185096153846156,0.8302139037433155
12.0,0.8,11.833333333333334,10.472222222222221,1.0,2.8333333333333335,1.8055555555555556,3.5,2.5422535211267605,io_intensive,423000156,SJF,0.10546099632486433,0.0694332423200393,0.08532431341019307,0.28929765886287623,0.8081180811808117
12.0,1.0909090909090908,11,4.833333333333333,1.0,3.5833333333333335,1.4097222222222223,3.4166666666666665,2.6363636363636362,io_intensive,423000157,SJF,0.09966619294221032,0.06027015513507758,0.09393611673550026,0.3097048300536672,0.7932525951557093
12.0,1.5,10.916666666666666,17.57638888888889,1.0,2,1.1666666666666667,3.5,2.564885496183206,io_intensive,423000158,Round Robin,0.1227948301740292,0.10170611175350742,0.07782551744698095,0.3167510748530133,0.7816205533596838
12.0,0.9230769230769231,10.75,10.854166666666666,1.0,3.0833333333333335,2.4097222222222223,2.9166666666666665,2.0775193798449614,io_intensive,423000159,Round Robin,0.07616306390977443,0.12486428316704265,0.045758928571428555,0.29934715821812596,0.7868421052631579
12.0,0.8,10.75,7.354166666666667,1.0,3.3333333333333335,1.7222222222222223,3.4166666666666665,2.5271317829457365,io_intensive,423000160,Round Robin,0.09650286376893072,0.10661540005684295,0.08965992009804102,0.3086775968072484,0.7835570469798658
12.0,0.8,10.333333333333334,10.38888888888889,1.0,2.8333333333333335,1.8055555555555556,3.4166666666666665,2.7580645161290325,io_intensive,423000161,Round Robin,0.14035087719298248,0.1308267045975345,0.10897906672298187,0.3069962952408093,0.8092105263157895
12.0,1.0,11.25,13.520833333333334,1.0,2.5833333333333335,1.9097222222222223,3.5,2.5481481481481483,io_intensive,423000162,Round Robin,0.09281086739926431,0.055413443946799916,0.052760307477288604,0.2862929412571573,0.7900516795865633
12.0,0.9230769230769231,10.083333333333334,11.409722222222221,1.0,2.8333333333333335,2.3055555555555554,2.5833333333333335,1.71900826446281,io_intensive,423000163,Round Robin,0.16443579330455707,0.13569786111155116,0.11445070321088452,0.25,0.8027426160337553
12.0,0.8,11.916666666666666,16.743055555555557,1.0,2.75,1.8541666666666667,3.6666666666666665,2.4545454545454546,io_intensive,423000164,Round Robin,0.11618165784832452,0.08432539682539686,0.06845238095238096,0.29730353375527424,0.7908950617283951
12.0,0.8571428571428571,10.666666666666666,6.722222222222222,1.0,2.9166666666666665,2.076388888888889,3.5,2.671875,io_intensive,423000165,Round Robin,0.12071588623227153,0.11645246097828023,0.10273223308719029,0.33939574637249054,0.8160377358490566
12.0,0.9230769230769231,9.166666666666666,7.138888888888889,1.0,2.8333333333333335,1.1388888888888888,2.5833333333333335,2.209090909090909,io_intensive,423000166,Round Robin,0.1110492973475346,0.19860098207281285,0.08273092369477912,0.3132627283326856,0.790590405904059
12.0,1.3333333333333333,11.5,7.583333333333333,1.0,3.0833333333333335,2.2430555555555554,3.5833333333333335,2.5434782608695654,io_intensive,423000167,Round Robin,0.0856191222570533,0.10659395680947406,0.06365362255650023,0.29402468392534614,0.7641065830721003
12.0,1.7142857142857142,10.833333333333334,17.13888888888889,1.0,2.5833333333333335,1.9097222222222223,3.3333333333333335,2.576923076923077,io_intensive,423000168,Round Robin,0.07991522290549333,0.08330105840928353,0.07082348349837493,0.2970917305462332,0.7847222222222222
12.0,0.8,10.666666666666666,11.055555555555555,1.0,3.3333333333333335,2.5555555555555554,3.4166666666666665,2.6640625,io_intensive,423000169,Round Robin,0.149414006105535,0.26795594147753377,0.10057847136857828,0.29248687664042,0.7934131736526946
12.0,1.2,10.083333333333334,12.909722222222221,1.0,3.75,1.5208333333333333,3.5,2.6115702479338845,io_intensive,423000170,SJF,0.09258210808263113,0.07475083056478404,0.09367758849966586,0.3315935540449044,0.7931893687707641
12.0,1.0909090909090908,10.666666666666666,10.222222222222221,1.0,2.5,1.4166666666666667,3.3333333333333335,2.5,io_intensive,423000171,Round Robin,0.11348760381295683,0.16971607710321587,0.0804964539007092,0.29552801724137934,0.7766457680250785
12.0,1.0,12.166666666666666,9.63888888888889,1.0,2.1666666666666665,0.9722222222222222,4,2.6027397260273974,io_intensive,423000172,Round Robin,0.0792229857283093,0.08756249370736743,0.07806007226738931,0.3236070500324887,0.7817337461300309
12.0,2.0,11.5,10.75,1.0,3.75,1.5208333333333333,3.5833333333333335,2.3768115942028984,io_intensive,423000173,Round Robin,0.10845323741007196,0.14639563516971654,0.07593750352451777,0.32373911379079345,0.7778776978417266
12.0,0.9230769230769231,11.166666666666666,22.305555555555557,1.0,2.5,2.0833333333333335,3.5833333333333335,2.4776119402985075,io_intensive,423000174,Round Robin,0.13030590855495877,0.13867069219589,0.09616715438265643,0.3322328111962779,0.796875
12.0,1.5,12.083333333333334,13.743055555555555,1.0,3,2.6666666666666665,3.8333333333333335,2.7379310344827585,io_intensive,423000175,Round Robin,0.10262604787632122,0.09148224770012307,0.05130656469088591,0.2702625841311973,0.7741433021806854
12.0,0.9230769230769231,11.916666666666666,13.57638888888889,1.0,2.5,1.0833333333333333,3.6666666666666665,2.3776223776223775,io_intensive,423000176,Round Robin,0.11879839227967805,0.12933614304598062,0.09139164935110115,0.33816524956699734,0.7819672131147541
12.0,1.5,10.166666666666666,7.138888888888889,1.0,3.1666666666666665,1.9722222222222223,3.3333333333333335,2.6475409836065573,io_intensive,423000177,Round Robin,0.13494237983604238,0.1480331180239255,0.07638888888888887,0.35399782642446825,0.7862903225806452
12.0,1.0,12.5,6.25,1.0,2.9166666666666665,2.576388888888889,4.083333333333333,2.486666666666667,io_intensive,423000178,Round Robin,0.08371690351385783,0.10768292031133529,0.08213224329668822,0.2960772104607722,0.784965034965035
12.0,0.6666666666666666,10.666666666666666,19.72222222222222,1.0,2.75,1.8541666666666667,3.5833333333333335,2.8515625,io_intensive,423000179,Round Robin,0.13979928327472785,0.29628078405092984,0.07478982722876588,0.3575050382052242,0.8520408163265307
12.0,1.2,11.166666666666666,11.805555555555555,1.0,3.6666666666666665,2.7222222222222223,3.25,2.283582089552239,io_intensive,423000180,SJF,0.06811628369137009,0.05252465106390314,0.07197839517076568,0.27933740479937635,0.7854107648725213
12.0,0.8,10.333333333333334,21.22222222222222,1.0,2.6666666666666665,2.5555555555555554,3.0833333333333335,2.2661290322580645,io_intensive,423000181,Round Robin,0.0652445880714781,0.11185822483582361,0.03633217993079585,0.35844215982539057,0.8045454545454546
12.0,1.0909090909090908,12.083333333333334,7.409722222222222,1.0,2.8333333333333335,1.4722222222222223,3.75,2.579310344827586,io_intensive,423000182,FCFS,0.10181647863517757,0.1289629068618455,0.10574162470469976,0.2909983526963759,0.7726730310262531
12.0,1.3333333333333333,13.333333333333334,14.722222222222221,1.0,3.25,1.8541666666666667,4.083333333333333,2.60625,io_intensive,423000183,Round Robin,0.11570424035797999,0.17252073485677719,0.0871966069503491,0.2679272403187438,0.7756232686980609
12.0,1.0,10.333333333333334,14.38888888888889,1.0,3.0833333333333335,1.7430555555555556,3.3333333333333335,2.5483870967741935,io_intensive,423000184,Round Robin,0.09406989166762991,0.09334823673058967,0.05257099002302381,0.27027418391519475,0.7865384615384616
12.0,1.3333333333333333,11.333333333333334,6.388888888888889,1.0,2.9166666666666665,1.7430555555555556,3.1666666666666665,2.161764705882353,io_intensive,423000185,FCFS,0.09821659093256221,0.10544167726838113,0.11268196201925523,0.25,0.7819293478260869
12.0,1.3333333333333333,12.416666666666666,5.909722222222222,1.0,3.1666666666666665,2.4722222222222223,3.6666666666666665,2.12751677852349,io_intensive,423000186,Round Robin,0.07976499305298197,0.11443722606421636,0.07639392609041926,0.2964445193360856,0.7669491525423728
12.0,0.75,13.583333333333334,22.07638888888889,1.0,2.8333333333333335,1.8055555555555556,4.25,2.6932515337423313,io_intensive,423000187,Round Robin,0.09586516978646004,0.09504039753589831,0.0827313259809297,0.31720509383845713,0.7797256097560976
12.0,0.8,11.25,17.1875,1.0,2.9166666666666665,1.7430555555555556,3.4166666666666665,2.4592592592592593,io_intensive,423000188,SJF,0.08976273355763914,0.07193138246346109,0.08425363476607985,0.3161375661375661,0.7798013245033113
12.0,0.8,11.166666666666666,15.305555555555555,1.0,2.5,2.75,3.6666666666666665,2.6791044776119404,io_intensive,423000189,Round Robin,0.08740069454355166,0.07659761752063657,0.06863519910666667,0.3577348496650568,0.7858391608391608
12.0,0.9230769230769231,12,11.5,1.0,3.25,2.3541666666666665,3.8333333333333335,2.5694444444444446,io_intensive,423000190,Round Robin,0.08609698493419424,0.1860011769005988,0.06253928346951604,0.3229813664596274,0.7803030303030303
12.0,0.75,11,16.666666666666668,1.0,3.4166666666666665,1.2430555555555556,3.5,2.643939393939394,io_intensive,423000191,Round Robin,0.10024446442621109,0.13141807379612258,0.08181418861643265,0.34325980057989985,0.8109756097560976
12.0,0.9230769230769231,11.166666666666666,13.472222222222221,1.0,3.0833333333333335,0.9097222222222222,3.4166666666666665,2.462686567164179,io_intensive,423000192,Round Robin,0.11682873894227895,0.14554540779434408,0.07507082152974501,0.3211333689891574,0.7926829268292683
12.0,0.8571428571428571,10.416666666666666,21.57638888888889,1.0,2.5,1.5833333333333333,3.0833333333333335,2.36,io_intensive,423000193,SJF,0.09549334789383265,0.05328060976456698,0.08445449456462674,0.26543392160989654,0.7720588235294117
12.0,1.0,11.333333333333334,10.38888888888889,1.0,3.0833333333333335,2.076388888888889,3.4166666666666665,2.5661764705882355,io_intensive,423000194,Round Robin,0.12067307692307692,0.1398776458260871,0.07679196188995278,0.2997998242359145,0.7833333333333333
12.0,0.8571428571428571,10.333333333333334,10.555555555555555,1.0,2.1666666666666665,1.3055555555555556,3.4166666666666665,2.3951612903225805,io_intensive,423000195,SJF,0.0948690198690199,0.09112983898595409,0.10618811305653417,0.2867883211678832,0.8067307692307693
12.0,0.8571428571428571,12.083333333333334,9.909722222222221,1.0,3.5833333333333335,1.9097222222222223,3.75,2.6206896551724137,io_intensive,423000196,SJF,0.10559706583799842,0.07011073078997064,0.07541899441340784,0.3273809523809524,0.7848297213622291
12.0,1.0,9.833333333333334,10.805555555555555,1.0,2.9166666666666665,1.7430555555555556,3.25,2.5847457627118646,io_intensive,423000197,FCFS,0.07751164905102853,0.178482047186934,0.09739068018799084,0.2580317335431419,0.8011904761904762
12.0,0.8,9.583333333333334,13.57638888888889,1.0,3.0833333333333335,2.076388888888889,3,2.4434782608695653,io_intensive,423000198,SJF,0.10275184884216987,0.06288689956730047,0.08619313647246607,0.3006230529595016,0.7966507177033493
12.0,1.0909090909090908,11.25,10.854166666666666,1.0,2.75,1.8541666666666667,3.4166666666666665,2.3777777777777778,io_intensive,423000199,Round Robin,0.10319950470114173,0.18748047495216758,0.07725624322612779,0.3007633587786259,0.7900390625
12.0,1.3333333333333333,11.833333333333334,6.805555555555555,1.0,2.6666666666666665,1.8888888888888888,3.5833333333333335,2.535211267605634,io_intensive,423000200,Round Robin,0.10624621899576528,0.11649158878450915,0.09160702690250042,0.29626215219577606,0.7953216374269005
12.0,0.9230769230769231,11.583333333333334,25.243055555555557,1.0,2.9166666666666665,1.2430555555555556,3.4166666666666665,2.194244604316547,io_intensive,423000201,Round Robin,0.1269843207276075,0.09369829792402858,0.0760451042700224,0.270994422613766,0.7822966507177034
12.0,0.9230769230769231,10.5,8.083333333333334,1.0,3.0833333333333335,1.7430555555555556,3.3333333333333335,2.6746031746031744,io_intensive,423000202,Round Robin,0.12124154162706696,0.13207977922006842,0.10242141869735095,0.33282623394185257,0.796812749003984
12.0,1.0909090909090908,10.166666666666666,10.472222222222221,1.0,3.25,1.5208333333333333,3.4166666666666665,2.5245901639344264,io_intensive,423000203,Round Robin,0.11589356681569798,0.22223395143594427,0.0986024968534327,0.30885225885225887,0.8083333333333333
12.0,1.0,11.833333333333334,8.472222222222221,1.0,3.25,1.3541666666666667,3.5,2.443661971830986,io_intensive,423000204,Round Robin,0.07626203136568623,0.0869977115164569,0.06439162977945845,0.3014162420235964,0.7786312849162011
12.0,1.0909090909090908,11,20.333333333333332,1.0,3.0833333333333335,1.7430555555555556,3.4166666666666665,2.5681818181818183,io_intensive,423000205,SJF,0.08893844513522847,0.048722454397505915,0.06890099034782998,0.2761437908496732,0.7798013245033113
12.0,1.2,9.583333333333334,9.57638888888889,1.0,3.3333333333333335,2.0555555555555554,2.9166666666666665,2.391304347826087,io_intensive,423000206,FCFS,0.09839960571343549,0.132555683087598,0.10676540119593936,0.32625272331154687,0.8068181818181819
12.0,1.3333333333333333,9.5,11.416666666666666,1.0,2.8333333333333335,2.138888888888889,3.0833333333333335,2.587719298245614,io_intensive,423000207,Round Robin,0.09739045383411579,0.10954497414946089,0.06872859370839515,0.2817056856187291,0.8019366197183099
12.0,1.2,13.166666666666666,21.63888888888889,1.0,2.4166666666666665,1.7430555555555556,3.9166666666666665,2.2848101265822787,io_intensive,423000208,Round Robin,0.11551524786818906,0.07587801705448766,0.05148495085995089,0.27394578313253015,0.768716577540107
12.0,1.3333333333333333,11.666666666666666,10.88888888888889,1.0,3.0833333333333335,2.076388888888889,3.5833333333333335,2.5142857142857142,io_intensive,423000209,Round Robin,0.09209857689652179,0.12382981741283267,0.07178841309823678,0.3194444444444445,0.7716284987277353
12.0,1.0909090909090908,9.833333333333334,18.63888888888889,1.0,2.5,2.5833333333333335,2.9166666666666665,2.559322033898305,io_intensive,423000210,Round Robin,0.11495295253601921,0.22840284578597925,0.09636838699383023,0.3220338983050847,0.8167420814479638
12.0,0.75,11.833333333333334,16.13888888888889,1.0,2.75,1.6875,3.75,2.612676056338028,io_intensive,423000211,FCFS,0.09029470495076776,0.11654535274356101,0.11464349761919485,0.3484958811415122,0.8031914893617021
12.0,1.0,10.166666666666666,18.305555555555557,1.0,3,2.1666666666666665,3.25,2.459016393442623,io_intensive,423000212,Round Robin,0.12054618563609965,0.12428507677455784,0.10277046669944723,0.3429644349392765,0.7903225806451613
12.0,0.75,11.916666666666666,13.909722222222221,1.0,2.3333333333333335,1.3888888888888888,4.25,2.8461538461538463,io_intensive,423000213,SJF,0.09830527427836583,0.07177381186844603,0.08866456832763372,0.3024022108843537,0.802863436123348
12.0,1.5,14.416666666666666,13.743055555555555,1.0,3,2.3333333333333335,4.25,2.3757225433526012,io_intensive,423000214,Round Robin,0.11294895014734775,0.1189507108618009,0.0944260724881427,0.3036624297094658,0.76171875
12.0,1.0909090909090908,10.083333333333334,19.743055555555557,1.0,3,1.3333333333333333,3.1666666666666665,2.330578512396694,io_intensive,423000215,Round Robin,0.05728071350239711,0.09504259785158663,0.05044642857142857,0.3001650761519183,0.7874531835205992
12.0,0.9230769230769231,13.583333333333334,15.743055555555555,1.0,3.0833333333333335,2.4097222222222223,3.75,2.1349693251533743,io_intensive,423000216,Round Robin,0.1198686623848811,0.16307771928981682,0.10466939952322657,0.2924231843575419,0.7640532544378698
12.0,0.8,9.833333333333334,8.972222222222221,1.0,3.4166666666666665,2.576388888888889,3.1666666666666665,2.6186440677966103,io_intensive,423000217,Round Robin,0.10922668515297604,0.22867622429155224,0.09659634151159574,0.26748251748251745,0.8863636363636365
12.0,0.9230769230769231,11.083333333333334,8.743055555555555,1.0,2.8333333333333335,1.8055555555555556,3.25,2.2857142857142856,io_intensive,423000218,Round Robin,0.10466017022496649,0.06413435478230459,0.06312292358803985,0.3142559833506764,0.794407894736842
12.0,1.0909090909090908,11.5,13.916666666666666,1.0,2.5833333333333335,2.4097222222222223,3.4166666666666665,2.253623188405797,io_intensive,423000219,FCFS,0.06414094865707769,0.10234108088356059,0.08311731899967194,0.33874239350912777,0.783724340175953
12.0,0.7058823529411765,13.333333333333334,14.38888888888889,1.0,3.9166666666666665,1.5763888888888888,3.9166666666666665,2.2875,io_intensive,423000220,Round Robin,0.0885979042393429,0.10659833723252286,0.08600337268128161,0.2686746987951807,0.7978855721393034
12.0,0.75,10.583333333333334,10.409722222222221,1.0,3.1666666666666665,1.8055555555555556,3.4166666666666665,2.6141732283464565,io_intensive,423000221,SJF,0.11684195502270274,0.0835765247410817,0.10381818181818178,0.27273684210526317,0.8217299578059072
12.0,1.0909090909090908,11.833333333333334,11.472222222222221,1.0,3.3333333333333335,1.5555555555555556,3.75,2.5704225352112675,io_intensive,423000222,Round Robin,0.1057558242979704,0.16429187514700533,0.08015267175572519,0.32105997519489726,0.8051948051948052
12.0,1.3333333333333333,10.166666666666666,18.47222222222222,1.0,2.3333333333333335,1.8888888888888888,3.4166666666666665,2.5163934426229506,io_intensive,423000223,SJF,0.0856089048496296,0.04671855880147083,0.06859361518550473,0.3097512120531753,0.795045045045045
12.0,1.0,12.083333333333334,9.243055555555555,1.0,2.5,2.0833333333333335,3.9166666666666665,2.43448275862069,io_intensive,423000224,Round Robin,0.11490454466943703,0.1891271699568263,0.0944316877152698,0.3089612369337979,0.775811209439528
12.0,0.8,12.333333333333334,10.555555555555555,1.0,3.0833333333333335,1.9097222222222223,4.333333333333333,2.7905405405405403,io_intensive,423000225,SJF,0.09053698998979436,0.048396227156041555,0.07834994462901439,0.28233864133101383,0.8333333333333333
12.0,2.4,12,19.5,1.0,3.3333333333333335,1.8888888888888888,3.6666666666666665,2.513888888888889,io_intensive,423000226,SJF,0.12630723205095645,0.06485078534031413,0.07329842931937172,0.26979951011521364,0.786
12.0,0.7058823529411765,10.166666666666666,11.472222222222221,1.0,2.9166666666666665,1.9097222222222223,3.25,2.459016393442623,io_intensive,423000227,SJF,0.11707473650081687,0.054762058422542934,0.09060400616332819,0.26215698143664246,0.8180628272251309
12.0,1.0909090909090908,12.583333333333334,16.40972222222222,1.0,3.8333333333333335,1.9722222222222223,3.8333333333333335,2.629139072847682,io_intensive,423000228,Round Robin,0.10757369304535205,0.08811869443807495,0.0790076016186263,0.2752410901467506,0.78462441314554
12.0,1.0909090909090908,9.5,13.416666666666666,1.0,2.6666666666666665,1.8888888888888888,2.75,2.3333333333333335,io_intensive,423000229,Round Robin,0.1075659288638628,0.06760935245815111,0.06611570247933884,0.2644156031856566,0.7808098591549295
12.0,0.8,11.666666666666666,9.055555555555555,1.0,2.6666666666666665,1.3888888888888888,3.75,2.664285714285714,io_intensive,423000230,FCFS,0.13312939993295336,0.16321656050955413,0.14521015093097472,0.33476206976919376,0.785828025477707
12.0,0.9230769230769231,11.416666666666666,18.07638888888889,1.0,2.9166666666666665,1.7430555555555556,3.6666666666666665,2.5182481751824817,io_intensive,423000231,Round Robin,0.11273379840258821,0.2238641286530536,0.10700279182798386,0.302479815455594,0.7984126984126985
12.0,1.3333333333333333,11.416666666666666,10.07638888888889,1.0,2.6666666666666665,1.8888888888888888,3.3333333333333335,2.1605839416058394,io_intensive,423000232,Round Robin,0.101259951737253,0.14523579504794615,0.07633819951338197,0.3087144920558498,0.7779411764705882
12.0,1.2,10.166666666666666,20.305555555555557,1.0,3.25,2.1875,3.1666666666666665,2.5327868852459017,io_intensive,423000233,Round Robin,0.1536256263024875,0.12097136590363211,0.08285692425702294,0.3251518587391715,0.799342105263158
12.0,1.7142857142857142,8.666666666666666,6.055555555555555,1.0,3.3333333333333335,1.7222222222222223,3,2.7596153846153846,io_intensive,423000234,SJF,0.13703964762104295,0.05810810810810811,0.10349629934523949,0.3294597404140307,0.8013513513513514
12.0,0.75,10.333333333333334,11.88888888888889,1.0,2.75,1.5208333333333333,3.1666666666666665,2.5806451612903225,io_intensive,423000235,Round Robin,0.13918722239617765,0.0813675475291637,0.07119341563786008,0.3152762730227519,0.7975206611570248
12.0,1.0,9.083333333333334,3.2430555555555554,1.0,3.0833333333333335,1.7430555555555556,2.75,2.4128440366972477,io_intensive,423000236,Round Robin,0.11500579179049779,0.14381835166056153,0.08074298711144808,0.2846153846153846,0.8105381165919283
12.0,0.9230769230769231,13.666666666666666,6.388888888888889,1.0,3.0833333333333335,1.2430555555555556,3.6666666666666665,2.1097560975609757,io_intensive,423000237,Round Robin,0.10683292299808882,0.09889340751409717,0.09762348555452004,0.3075017692852088,0.7671717171717172
12.0,2.4,11.666666666666666,11.722222222222221,1.0,3,2,3.5833333333333335,2.585714285714286,io_intensive,423000238,Round Robin,0.1293193530766856,0.12093479212173111,0.08130400745069985,0.26686885785489256,0.7613924050632912
12.0,1.0909090909090908,10.333333333333334,13.722222222222221,1.0,3.0833333333333335,2.076388888888889,3.4166666666666665,2.3225806451612905,io_intensive,423000239,SJF,0.14936495593571797,0.08066534929701981,0.1059190541672639,0.28431372549019607,0.7916666666666667
12.0,1.0,11.666666666666666,13.222222222222221,1.0,2.6666666666666665,2.7222222222222223,3.75,2.5785714285714287,io_intensive,423000240,Round Robin,0.09622988300378518,0.12026537144018341,0.0873519298964183,0.27749024134442934,0.7786989795918366
12.0,1.2,9.416666666666666,12.07638888888889,1.0,3.6666666666666665,1.8888888888888888,3.4166666666666665,2.8672566371681416,io_intensive,423000241,Round Robin,0.10348868502677269,0.09357990061933276,0.06920256645279563,0.30163807649043867,0.8258196721311475
12.0,1.7142857142857142,12,10.5,1.0,3,1.8333333333333333,3.6666666666666665,2.3125,io_intensive,423000242,Round Robin,0.12343430401270182,0.11128349202697674,0.08227848101265822,0.29199272065514104,0.7816301703163018
12.0,1.0,10.75,12.1875,1.0,3,2,3.5833333333333335,2.627906976744186,io_intensive,423000243,Round Robin,0.11599542795670006,0.1802037363967304,0.10462711676812392,0.28654676258992806,0.802570093457944
12.0,0.9230769230769231,9.833333333333334,4.972222222222222,1.0,3.1666666666666665,1.6388888888888888,3.1666666666666665,2.406779661016949,io_intensive,423000244,SJF,0.12453209091322678,0.10756323332102022,0.11797044651588472,0.26704133430021754,0.8011583011583012
12.0,0.8,11.333333333333334,8.222222222222221,1.0,3.6666666666666665,2.2222222222222223,3.75,2.6323529411764706,io_intensive,423000245,Round Robin,0.12314276066099905,0.09981238149537913,0.09267239074093686,0.2537556689342404,0.8037735849056604
12.0,1.0,10.666666666666666,11.722222222222221,1.0,3.25,2.0208333333333335,3.1666666666666665,2.2421875,io_intensive,423000246,Round Robin,0.1094710435268521,0.14112429546148614,0.08106728131283637,0.25406155065381053,0.803941908713693
12.0,1.7142857142857142,10.833333333333334,8.13888888888889,1.0,2.9166666666666665,2.9097222222222223,3.5,2.4615384615384617,io_intensive,423000247,Round Robin,0.13625431455388096,0.16894157088122605,0.10439545658216812,0.32366583281217426,0.7662760416666667
12.0,1.0909090909090908,11.75,11.020833333333334,1.0,3.4166666666666665,1.4097222222222223,3.5833333333333335,2.404255319148936,io_intensive,423000248,Round Robin,0.10434015135845773,0.12701700303453595,0.09956486699598789,0.2900871459694989,0.8156108597285068
12.0,1.0,10.916666666666666,13.743055555555555,1.0,3.5833333333333335,1.5763888888888888,3.3333333333333335,2.564885496183206,io_intensive,423000249,Round Robin,0.07876197083976791,0.09252620060724095,0.06656801288096993,0.36020394236580944,0.8167202572347267
12.0,0.9230769230769231,12.583333333333334,26.243055555555557,1.0,2.9166666666666665,1.4097222222222223,3.5,2.1258278145695364,io_intensive,423000250,SJF,0.11411353114197956,0.05305039787798409,0.07042913435850454,0.3291415973010066,0.7685676392572944
12.0,1.0,10.416666666666666,9.409722222222221,1.0,2.6666666666666665,0.8888888888888888,3.5,2.616,io_intensive,423000251,Round Robin,0.08866751501084064,0.16475068740818863,0.06489359696039419,0.34567261961132234,0.8128272251308901
12.0,1.5,9.916666666666666,8.243055555555555,1.0,3,2,3.25,2.546218487394958,io_intensive,423000252,Round Robin,0.12715458621947395,0.1633378307850438,0.08551157580283791,0.3028545941123996,0.8140703517587939
12.0,1.0,9.666666666666666,10.555555555555555,1.0,2.6666666666666665,1.0555555555555556,3.0833333333333335,2.456896551724138,io_intensive,423000253,Round Robin,0.10797746329834824,0.15682681013507843,0.09845054305663303,0.2941617371347298,0.7844827586206897
12.0,0.75,10.833333333333334,12.805555555555555,1.0,3.0833333333333335,2.4097222222222223,3.5833333333333335,2.5153846153846153,io_intensive,423000254,Round Robin,0.13938863901382645,0.14171463388469097,0.0840840840840841,0.2940140845070423,0.8165024630541873
12.0,1.0909090909090908,12.166666666666666,17.63888888888889,1.0,3.4166666666666665,1.7430555555555556,3.75,2.5342465753424657,io_intensive,423000255,Round Robin,0.09081346187507576,0.10083707417592574,0.07946465444037078,0.2972399615081795,0.8083756345177665
12.0,1.0,12.583333333333334,13.409722222222221,1.0,2.1666666666666665,0.6388888888888888,3.8333333333333335,2.5298013245033113,io_intensive,423000256,Round Robin,0.12437528078670194,0.10000129982442446,0.08427225275209382,0.30790992633097897,0.7608695652173914
12.0,1.0,11.916666666666666,15.909722222222221,1.0,2.8333333333333335,2.3055555555555554,3.9166666666666665,2.7482517482517483,io_intensive,423000257,Round Robin,0.06722797198298394,0.06647360903948474,0.05904630259294835,0.266951370384469,0.7915430267062314
12.0,0.75,12.666666666666666,14.055555555555555,1.0,3,1.6666666666666667,3.8333333333333335,2.486842105263158,io_intensive,423000258,SJF,0.09825033554069193,0.019578286939398046,0.07996336783024413,0.3024606971975393,0.8290094339622642
12.0,0.9230769230769231,10.583333333333334,11.743055555555555,1.0,2.6666666666666665,1.3888888888888888,3.1666666666666665,2.5826771653543306,io_intensive,423000259,Round Robin,0.10193809061061684,0.1386295698323129,0.07413580432423406,0.3397391304347826,0.7840425531914894
12.0,0.9230769230769231,12,17.166666666666668,1.0,2.5833333333333335,2.076388888888889,3.5833333333333335,2.423611111111111,io_intensive,423000260,SJF,0.08337313274430204,0.06922377051053519,0.07615992502166188,0.30341268201170757,0.8075980392156863
12.0,1.0909090909090908,9.416666666666666,13.243055555555555,1.0,3.5833333333333335,2.076388888888889,3.1666666666666665,2.584070796460177,io_intensive,423000261,Round Robin,0.09857472994790661,0.14718340316426437,0.07362326535351883,0.2913819795275534,0.8056680161943319
12.0,1.0,10.75,6.354166666666667,1.0,2.8333333333333335,1.4722222222222223,3.5,2.4728682170542635,io_intensive,423000262,Round Robin,0.12329894937917861,0.13426537753590093,0.1054311875070217,0.3169250645994832,0.7793696275071633
12.0,0.8,13.166666666666666,7.972222222222222,1.0,3.1666666666666665,1.8055555555555556,4.083333333333333,2.430379746835443,io_intensive,423000263,Round Robin,0.123138549760059,0.14289877699672152,0.0851063829787234,0.2887619267466913,0.7789203084832905
12.0,1.0,12.666666666666666,12.055555555555555,1.0,2.4166666666666665,2.076388888888889,3.75,2.361842105263158,io_intensive,423000264,Round Robin,0.12274122297550843,0.1354414460411386,0.09341885108756273,0.2748376623376623,0.7681034482758621
12.0,0.9230769230769231,11.666666666666666,12.055555555555555,1.0,3.3333333333333335,2.0555555555555554,3.5833333333333335,2.335714285714286,io_intensive,423000265,Round Robin,0.07365011791369329,0.09374540913008612,0.06734788704975027,0.2840796019900498,0.8015776699029127
12.0,0.9230769230769231,10,15.333333333333334,1.0,2.3333333333333335,0.8888888888888888,3.3333333333333335,2.7,io_intensive,423000266,Round Robin,0.09637481420799747,0.08145662978446411,0.07082984073763622,0.26681096681096683,0.8063829787234043
12.0,1.5,11.916666666666666,14.57638888888889,1.0,3,1.6666666666666667,3.75,2.6363636363636362,io_intensive,423000267,SJF,0.08952407630368364,0.06572280196945564,0.07568081063964534,0.31762589928057555,0.7960164835164836
12.0,0.8571428571428571,11.5,5.25,1.0,2.5833333333333335,1.2430555555555556,3.5,2.2318840579710146,io_intensive,423000268,Round Robin,0.11550295896144185,0.13636380478117172,0.08013205282112845,0.3278317003937368,0.7669753086419753
12.0,0.8,10.583333333333334,11.743055555555555,1.0,3.0833333333333335,1.5763888888888888,3.1666666666666665,2.236220472440945,io_intensive,423000269,Round Robin,0.09630704868154157,0.14019143002028397,0.08103448275862069,0.29050312242252857,0.7886029411764706
12.0,0.9230769230769231,10.25,6.520833333333333,1.0,3.0833333333333335,2.576388888888889,3.3333333333333335,2.5772357723577235,io_intensive,423000270,Round Robin,0.12529854078846248,0.16223490252020922,0.08862750553192776,0.25411965811965814,0.8183333333333334
12.0,1.0909090909090908,10.833333333333334,12.805555555555555,1.0,3,2.5,3.5,2.7846153846153845,io_intensive,423000271,SJF,0.08254364513280346,0.06079910583459197,0.09056707579004919,0.2677249504744031,0.7899659863945578
12.0,0.9230769230769231,10.166666666666666,15.13888888888889,1.0,3.0833333333333335,1.0763888888888888,3.25,2.598360655737705,io_intensive,423000272,Round Robin,0.08287193214875922,0.08637271143961603,0.06605190446147666,0.32047748620989,0.7957627118644068
12.0,1.0,11.833333333333334,16.13888888888889,1.0,3.25,1.5208333333333333,3.0833333333333335,2.3098591549295775,io_intensive,423000273,Round Robin,0.12778186138843362,0.09487534626038782,0.08199066784324868,0.2676110456478304,0.7811634349030471
12.0,0.8,11.25,14.020833333333334,1.0,3.25,1.1875,3.5833333333333335,2.4592592592592593,io_intensive,423000274,Round Robin,0.10706227339666026,0.098193345217898,0.08657778775406344,0.26478192446043164,0.7991967871485943
12.0,1.2,9.583333333333334,8.57638888888889,1.0,3,1.8333333333333333,3.1666666666666665,2.6695652173913045,io_intensive,423000275,FCFS,0.04534954292000153,0.06618935629480714,0.08349949765342213,0.27872537824721666,0.8134146341463415
12.0,1.0,11.166666666666666,11.63888888888889,1.0,2.75,1.8541666666666667,3.0833333333333335,2.2686567164179103,io_intensive,423000276,Round Robin,0.13493253052914128,0.12922090300092587,0.0734476120548048,0.2599043715846994,0.7836065573770492
12.0,1.7142857142857142,11,10.333333333333334,1.0,3.3333333333333335,2.388888888888889,3.25,2.3106060606060606,io_intensive,423000277,SJF,0.09445725938555145,0.02771910242340678,0.09029812509918612,0.2893879624648856,0.7704802259887006
12.0,1.3333333333333333,10.916666666666666,6.743055555555555,1.0,2.5833333333333335,3.076388888888889,3.6666666666666665,2.6946564885496183,io_intensive,423000278,SJF,0.15402478491248517,0.0915223438719495,0.10393692677612411,0.29608275862068967,0.7720588235294117
12.0,1.0,11.166666666666666,12.63888888888889,1.0,2.8333333333333335,2.3055555555555554,3.5,2.5671641791044775,io_intensive,423000279,SJF,0.1330213373248947,0.045112873406636174,0.08821478382147838,0.33727934995797143,0.7800387596899225
12.0,0.75,13.25,9.1875,1.0,2.6666666666666665,2.7222222222222223,4.25,2.641509433962264,io_intensive,423000280,SJF,0.07811956899548139,0.07262070255626368,0.08735419234050623,0.284698275862069,0.8031135531135531
12.0,0.8,11.333333333333334,4.222222222222222,1.0,2.25,1.1875,3.75,2.7205882352941178,io_intensive,423000281,Round Robin,0.11047122582473375,0.1555728314238953,0.0797872340425532,0.34244670991658943,0.7877358490566038
12.0,0.9230769230769231,9.5,12.416666666666666,1.0,3.3333333333333335,1.7222222222222223,3,2.6666666666666665,io_intensive,423000282,Round Robin,0.10960677315009545,0.11090908931977284,0.10256969564315076,0.2793689863504139,0.7972103004291846
12.0,0.9230769230769231,11.5,20.416666666666668,1.0,2.5,0.9166666666666666,3.4166666666666665,2.282608695652174,io_intensive,423000283,Round Robin,0.10194304076346329,0.09029738134311613,0.05026455026455026,0.3090034965034965,0.785472972972973
12.0,0.7058823529411765,12.333333333333334,16.72222222222222,1.0,2.4166666666666665,2.2430555555555554,3.9166666666666665,2.722972972972973,io_intensive,423000284,Round Robin,0.13901101069558144,0.12166756176154672,0.06670709520921769,0.3171594385805617,0.7933333333333333
12.0,1.5,13.25,11.1875,1.0,3.5833333333333335,1.4097222222222223,3.75,2.358490566037736,io_intensive,423000285,Round Robin,0.09079991118826072,0.08944501377878623,0.07484407484407483,0.2932398515931907,0.787621359223301
12.0,0.8,9.833333333333334,12.472222222222221,1.0,2.3333333333333335,0.8888888888888888,3.0833333333333335,2.4745762711864407,io_intensive,423000286,Round Robin,0.16919169881137314,0.1174219512787053,0.059064807219032,0.3683411788803299,0.799645390070922
12.0,1.0909090909090908,12.416666666666666,18.57638888888889,1.0,3,2,3.5,2.0805369127516777,io_intensive,423000287,Round Robin,0.11429336358804788,0.153977471299629,0.059359390007088085,0.28414735099337746,0.7600502512562815
12.0,0.75,12.25,10.520833333333334,1.0,3.3333333333333335,1.0555555555555556,3.8333333333333335,2.639455782312925,io_intensive,423000288,SJF,0.07141276708166835,0.03613413397041303,0.08162001661113666,0.29318646046104463,0.8250883392226148
12.0,0.9230769230769231,10.583333333333334,10.57638888888889,1.0,3.6666666666666665,1.7222222222222223,3.1666666666666665,2.220472440944882,io_intensive,423000289,Round Robin,0.1290454677551452,0.1295783488406439,0.10061501781700447,0.2878961481552702,0.802927927927928
12.0,0.75,12.083333333333334,14.243055555555555,1.0,2.75,2.6875,3.9166666666666665,2.9793103448275864,io_intensive,423000290,Round Robin,0.12013429832578769,0.18065676801399805,0.09372077028689887,0.3103985056039851,0.7706043956043955
12.0,0.8571428571428571,12.083333333333334,7.243055555555555,1.0,3.3333333333333335,1.0555555555555556,3.6666666666666665,2.303448275862069,io_intensive,423000291,Round Robin,0.12207116119889842,0.12510929294839476,0.0901179112857945,0.29432515337423315,0.7764423076923077
12.0,0.75,11,10.666666666666666,1.0,2.9166666666666665,1.5763888888888888,3.6666666666666665,2.4696969696969697,io_intensive,423000292,Round Robin,0.042134465675866956,0.042124542124542134,0.040920572704012205,0.3610310849801296,0.7873333333333333
12.0,0.9230769230769231,11.25,7.854166666666667,1.0,2.5,2.4166666666666665,3.1666666666666665,2.1925925925925926,io_intensive,423000293,SJF,0.13656789048539442,0.10387441748243005,0.11049389931177454,0.2839271614686143,0.7803308823529411
12.0,0.8,11.083333333333334,19.57638888888889,1.0,2.8333333333333335,2.138888888888889,3.3333333333333335,2.210526315789474,io_intensive,423000294,SJF,0.09514732505307535,0.05455321441553719,0.06300963676797626,0.31219546285345656,0.7874149659863945
12.0,0.75,10.666666666666666,13.222222222222221,1.0,3.3333333333333335,2.0555555555555554,3.5,2.421875,io_intensive,423000295,Round Robin,0.15795138888888888,0.26602140696704213,0.09411764705882353,0.2890625,0.8
12.0,1.5,13.916666666666666,19.57638888888889,1.0,3.5,1.9166666666666667,3.9166666666666665,2.2095808383233533,io_intensive,423000296,Round Robin,0.10110013961274555,0.18372768682656712,0.08575219230472067,0.27252491694352154,0.7761806981519508
12.0,0.8571428571428571,11,11,1.0,3.5,1.9166666666666667,3.3333333333333335,2.5303030303030303,io_intensive,423000297,SJF,0.10308721205850513,0.015100156680145414,0.07556935817805385,0.2855688297583492,0.7972972972972974
12.0,1.5,12.916666666666666,11.243055555555555,1.0,3.75,1.5208333333333333,3.75,2.303225806451613,io_intensive,423000298,Round Robin,0.11941902149131758,0.11359174755464732,0.0947339847991314,0.2851701183431953,0.7761020881670533
12.0,1.0909090909090908,12.166666666666666,9.805555555555555,1.0,2.5,1.4166666666666667,3.6666666666666665,2.4452054794520546,io_intensive,423000299,FCFS,0.09863659114097062,0.12135932277451314,0.11057274985431167,0.27590194264569845,0.7845303867403315
12.0,0.9230769230769231,9.916666666666666,13.57638888888889,1.0,2.5,1.5833333333333333,3.6666666666666665,2.907563025210084,io_intensive,423000300,SJF,0.13903161081412008,0.0483334952871441,0.12632125969675423,0.29489971170950124,0.7951219512195122
12.0,1.3333333333333333,10.916666666666666,11.07638888888889,1.0,3.4166666666666665,1.9097222222222223,3.5,2.66412213740458,io_intensive,423000301,Round Robin,0.09866902457185407,0.1438963072237556,0.08974999999999998,0.30020022624434395,0.7784810126582278
12.0,1.3333333333333333,9.833333333333334,7.305555555555555,1.0,2.8333333333333335,1.4722222222222223,3.1666666666666665,2.559322033898305,io_intensive,423000302,SJF,0.08656968031968032,0.08367629767471242,0.10386880708123647,0.2967295888060194,0.7876602564102564
12.0,1.2,10.833333333333334,15.472222222222221,1.0,2.4166666666666665,2.2430555555555554,3.25,2.4307692307692306,io_intensive,423000303,SJF,0.08560924369747899,0.06811977796769084,0.07056617255129684,0.2911060583927857,0.7809065934065934
12.0,0.8,11.666666666666666,21.22222222222222,1.0,3.0833333333333335,1.2430555555555556,3.5833333333333335,2.392857142857143,io_intensive,423000304,SJF,0.07706971677559912,0.048678743020386966,0.09084041272487126,0.3359385253432029,0.8333333333333334
12.0,0.75,11.25,19.520833333333332,1.0,2.9166666666666665,2.9097222222222223,3.6666666666666665,2.748148148148148,io_intensive,423000305,FCFS,0.07711128765254424,0.17647929574286103,0.08218547816936954,0.2993089547941261,0.8337912087912087
12.0,0.9230769230769231,10.666666666666666,13.555555555555555,1.0,3.0833333333333335,2.2430555555555554,3.25,2.625,io_intensive,423000306,Round Robin,0.12067120511828053,0.06999079743679737,0.06932464139316462,0.33687580049677796,0.7589820359281437
12.0,0.8,9.833333333333334,8.63888888888889,1.0,3.0833333333333335,2.076388888888889,3.3333333333333335,2.593220338983051,io_intensive,423000307,Round Robin,0.09003974167908595,0.09395713637306399,0.0785824345146379,0.266553480475382,0.8497267759562841
12.0,1.0909090909090908,10.75,10.854166666666666,1.0,2.75,0.8541666666666666,3.25,2.434108527131783,io_intensive,423000308,Round Robin,0.134347721244273,0.13813437710665877,0.09655172413793105,0.2758358226102941,0.7858391608391608
12.0,1.3333333333333333,12.166666666666666,15.972222222222221,1.0,3.6666666666666665,1.3888888888888888,3.8333333333333335,2.643835616438356,io_intensive,423000309,Round Robin,0.13484235336935282,0.16733588677286726,0.10298226416188586,0.28565297917513666,0.8087248322147651
12.0,1.2,10.666666666666666,9.055555555555555,1.0,3.25,2.5208333333333335,3.4166666666666665,2.5234375,io_intensive,423000310,Round Robin,0.14173509626536765,0.17214728839197108,0.131575845369463,0.2725657427149965,0.7977777777777778
12.0,0.8,9.916666666666666,5.576388888888889,1.0,2.8333333333333335,2.138888888888889,3.1666666666666665,2.672268907563025,io_intensive,423000311,Round Robin,0.1454997573993207,0.09371137534649847,0.08151382823871908,0.32420091324200906,0.7941176470588236
12.0,1.5,11.5,20.916666666666668,1.0,3.3333333333333335,1.8888888888888888,3.1666666666666665,2.289855072463768,io_intensive,423000312,Round Robin,0.0711256522420801,0.044436150153912564,0.041634241245136164,0.35978737093660956,0.7818509615384616
12.0,1.3333333333333333,11.083333333333334,12.743055555555555,1.0,3.4166666666666665,1.7430555555555556,3.5833333333333335,2.7142857142857144,io_intensive,423000313,Round Robin,0.11850609628798653,0.16737409589204347,0.05306427503736923,0.3328246124031008,0.8014112903225807
12.0,1.2,11.416666666666666,10.57638888888889,1.0,2.75,2.1875,3.5,2.489051094890511,io_intensive,423000314,Round Robin,0.09980181695092923,0.1524484930380825,0.08026870366635439,0.29595222295952217,0.775
12.0,0.8571428571428571,11.75,9.520833333333334,1.0,3.3333333333333335,2.5555555555555554,3.5833333333333335,2.475177304964539,io_intensive,423000315,Round Robin,0.1350768696034872,0.1341256545976688,0.11107276939535596,0.31002038043478264,0.7892441860465116
12.0,0.8,12.083333333333334,7.243055555555555,1.0,4,1,3.9166666666666665,2.496551724137931,io_intensive,423000316,Round Robin,0.10522526547684084,0.21949227412327801,0.09887053940210665,0.2660501700680272,0.8162055335968379
12.0,0.8,9.916666666666666,12.243055555555555,1.0,3.0833333333333335,2.4097222222222223,3.25,2.680672268907563,io_intensive,423000317,Round Robin,0.10720944796714989,0.10815516204802547,0.060366361365528726,0.29680594616311773,0.8087606837606838
12.0,1.0909090909090908,10.833333333333334,10.472222222222221,1.0,3.4166666666666665,2.2430555555555554,3.5,2.776923076923077,io_intensive,423000318,Round Robin,0.08713158728721476,0.1673071331232803,0.07953773103374166,0.311064829033579,0.7948207171314741
12.0,0.9230769230769231,11,13.833333333333334,1.0,2.5,2.0833333333333335,3,2.2196969696969697,io_intensive,423000319,SJF,0.10345117845117846,0.04377946127946129,0.11820771820771817,0.2910727969348659,0.7816666666666667
12.0,0.9230769230769231,12.416666666666666,12.57638888888889,1.0,2.9166666666666665,1.7430555555555556,3.75,2.302013422818792,io_intensive,423000320,Round Robin,0.09323591299120076,0.08534319758984366,0.07212401073251828,0.26308394801545487,0.7710280373831775
12.0,1.2,10.416666666666666,13.07638888888889,1.0,2.75,1.8541666666666667,3.3333333333333335,2.568,io_intensive,423000321,Round Robin,0.10726208286333008,0.0642065898524358,0.0553095568936236,0.2999631790630488,0.8079896907216495
12.0,1.3333333333333333,10.25,9.520833333333334,1.0,2.8333333333333335,2.8055555555555554,2.75,2.4227642276422765,io_intensive,423000322,Round Robin,0.15776802312948165,0.09478590743378643,0.0891016200294551,0.2943340911810458,0.7857142857142857
12.0,1.0,12.166666666666666,14.13888888888889,1.0,2.75,1.8541666666666667,3.3333333333333335,2.0273972602739727,io_intensive,423000323,SJF,0.10223764025930071,0.09080758116164639,0.10224571086407536,0.2885095382421109,0.7830985915492958
12.0,0.9230769230769231,13,12.833333333333334,1.0,3.0833333333333335,2.2430555555555554,4.083333333333333,2.6025641025641026,io_intensive,423000324,Round Robin,0.10741052188994585,0.1016803995694467,0.08939529547026605,0.30028707762734225,0.7830188679245282
12.0,1.0,11.083333333333334,15.743055555555555,1.0,2.75,2.8541666666666665,3.3333333333333335,2.556390977443609,io_intensive,423000325,Round Robin,0.15474257998366295,0.12605496904514513,0.08631805157593125,0.3003871128871129,0.775
12.0,0.8571428571428571,13.083333333333334,12.743055555555555,1.0,2.5,1.0833333333333333,4.083333333333333,2.624203821656051,io_intensive,423000326,Round Robin,0.12379600448834782,0.10663053274309675,0.07651044607566344,0.287910288489844,0.8201219512195121
12.0,1.0,12,19.666666666666668,1.0,3.4166666666666665,1.9097222222222223,3.8333333333333335,2.5625,io_intensive,423000327,Round Robin,0.1225250584856496,0.12752249082298345,0.0927670654468684,0.26672066651238135,0.7905405405405406
12.0,1.2,10.75,12.520833333333334,1.0,3.4166666666666665,1.5763888888888888,3.1666666666666665,2.434108527131783,io_intensive,423000328,Round Robin,0.12889423818965415,0.19684899141605425,0.08217844602341631,0.3231322433774834,0.819838056680162
12.0,1.3333333333333333,11.75,13.1875,1.0,3,2,3.75,2.482269503546099,io_intensive,423000329,Round Robin,0.07254067757234539,0.06447699366392154,0.04249011857707512,0.2740650969529086,0.7740885416666667
12.0,1.5,12,10,1.0,3.3333333333333335,2.2222222222222223,3.5833333333333335,2.5416666666666665,io_intensive,423000330,Round Robin,0.11388229084191082,0.11494721562417526,0.10321238760365455,0.30599791149980415,0.8322222222222222
12.0,1.2,10.25,11.020833333333334,1.0,2.6666666666666665,1.8888888888888888,3.0833333333333335,2.3333333333333335,io_intensive,423000331,FCFS,0.08039039867567938,0.1092123930452751,0.09736184876074858,0.27604166666666663,0.7882231404958677
12.0,1.2,12.583333333333334,12.07638888888889,1.0,3.0833333333333335,2.4097222222222223,3.8333333333333335,2.377483443708609,io_intensive,423000332,FCFS,0.08888769490931095,0.14226984684934366,0.0989916551842024,0.2950588888448269,0.7777093596059113
12.0,0.9230769230769231,11.25,11.854166666666666,1.0,3.6666666666666665,2.5555555555555554,3.1666666666666665,2.2222222222222223,io_intensive,423000333,SJF,0.12043617021276597,0.08332446808510637,0.09168069908814593,0.26845070422535217,0.7989999999999999
12.0,0.8571428571428571,11.416666666666666,6.076388888888889,1.0,3.3333333333333335,2.0555555555555554,3.25,2.1313868613138687,io_intensive,423000334,Round Robin,0.0967209427851745,0.18798120493649462,0.08009986303426021,0.2641460905349794,0.7751889168765743
12.0,1.2,12.333333333333334,21.055555555555557,1.0,3.0833333333333335,2.076388888888889,3.8333333333333335,2.72972972972973,io_intensive,423000335,SJF,0.10852159102141996,0.06454640852158625,0.07615261769198721,0.3172514619883041,0.7780979827089337
12.0,1.2,11.666666666666666,12.722222222222221,1.0,3.1666666666666665,1.3055555555555556,3.4166666666666665,2.342857142857143,io_intensive,423000336,SJF,0.10275049982359163,0.07151345220619915,0.09658927540669222,0.31024096385542166,0.7748579545454546
12.0,1.3333333333333333,12.75,17.1875,1.0,2.3333333333333335,1.8888888888888888,3.9166666666666665,2.3986928104575163,io_intensive,423000337,Round Robin,0.11353228228228229,0.15718878658906235,0.0867908850306002,0.2842158564814815,0.7757352941176471
12.0,1.0909090909090908,11.916666666666666,9.409722222222221,1.0,3.75,0.6875,3.6666666666666665,2.3986013986013988,io_intensive,423000338,Round Robin,0.11495595985272171,0.14440487053977294,0.06842105263157897,0.34254414650098103,0.7945544554455446
12.0,0.7058823529411765,11.333333333333334,11.055555555555555,1.0,3.0833333333333335,1.9097222222222223,3.25,2.4191176470588234,io_intensive,423000339,SJF,0.12207503943834899,0.07890145387073164,0.10982918488472848,0.30390890206211685,0.7935222672064777
12.0,0.9230769230769231,10.583333333333334,15.909722222222221,1.0,2.6666666666666665,2.2222222222222223,3.3333333333333335,2.4488188976377954,io_intensive,423000340,SJF,0.11617109996011264,0.07326842059205917,0.08260295239132802,0.27474469756480757,0.7764026402640264
12.0,0.9230769230769231,11.583333333333334,14.743055555555555,1.0,2.75,1.6875,3.5833333333333335,2.8345323741007196,io_intensive,423000341,SJF,0.11114843111028645,0.06354260959524116,0.06990679094540612,0.28986126605966817,0.799043062200957
12.0,1.0909090909090908,12.166666666666666,8.472222222222221,1.0,2.8333333333333335,1.3055555555555556,3.6666666666666665,2.328767123287671,io_intensive,423000342,Round Robin,0.10292234169653522,0.12807898323874672,0.06323710721626974,0.32001972386587774,0.7773333333333333
12.0,1.0909090909090908,10,11.166666666666666,1.0,2.9166666666666665,0.9097222222222222,3.4166666666666665,2.7666666666666666,io_intensive,423000343,FCFS,0.07728242680538079,0.1061978925428439,0.09021864583732425,0.3373792856649117,0.7834645669291338
12.0,1.0,10.416666666666666,9.07638888888889,1.0,3.0833333333333335,1.4097222222222223,3.1666666666666665,2.552,io_intensive,423000344,FCFS,0.08497575554905322,0.12174178409585885,0.10690108933121326,0.26910016977928697,0.7916666666666667
12.0,0.8571428571428571,12.666666666666666,15.555555555555555,1.0,3.1666666666666665,3.138888888888889,3.8333333333333335,2.5328947368421053,io_intensive,423000345,Round Robin,0.09291194189314154,0.14392490042750936,0.06248838237294285,0.2851597160603372,0.775830258302583
12.0,0.9230769230769231,13.25,8.854166666666666,1.0,3.5,2.4166666666666665,3.75,2.2767295597484276,io_intensive,423000346,Round Robin,0.10750736521423707,0.13268537657220622,0.09258285113098369,0.27149775572879753,0.7798982188295165
12.0,0.8571428571428571,11.166666666666666,7.805555555555555,1.0,3.0833333333333335,2.2430555555555554,3.5833333333333335,2.4477611940298507,io_intensive,423000347,SJF,0.0746765901521057,0.03910389316621129,0.06732876235723902,0.2717165646853147,0.8033980582524272
12.0,0.75,9.333333333333334,7.722222222222222,1.0,3,1.5,3.25,3.1607142857142856,io_intensive,423000348,SJF,0.1067731564079691,0.06510416666666667,0.0902073157806414,0.3537194008683397,0.8138020833333333
12.0,1.0,10.666666666666666,11.055555555555555,1.0,3.0833333333333335,1.9097222222222223,3.5833333333333335,2.875,io_intensive,423000349,Round Robin,0.1202814325559244,0.10943803760371472,0.07398463045029796,0.3474842767295597,0.7952586206896552
12.0,1.0,9.5,10.083333333333334,1.0,2.6666666666666665,1.7222222222222223,3,2.5701754385964914,io_intensive,423000350,Round Robin,0.13151529872191356,0.10439359314704837,0.07780424907141037,0.3278891202498698,0.7756147540983607
12.0,0.9230769230769231,10.25,8.6875,1.0,3.25,2.8541666666666665,3.1666666666666665,2.430894308943089,io_intensive,423000351,Round Robin,0.07909497300944669,0.197747975708502,0.0529409530137734,0.29576659038901604,0.7763157894736843
12.0,1.7142857142857142,10.5,13.583333333333334,1.0,3,1.1666666666666667,3.4166666666666665,3.0,io_intensive,423000352,SJF,0.08900976085743413,0.04865620645257833,0.09032489937415286,0.2934111187371311,0.7894190871369295
12.0,1.0909090909090908,11.583333333333334,6.409722222222222,1.0,2.4166666666666665,1.4097222222222223,3.75,2.618705035971223,io_intensive,423000353,SJF,0.09633589032152769,0.08569267352240972,0.10948262053829363,0.2605545938841921,0.791958041958042
12.0,0.8,11.083333333333334,9.409722222222221,1.0,2.75,1.1875,3.25,2.18796992481203,io_intensive,423000354,SJF,0.10653717828336601,0.04599589680587078,0.08796482131014036,0.25,0.7932900432900434
12.0,1.0,10.416666666666666,13.409722222222221,1.0,3.0833333333333335,1.4097222222222223,3.4166666666666665,2.848,io_intensive,423000355,Round Robin,0.10927199889031268,0.09237924715617098,0.09174835493857311,0.29449076831447296,0.8283898305084745
12.0,1.0909090909090908,9.583333333333334,16.57638888888889,1.0,2.8333333333333335,1.3055555555555556,3,2.765217391304348,io_intensive,423000356,SJF,0.06757245067572451,0.031533913204404546,0.08320427084043934,0.3323634632099219,0.8118811881188119
12.0,1.2,10.166666666666666,9.305555555555555,1.0,3,2.3333333333333335,3.5,2.7540983606557377,io_intensive,423000357,FCFS,0.0738967866939522,0.091440910552189,0.07809139939611973,0.2736836954394206,0.7742647058823529
12.0,0.8,12.416666666666666,12.743055555555555,1.0,2.9166666666666665,2.576388888888889,3.6666666666666665,2.3758389261744965,io_intensive,423000358,Round Robin,0.1266348921823122,0.2369525344926538,0.0898977751052315,0.2924021181001284,0.7625523012552301
12.0,1.2,10.333333333333334,11.88888888888889,1.0,2.5833333333333335,1.7430555555555556,3.3333333333333335,2.4919354838709675,io_intensive,423000359,SJF,0.12740528393458309,0.1109051652619176,0.12173249388642388,0.3476403511336253,0.7852760736196319
12.0,0.8,11.083333333333334,10.57638888888889,1.0,2.6666666666666665,1.8888888888888888,3.5833333333333335,2.4661654135338344,io_intensive,423000360,Round Robin,0.11962732919254657,0.15397721240112544,0.11353136446886447,0.26456628477905075,0.7888198757763976
12.0,0.8571428571428571,10.583333333333334,14.57638888888889,1.0,2.5,0.5833333333333334,3.5,2.7086614173228347,io_intensive,423000361,Round Robin,0.12414408478159403,0.24665376710831252,0.09456153199841533,0.29521868050407707,0.8185185185185184
12.0,1.0,12.166666666666666,11.63888888888889,1.0,2.5,1.25,3.5,2.315068493150685,io_intensive,423000362,Round Robin,0.07820396941965127,0.13631287987489443,0.07012578616352202,0.25343703915132487,0.777694610778443
12.0,1.7142857142857142,9.833333333333334,16.63888888888889,1.0,3.0833333333333335,2.076388888888889,2.75,2.406779661016949,io_intensive,423000363,Round Robin,0.1347790648940525,0.13095908644761287,0.10158482376890776,0.33202312515820204,0.7645348837209303
12.0,0.9230769230769231,12.083333333333334,19.90972222222222,1.0,3.3333333333333335,1.2222222222222223,3.8333333333333335,2.43448275862069,io_intensive,423000364,SJF,0.11177454633830201,0.08471942580164056,0.10031323655990368,0.3163946990339074,0.790625
12.0,0.9230769230769231,10.416666666666666,5.243055555555555,1.0,3.25,2.0208333333333335,3.1666666666666665,2.552,io_intensive,423000365,Round Robin,0.12005982053838482,0.14083590138674887,0.11017538294208282,0.2580422794117647,0.821590909090909
12.0,1.3333333333333333,11.833333333333334,24.97222222222222,1.0,3.1666666666666665,2.3055555555555554,3.5833333333333335,2.5492957746478875,io_intensive,423000366,Round Robin,0.061329256024671173,0.08264804995909157,0.05871258446465297,0.2941086691086691,0.806782334384858
12.0,1.0909090909090908,10.833333333333334,5.638888888888889,1.0,3.4166666666666665,1.2430555555555556,3.1666666666666665,2.2846153846153845,io_intensive,423000367,Round Robin,0.14155696295886572,0.19158000182025395,0.09532122905027934,0.31019151846785226,0.8036303630363036
12.0,0.9230769230769231,9.333333333333334,15.555555555555555,1.0,3.3333333333333335,2.0555555555555554,2.9166666666666665,2.3660714285714284,io_intensive,423000368,Round Robin,0.11404254374280258,0.09307563025210082,0.067219152854512,0.3214944040461489,0.8031914893617021
12.0,1.3333333333333333,11.583333333333334,4.576388888888889,1.0,3.5,1.5833333333333333,3.5833333333333335,2.539568345323741,io_intensive,423000369,Round Robin,0.1330315148009996,0.13485466505299654,0.10604995084813165,0.31453329279416237,0.794478527607362
12.0,0.8571428571428571,11.666666666666666,8.88888888888889,1.0,3,2.1666666666666665,3.8333333333333335,2.5142857142857142,io_intensive,423000370,Round Robin,0.1361986087758312,0.16809970094075516,0.08495145631067964,0.3124834407842444,0.7870111731843575
12.0,1.0909090909090908,11.166666666666666,16.97222222222222,1.0,3.5,1.9166666666666667,3.5,2.3358208955223883,io_intensive,423000371,Round Robin,0.12641410671639353,0.12471963636903635,0.07148231753197895,0.2820783867295495,0.7884057971014493
12.0,1.7142857142857142,13.416666666666666,11.57638888888889,1.0,3.25,1.5208333333333333,3.9166666666666665,2.279503105590062,io_intensive,423000372,Round Robin,0.12586773015674677,0.12080110604440342,0.10432965178708395,0.3290279561394844,0.7913907284768211
12.0,1.2,10.916666666666666,9.743055555555555,1.0,3,2.8333333333333335,3.3333333333333335,2.519083969465649,io_intensive,423000373,Round Robin,0.1241910046920092,0.2198738283271628,0.08658294778585593,0.28468447481492987,0.7673267326732673
12.0,0.9230769230769231,9.833333333333334,9.805555555555555,1.0,3.3333333333333335,2.0555555555555554,3.6666666666666665,2.9915254237288136,io_intensive,423000374,Round Robin,0.09219826473683165,0.17807877260517593,0.08691785153716042,0.26652950202259734,0.8634969325153374
12.0,1.3333333333333333,11.5,15.583333333333334,1.0,3.5833333333333335,1.5763888888888888,3.25,2.1159420289855073,io_intensive,423000375,Round Robin,0.12866340414179622,0.17517079457989676,0.09402283411685694,0.2812387929709514,0.7881736526946108
12.0,1.0909090909090908,11.333333333333334,19.72222222222222,1.0,3.0833333333333335,1.5763888888888888,3.25,2.3823529411764706,io_intensive,423000376,SJF,0.09678708300035582,0.0590544267835104,0.07100780737451529,0.3146932212085946,0.8007968127490039
12.0,1.0909090909090908,12.666666666666666,9.88888888888889,1.0,3.3333333333333335,1.5555555555555556,3.6666666666666665,2.3289473684210527,io_intensive,423000377,Round Robin,0.09113645781595783,0.14296015419250338,0.07515598411798072,0.27844368340943687,0.8005181347150259
12.0,1.0,10.666666666666666,6.388888888888889,1.0,3.0833333333333335,2.076388888888889,3.25,2.4375,io_intensive,423000378,Round Robin,0.11062259354512613,0.12868729339540086,0.07501697216564834,0.25,0.7709854014598541
12.0,0.9230769230769231,11.416666666666666,10.743055555555555,1.0,2.5833333333333335,2.2430555555555554,3.4166666666666665,2.386861313868613,io_intensive,423000379,Round Robin,0.07983269051807634,0.11100655556010659,0.07549668874172184,0.2921379310344827,0.793939393939394
12.0,1.3333333333333333,10.083333333333334,12.243055555555555,1.0,3.5,2.4166666666666665,3.4166666666666665,2.6611570247933884,io_intensive,423000380,Round Robin,0.09575180916644332,0.10418391090019498,0.08496265540047646,0.27000800320128054,0.8315018315018314
12.0,0.8571428571428571,10.5,15.25,1.0,2.8333333333333335,1.1388888888888888,3.5,2.7936507936507935,io_intensive,423000381,SJF,0.10622641385386122,0.057769890016825545,0.07683388354743002,0.31530093093743233,0.7955508474576272
12.0,1.0909090909090908,11,18,1.0,2.75,2.5208333333333335,3.5,2.537878787878788,io_intensive,423000382,Round Robin,0.09378217222183402,0.07918833175084021,0.07186779400461184,0.3010204081632653,0.7893939393939393
12.0,1.2,10.666666666666666,11.88888888888889,1.0,3,1.6666666666666667,3.1666666666666665,2.3125,io_intensive,423000383,SJF,0.12779453756557443,0.07456140350877194,0.11835981021097544,0.29142048463983045,0.777046783625731
12.0,0.9230769230769231,12.25,13.854166666666666,1.0,2.75,1.1875,3.5833333333333335,2.4081632653061225,io_intensive,423000384,Round Robin,0.11113462989353678,0.18732632140812386,0.08122070520304349,0.2567221510883482,0.8062913907284768
12.0,1.2,10.5,9.416666666666666,1.0,2.75,1.5208333333333333,3.1666666666666665,2.3492063492063493,io_intensive,423000385,Round Robin,0.0823011713088103,0.11961354756028633,0.054726368159204,0.30340425531914894,0.7726377952755905
12.0,1.0,9.583333333333334,8.743055555555555,1.0,3.25,2.3541666666666665,3.25,2.408695652173913,io_intensive,423000386,SJF,0.12374995449085995,0.03903345724907063,0.07717041800643087,0.3123795031646296,0.8169144981412639
12.0,0.9230769230769231,10.916666666666666,10.243055555555555,1.0,3.0833333333333335,1.7430555555555556,3.4166666666666665,2.572519083969466,io_intensive,423000387,Round Robin,0.08966278819219996,0.18379659121081676,0.08140329302452688,0.27231447846393353,0.7921245421245422
12.0,0.9230769230769231,11.416666666666666,13.57638888888889,1.0,3.1666666666666665,2.638888888888889,3.4166666666666665,2.2481751824817517,io_intensive,423000388,Round Robin,0.10351891403458328,0.14116478217492515,0.09780501228992977,0.2961577280621105,0.7654639175257731
12.0,1.3333333333333333,12.666666666666666,20.22222222222222,1.0,3.25,2.1875,3.9166666666666665,2.4473684210526314,io_intensive,423000389,Round Robin,0.1086679464618994,0.13822169013278054,0.09237252109592534,0.28913813459268,0.7756892230576441
12.0,0.9230769230769231,11.5,9.416666666666666,1.0,2.9166666666666665,2.4097222222222223,3.8333333333333335,2.782608695652174,io_intensive,423000390,SJF,0.0836138476601423,0.03833124251901816,0.07126674279869806,0.27388114453411594,0.7996575342465753
12.0,1.5,10,11.166666666666666,1.0,2.8333333333333335,2.8055555555555554,3.25,2.6333333333333333,io_intensive,423000391,Round Robin,0.10437091503267973,0.1443480446862946,0.09044147481530888,0.3449613930897353,0.7858455882352942
12.0,1.7142857142857142,12.666666666666666,5.388888888888889,1.0,3.75,0.8541666666666666,3.8333333333333335,2.3684210526315788,io_intensive,423000392,Round Robin,0.09541416530228608,0.12677748468861805,0.07191422594142258,0.29259319155817903,0.7782608695652173
12.0,0.8,10.333333333333334,12.555555555555555,1.0,3.25,2.1875,3.1666666666666665,2.467741935483871,io_intensive,423000393,Round Robin,0.11299618901638829,0.17017746553225688,0.10321779588520925,0.30842911877394635,0.8201357466063348
12.0,1.3333333333333333,9.666666666666666,2.2222222222222223,1.0,2.3333333333333335,0.8888888888888888,2.9166666666666665,2.3620689655172415,io_intensive,423000394,SJF,0.0895064942710837,0.07237583416996397,0.09172811973436416,0.29368697333885896,0.7883275261324041
12.0,1.3333333333333333,11.25,11.520833333333334,1.0,3.5,1.9166666666666667,3.4166666666666665,2.3851851851851853,io_intensive,423000395,Round Robin,0.1396121216282898,0.23394034904743638,0.11089646703192899,0.25886075949367093,0.7799625468164795
12.0,0.8571428571428571,12.083333333333334,5.076388888888889,1.0,2.6666666666666665,2.2222222222222223,3.5833333333333335,2.4827586206896552,io_intensive,423000396,Round Robin,0.14089551205512693,0.12931034482758622,0.12372711212810632,0.2847321683986836,0.8199233716475096
12.0,1.0,10.166666666666666,7.972222222222222,1.0,2.5,1.75,3.1666666666666665,2.442622950819672,io_intensive,423000397,Round Robin,0.13897521021365236,0.13433968816406047,0.11496444114498436,0.25,0.8207831325301205
12.0,1.0,13.666666666666666,22.88888888888889,1.0,3,1.6666666666666667,3.9166666666666665,2.3841463414634148,io_intensive,423000398,FCFS,0.07085292937623287,0.07494938751181814,0.07995626007500385,0.34242731867769227,0.7647405660377358
12.0,0.8571428571428571,11.25,18.1875,1.0,3.0833333333333335,1.7430555555555556,3.25,2.1925925925925926,io_intensive,423000399,FCFS,0.04515767470889543,0.09790364097658978,0.055238774055595165,0.2681632653061224,0.8380829015544041
12.0,1.0909090909090908,12.083333333333334,17.57638888888889,1.0,2.5833333333333335,1.5763888888888888,3.75,2.593103448275862,io_intensive,423000400,Round Robin,0.10220596184364648,0.07984726737410291,0.07378640776699028,0.3437808600784399,0.7850877192982456
12.0,1.3333333333333333,10.916666666666666,14.743055555555555,1.0,3,1.5,3.3333333333333335,2.282442748091603,io_intensive,423000401,Round Robin,0.10221498701035796,0.16147989845728564,0.09494331033530554,0.3087090693695486,0.7694704049844237
12.0,0.9230769230769231,11.166666666666666,4.138888888888889,1.0,2.9166666666666665,1.9097222222222223,3.9166666666666665,2.8805970149253732,io_intensive,423000402,Round Robin,0.08931241235789383,0.11514594807080597,0.07521900719706413,0.2751218851570964,0.7855960264900662
12.0,0.8571428571428571,13.166666666666666,18.63888888888889,1.0,2.5,1.75,3.9166666666666665,2.5253164556962027,io_intensive,423000403,Round Robin,0.09805261684061642,0.17330566187369228,0.053527562339852494,0.32649869983835833,0.7723097112860893
12.0,2.0,11.25,11.1875,1.0,2.75,1.0208333333333333,3.75,2.785185185185185,io_intensive,423000404,SJF,0.06632615211133862,0.05035757737618325,0.062064156206415616,0.3368655883993308,0.7828014184397163
12.0,1.0,11.083333333333334,13.909722222222221,1.0,2.75,1.5208333333333333,3.8333333333333335,2.7518796992481205,io_intensive,423000405,Round Robin,0.09677585604472398,0.12498098377281952,0.08347982143591191,0.3420536855437861,0.76625
12.0,0.75,10.416666666666666,12.743055555555555,1.0,3.0833333333333335,2.2430555555555554,3.0833333333333335,2.368,io_intensive,423000406,Round Robin,0.118910252946601,0.135869854592627,0.0880869746841238,0.2507267441860465,0.7890334572490707
12.0,0.8,11.083333333333334,16.90972222222222,1.0,3.5833333333333335,2.4097222222222223,3.0833333333333335,2.1052631578947367,io_intensive,423000407,Round Robin,0.13609074151122214,0.21728135128514783,0.07862318840579713,0.2781086729362592,0.8026315789473684
12.0,0.7058823529411765,10.25,16.854166666666668,1.0,3.1666666666666665,1.6388888888888888,3.3333333333333335,2.7398373983739837,io_intensive,423000408,Round Robin,0.13332551594746717,0.09488702621658142,0.08387329901231842,0.3668140855233424,0.8262195121951219
12.0,0.8571428571428571,12.833333333333334,16.47222222222222,1.0,3.3333333333333335,1.8888888888888888,3.9166666666666665,2.1493506493506493,io_intensive,423000409,SJF,0.051681957186544336,0.030183486238532092,0.07171195931734778,0.2691300675675676,0.8355555555555556
12.0,1.2,11.916666666666666,14.07638888888889,1.0,3,2,3.3333333333333335,2.3286713286713288,io_intensive,423000410,FCFS,0.12435846178774726,0.21616153788348458,0.13851035179927423,0.2916666666666667,0.7691761363636364
12.0,0.9230769230769231,10.416666666666666,10.57638888888889,1.0,2.6666666666666665,2.0555555555555554,3.25,2.248,io_intensive,423000411,SJF,0.10387158910073506,0.03059895833333333,0.0970818588565962,0.35193564538186006,0.7825520833333333
12.0,0.9230769230769231,10.583333333333334,7.576388888888889,1.0,2.9166666666666665,2.7430555555555554,3,2.3622047244094486,io_intensive,423000412,Round Robin,0.07123966723714908,0.05370788227368926,0.04835318850735808,0.26516130927895637,0.7988721804511278
12.0,1.2,12.25,13.520833333333334,1.0,2.8333333333333335,2.3055555555555554,3.5833333333333335,2.2993197278911564,io_intensive,423000413,SJF,0.10091294186386211,0.0707247425997426,0.08312883435582824,0.2920534784118532,0.7749999999999999
12.0,0.8,11.833333333333334,12.472222222222221,1.0,3.0833333333333335,1.7430555555555556,3.6666666666666665,2.556338028169014,io_intensive,423000414,Round Robin,0.1348949878037929,0.21501661451131432,0.12069835367070064,0.25,0.7896825396825398
12.0,0.9230769230769231,12.25,9.6875,1.0,2.6666666666666665,1.3888888888888888,3.5833333333333335,2.258503401360544,io_intensive,423000415,Round Robin,0.09643142369014888,0.08295721085116035,0.0776727702303603,0.27333008175399476,0.7784090909090908
12.0,1.3333333333333333,10.833333333333334,12.13888888888889,1.0,2.9166666666666665,1.2430555555555556,3.4166666666666665,2.6307692307692307,io_intensive,423000416,Round Robin,0.12924706065561004,0.11491688538932632,0.07323055360896986,0.33874495458784193,0.7922222222222222
12.0,1.2,11.666666666666666,13.222222222222221,1.0,2.5833333333333335,1.0763888888888888,3.5833333333333335,2.4857142857142858,io_intensive,423000417,SJF,0.0722049700599786,0.02962477825525628,0.06849747474747472,0.260600976205003,0.7918326693227091
12.0,0.8,9.583333333333334,4.909722222222222,1.0,3.5833333333333335,2.076388888888889,2.9166666666666665,2.634782608695652,io_intensive,423000418,SJF,0.06852436343543915,0.031227566403445803,0.07309099286029391,0.2944372944372945,0.828512396694215
12.0,0.8,11.833333333333334,5.138888888888889,1.0,3.0833333333333335,2.576388888888889,3.9166666666666665,2.887323943661972,io_intensive,423000419,Round Robin,0.11712800250721946,0.20468638557008625,0.09348853911065898,0.2763157894736842,0.7948473282442747
12.0,0.9230769230769231,10.166666666666666,23.97222222222222,1.0,2.5833333333333335,2.4097222222222223,3.3333333333333335,2.5245901639344264,io_intensive,423000420,Round Robin,0.1168977580020525,0.21545584045584049,0.11027890022809503,0.3411050302774621,0.8162393162393162
12.0,1.0,10.083333333333334,11.743055555555555,1.0,3.5,2.25,3.25,2.5289256198347108,io_intensive,423000421,Round Robin,0.12846275217911837,0.08876122563548657,0.07097288676236042,0.28865312459567866,0.8257575757575757
12.0,0.75,12,12.166666666666666,1.0,3.3333333333333335,1.3888888888888888,3.6666666666666665,2.5069444444444446,io_intensive,423000422,FCFS,0.08622901052632757,0.12999985592058344,0.08682776708892483,0.29571016917642684,0.8170731707317074
12.0,0.9230769230769231,11.25,17.520833333333332,1.0,2.5833333333333335,2.076388888888889,3.5833333333333335,2.6592592592592594,io_intensive,423000423,SJF,0.06633412647594356,0.05977874828148162,0.06896972949892952,0.313288920056101,0.7959363957597173
12.0,1.0909090909090908,11.416666666666666,7.743055555555555,1.0,3.4166666666666665,2.4097222222222223,3.8333333333333335,2.5693430656934306,io_intensive,423000424,Round Robin,0.05954132864576449,0.0764276043695264,0.05757187118347547,0.27793238507524226,0.7801204819277108
12.0,2.4,11.666666666666666,14.555555555555555,1.0,3.0833333333333335,1.4097222222222223,3.6666666666666665,2.6285714285714286,io_intensive,423000425,Round Robin,0.10358972194078578,0.1500920480742405,0.10272200005672313,0.3012259593473704,0.7796352583586625
12.0,0.8,10.75,8.6875,1.0,3.0833333333333335,1.5763888888888888,3.25,2.434108527131783,io_intensive,423000426,Round Robin,0.1236303101820634,0.219633652944756,0.08698583951449765,0.31271777003484325,0.78125
12.0,1.0909090909090908,9.25,9.1875,1.0,3.5,2.0833333333333335,2.9166666666666665,2.4324324324324325,io_intensive,423000427,SJF,0.08287943696450428,0.04651162790697675,0.06679167726078482,0.2996125529618352,0.8517441860465116
12.0,1.0909090909090908,10.416666666666666,14.243055555555555,1.0,3.8333333333333335,2.8055555555555554,3.0833333333333335,2.312,io_intensive,423000428,Round Robin,0.1202776894062705,0.13855125320727524,0.05474171164225135,0.2694672131147541,0.9299999999999999
12.0,1.0909090909090908,11.5,13.916666666666666,1.0,3.5,0.9166666666666666,3.5833333333333335,2.4130434782608696,io_intensive,423000429,Round Robin,0.10129507558945527,0.10518413799527669,0.0737250745079555,0.3209183673469388,0.7972440944881889
12.0,0.9230769230769231,11,12.666666666666666,1.0,2.5833333333333335,1.5763888888888888,2.8333333333333335,2.2045454545454546,io_intensive,423000430,Round Robin,0.10478446812423174,0.11960732543842614,0.07996537179126663,0.25,0.7656765676567656
12.0,0.8571428571428571,12.416666666666666,7.076388888888889,1.0,2.6666666666666665,1.8888888888888888,3.6666666666666665,2.402684563758389,io_intensive,423000431,Round Robin,0.09482604925287973,0.1298539767197487,0.06921076833270592,0.3006711409395973,0.7566889632107023
12.0,1.3333333333333333,11.5,15.25,1.0,3.5,1.4166666666666667,3.6666666666666665,2.528985507246377,io_intensive,423000432,Round Robin,0.10322014209128048,0.13383114428675183,0.09208773247548467,0.3085533869115959,0.7756797583081572
12.0,0.8571428571428571,11.083333333333334,13.409722222222221,1.0,2.4166666666666665,1.5763888888888888,3.3333333333333335,2.3909774436090228,io_intensive,423000433,SJF,0.07688804429328468,0.07471264367816093,0.08939914253915755,0.3407605892773056,0.8189655172413793
12.0,1.0909090909090908,11.5,17.083333333333332,1.0,2.1666666666666665,1.9722222222222223,3.4166666666666665,2.471014492753623,io_intensive,423000434,Round Robin,0.09334926631202937,0.16364554272942403,0.08075520284449658,0.25363125530110264,0.7798165137614679
12.0,1.0909090909090908,10.416666666666666,10.743055555555555,1.0,3.1666666666666665,0.8055555555555556,3.0833333333333335,1.992,io_intensive,423000435,Round Robin,0.1264956203071021,0.16973641918383484,0.08857556037599422,0.29124497012559447,0.7947080291970803
12.0,0.8,11.5,20.083333333333332,1.0,3.6666666666666665,1.5555555555555556,3.5,2.4855072463768115,io_intensive,423000436,SJF,0.09917377579652426,0.08235531435526448,0.09923039657909702,0.2808096399940248,0.7890625
12.0,0.8571428571428571,12,19.166666666666668,1.0,2.25,1.5208333333333333,3.5,2.4652777777777777,io_intensive,423000437,Round Robin,0.07813698395550461,0.07920396366049445,0.0762566167985048,0.3118328560270763,0.8057103064066853
12.0,1.5,12.75,11.6875,1.0,2.6666666666666665,1.5555555555555556,3.9166666666666665,2.372549019607843,io_intensive,423000438,SJF,0.09584961846268378,0.05469557864522406,0.08799153994837419,0.3322368421052631,0.7664609053497942
12.0,0.75,12.083333333333334,17.40972222222222,1.0,3.1666666666666665,2.4722222222222223,3.8333333333333335,2.3379310344827586,io_intensive,423000439,SJF,0.11463517809812744,0.027188328912466843,0.08711528419892323,0.29740980573543013,0.7970822281167109
12.0,1.0909090909090908,11.833333333333334,16.805555555555557,1.0,2.9166666666666665,2.7430555555555554,3.9166666666666665,2.9507042253521125,io_intensive,423000440,SJF,0.08360868476704719,0.033126293995859236,0.0617434374574965,0.298463029631681,0.7892335766423357
12.0,0.8571428571428571,10.583333333333334,12.409722222222221,1.0,2.25,1.8541666666666667,3.3333333333333335,2.5511811023622046,io_intensive,423000441,FCFS,0.08469236688632555,0.14043377736404616,0.08850835144682184,0.26491006492475355,0.7981283422459893
12.0,2.4,10.5,5.416666666666667,1.0,2.9166666666666665,2.076388888888889,3.1666666666666665,2.507936507936508,io_intensive,423000442,FCFS,0.07725061602853656,0.08386886978573416,0.10747303543913714,0.3125,0.7762836185819071
12.0,0.9230769230769231,11.25,13.1875,1.0,2.6666666666666665,1.7222222222222223,3.3333333333333335,2.6074074074074076,io_intensive,423000443,Round Robin,0.050298398564566534,0.0865657826989284,0.014851485148514853,0.3308295633359559,0.78328173374613
12.0,1.0909090909090908,12.25,19.1875,1.0,3.25,2.0208333333333335,3.9166666666666665,2.4489795918367347,io_intensive,423000444,SJF,0.08255588874609293,0.06179973514252689,0.0763199976110667,0.31149877258019404,0.7795508274231678
12.0,0.6666666666666666,11.666666666666666,24.38888888888889,1.0,3.0833333333333335,2.4097222222222223,3.75,2.4285714285714284,io_intensive,423000445,SJF,0.14304209036281654,0.06770833333333333,0.10233432805223788,0.34985678622836647,0.7955729166666667
12.0,0.75,11.333333333333334,17.88888888888889,1.0,3.1666666666666665,1.4722222222222223,3.25,2.2058823529411766,io_intensive,423000446,SJF,0.09552550654852762,0.02738788733773312,0.06734992679355782,0.3027233960069781,0.8100303951367781
12.0,1.3333333333333333,11.416666666666666,5.909722222222222,1.0,3.4166666666666665,2.2430555555555554,3.3333333333333335,2.1386861313868613,io_intensive,423000447,Round Robin,0.15127855501802492,0.21101246901341927,0.09640995946728428,0.28465780251494543,0.7749266862170088
12.0,1.3333333333333333,13.25,5.354166666666667,1.0,3.5,1.5833333333333333,4,2.49685534591195,io_intensive,423000448,Round Robin,0.09561929071979766,0.12600741946845004,0.09191075761983741,0.30100836730315383,0.7868171021377672
12.0,0.9230769230769231,12.083333333333334,13.57638888888889,1.0,2.75,2.3541666666666665,3.3333333333333335,2.1448275862068966,io_intensive,423000449,Round Robin,0.11976229709107303,0.20392693818741556,0.07871536523929475,0.3169014218081393,0.7755591054313099
12.0,0.75,12.5,12.583333333333334,1.0,3.5833333333333335,2.2430555555555554,3.75,2.3266666666666667,io_intensive,423000450,Round Robin,0.06702265126178171,0.07911354636823345,0.05587121212121214,0.30508048289738426,0.785953177257525
12.0,1.7142857142857142,10.833333333333334,9.305555555555555,1.0,3.3333333333333335,1.8888888888888888,3.5,2.523076923076923,io_intensive,423000451,Round Robin,0.08957033957033957,0.13234394598030963,0.058212058212058194,0.25441124935610226,0.7952702702702703
12.0,3.0,11.916666666666666,16.743055555555557,1.0,2.4166666666666665,1.7430555555555556,3.75,2.5314685314685317,io_intensive,423000452,Round Robin,0.1030127766969872,0.11805326418037439,0.052631578947368404,0.30785296574770254,0.7733766233766234
12.0,2.0,12.083333333333334,16.90972222222222,1.0,2.9166666666666665,1.9097222222222223,3.9166666666666665,2.537931034482759,io_intensive,423000453,Round Robin,0.11807128580946039,0.13683911123920772,0.11317950710625801,0.30343360379972295,0.7684210526315789
12.0,1.2,9.583333333333334,11.909722222222221,1.0,2.8333333333333335,1.8055555555555556,3.0833333333333335,2.747826086956522,io_intensive,423000454,FCFS,0.09099683088447133,0.11899429620503016,0.10019014693171995,0.31334841628959276,0.7966666666666666
12.0,1.0909090909090908,11.166666666666666,11.63888888888889,1.0,2.5,2.9166666666666665,3.4166666666666665,2.544776119402985,io_intensive,423000455,SJF,0.10349071355465628,0.029737702970791632,0.07423728813559324,0.29472399646881653,0.7781329923273657
12.0,1.0909090909090908,13.416666666666666,14.07638888888889,1.0,3.6666666666666665,1.8888888888888888,3.9166666666666665,2.527950310559006,io_intensive,423000456,Round Robin,0.10249807368413874,0.10421424158309803,0.09326400218609392,0.2737619364867866,0.7866323907455013
12.0,0.6666666666666666,11.916666666666666,12.909722222222221,1.0,2,0.6666666666666666,3.4166666666666665,2.4615384615384617,io_intensive,423000457,SJF,0.08743381012018543,0.08016574576399098,0.08051150917656641,0.3178743961352657,0.7970085470085471
12.0,0.8571428571428571,10.583333333333334,7.409722222222222,1.0,3,1.6666666666666667,2.8333333333333335,2.125984251968504,io_intensive,423000458,SJF,0.12315997895841857,0.08499113018182525,0.12638775390058962,0.30526329773101657,0.7885304659498208
12.0,0.8,10.333333333333334,12.88888888888889,1.0,2.8333333333333335,2.638888888888889,3.5,2.6048387096774195,io_intensive,423000459,SJF,0.09637012768327316,0.045366704374057286,0.06290584415584416,0.4080112430032812,0.7987132352941176
12.0,0.8,11.666666666666666,14.055555555555555,1.0,3.5833333333333335,2.9097222222222223,3.6666666666666665,2.4285714285714284,io_intensive,423000460,Round Robin,0.07269029468654002,0.08278997940974606,0.06659807480396576,0.2832151300236407,0.8470744680851063
12.0,0.9230769230769231,10.916666666666666,19.743055555555557,1.0,3.0833333333333335,1.9097222222222223,3.0833333333333335,2.33587786259542,io_intensive,423000461,Round Robin,0.09383018020266558,0.10836993959966057,0.09001755926251095,0.30509933774834436,0.7784280936454849
12.0,1.0,11.916666666666666,12.243055555555555,1.0,3.1666666666666665,2.3055555555555554,3.9166666666666665,2.5104895104895104,io_intensive,423000462,Round Robin,0.12881166372468436,0.11410755392176626,0.1001853525105131,0.25,0.7943262411347518
12.0,1.3333333333333333,11.333333333333334,15.055555555555555,1.0,3.3333333333333335,1.3888888888888888,3.8333333333333335,2.713235294117647,io_intensive,423000463,Round Robin,0.09231737338533455,0.1390401708102236,0.07452481881580747,0.3353658536585366,0.7962962962962963
12.0,0.9230769230769231,10.833333333333334,8.305555555555555,1.0,3.1666666666666665,2.4722222222222223,3.6666666666666665,2.9153846153846152,io_intensive,423000464,Round Robin,0.07186928800991013,0.2531038142016858,0.05613668061366804,0.2963636363636364,0.8074534161490683
12.0,0.7058823529411765,11.666666666666666,6.388888888888889,1.0,3.1666666666666665,2.138888888888889,4,2.6214285714285714,io_intensive,423000465,Round Robin,0.10828670396485492,0.1258685361074236,0.0771410579345088,0.2679232804232804,0.8005836575875487
12.0,0.8571428571428571,10.25,15.354166666666666,1.0,3,2,3.75,3.097560975609756,io_intensive,423000466,FCFS,0.08832538851851009,0.12140214312643188,0.08914642148200436,0.33950642203316306,0.795774647887324
12.0,1.2,10.916666666666666,9.743055555555555,1.0,2.25,1.1875,3.6666666666666665,2.5572519083969465,io_intensive,423000467,SJF,0.08860159118727051,0.06140767426655619,0.09972715218278254,0.3222591362126246,0.787375415282392
12.0,0.8571428571428571,12.083333333333334,19.243055555555557,1.0,3.1666666666666665,2.138888888888889,3.6666666666666665,2.4,io_intensive,423000468,Round Robin,0.08507566074416426,0.07385496507230044,0.05753701211305517,0.294811320754717,0.7741090146750524
12.0,0.9230769230769231,11.083333333333334,9.409722222222221,1.0,3.5833333333333335,2.576388888888889,3.8333333333333335,2.8045112781954886,io_intensive,423000469,SJF,0.06678252162722115,0.03990283464603449,0.06474807526862648,0.29079371474617244,0.844017094017094
12.0,0.8,12.5,10.25,1.0,3.3333333333333335,0.8888888888888888,3.5833333333333335,2.34,io_intensive,423000470,Round Robin,0.08118323492001119,0.10151018905316737,0.07392762623839,0.3354821037253469,0.8072033898305084
12.0,2.0,11.166666666666666,16.13888888888889,1.0,3.75,0.6875,3.5833333333333335,2.4925373134328357,io_intensive,423000471,SJF,0.11339938465012561,0.05834208567175771,0.06938775510204079,0.3041372203548511,0.7925311203319503
12.0,0.8571428571428571,10.833333333333334,10.472222222222221,1.0,3.1666666666666665,2.638888888888889,3.75,2.8615384615384616,io_intensive,423000472,Round Robin,0.07673959827833575,0.12271020869833728,0.07079292512787017,0.3063931318289139,0.8022058823529412
12.0,0.8571428571428571,12.25,5.854166666666667,1.0,3.5,1.4166666666666667,3.5,2.1020408163265305,io_intensive,423000473,SJF,0.13279468622980073,0.1106963038585582,0.13099686392686233,0.2931510803232723,0.7642857142857142
12.0,1.3333333333333333,11,11.833333333333334,1.0,2.4166666666666665,1.5763888888888888,3.4166666666666665,2.4393939393939394,io_intensive,423000474,Round Robin,0.10725415512465374,0.16153080980727294,0.07929362880886426,0.31763157894736843,0.7615131578947368
12.0,0.6666666666666666,11.666666666666666,17.88888888888889,1.0,3,1.8333333333333333,3.5,2.4642857142857144,io_intensive,423000475,SJF,0.11570048158626377,0.014402636054421825,0.04707908031755849,0.34957103291495906,0.8270440251572327
12.0,1.0909090909090908,10.5,20.416666666666668,1.0,2.75,2.3541666666666665,3.25,2.246031746031746,io_intensive,423000476,SJF,0.11812168121681217,0.04770789492772191,0.10019123522449462,0.3476828120096244,0.8071955719557196
12.0,1.0909090909090908,12.25,13.1875,1.0,2.25,1.6875,3.6666666666666665,2.4489795918367347,io_intensive,423000477,FCFS,0.08151770007243721,0.09649722833162311,0.09689215996276251,0.3092209856915739,0.7749343832020997
12.0,1.0909090909090908,13.166666666666666,9.13888888888889,1.0,3.5,1.4166666666666667,4.25,2.689873417721519,io_intensive,423000478,Round Robin,0.09738223234624147,0.11675232989401556,0.08330443386840906,0.3043693594541052,0.7824601366742596
12.0,0.8571428571428571,11.166666666666666,15.305555555555555,1.0,3.5,1.75,3.8333333333333335,2.791044776119403,io_intensive,423000479,Round Robin,0.10654632804243959,0.13571945463242657,0.08512726501995828,0.307842728268238,0.8174740484429066
12.0,0.9230769230769231,10.25,7.854166666666667,1.0,3.1666666666666665,1.8055555555555556,3,2.4959349593495936,io_intensive,423000480,FCFS,0.05982902119606815,0.0823715298756638,0.08788993845539135,0.2918554276351483,0.7784552845528455
12.0,1.0,11.25,11.520833333333334,1.0,3.25,2.0208333333333335,3.75,2.6,io_intensive,423000481,Round Robin,0.09445563602314247,0.10200000000000001,0.06339301208284942,0.30447382738992324,0.8069999999999999
12.0,0.8,11.833333333333334,12.972222222222221,1.0,2.6666666666666665,1.2222222222222223,3.3333333333333335,2.3380281690140845,io_intensive,423000482,Round Robin,0.14496015002344118,0.12451971096027228,0.10526279581728121,0.2889663658736669,0.7953703703703703
12.0,1.5,13,8.666666666666666,1.0,3.3333333333333335,1.7222222222222223,3.5833333333333335,1.9871794871794872,io_intensive,423000483,Round Robin,0.10875953894811641,0.1108229052459038,0.09538082465718642,0.28526785714285713,0.7736051502145922
12.0,0.8,10.416666666666666,7.743055555555555,1.0,3.5,1.9166666666666667,3.3333333333333335,2.592,io_intensive,423000484,FCFS,0.08596852212836618,0.0990491320163927,0.09371027188781722,0.28837304353241633,0.7902046783625731
12.0,1.2,11.25,14.520833333333334,1.0,3.4166666666666665,1.9097222222222223,3.6666666666666665,2.696296296296296,io_intensive,423000485,Round Robin,0.10144287660917274,0.14050521483330367,0.10109201670889167,0.3414103601780656,0.7713607594936709
12.0,1.0909090909090908,11.916666666666666,8.57638888888889,1.0,2.8333333333333335,1.6388888888888888,3.6666666666666665,2.3776223776223775,io_intensive,423000486,Round Robin,0.10674096221799403,0.09039400640107352,0.08959372025106085,0.2731788079470199,0.7769230769230769
12.0,1.0909090909090908,10.333333333333334,16.22222222222222,1.0,2.5833333333333335,1.9097222222222223,3.3333333333333335,2.5725806451612905,io_intensive,423000487,SJF,0.1264260716131481,0.03787058992027245,0.10839785665110219,0.2695263091323046,0.8390052356020943
12.0,1.0,10.166666666666666,12.805555555555555,1.0,3.1666666666666665,1.8055555555555556,3.3333333333333335,2.680327868852459,io_intensive,423000488,Round Robin,0.07846411694590165,0.10268554677231786,0.07764364825400769,0.34130288128672615,0.8164794007490637
12.0,1.3333333333333333,10.916666666666666,5.576388888888889,1.0,3.0833333333333335,3.4097222222222223,3.1666666666666665,2.1297709923664123,io_intensive,423000489,Round Robin,0.12079834266120676,0.13029380866765622,0.09105370789443759,0.2897964951950254,0.7953629032258065
12.0,1.5,10,9.5,1.0,3.5833333333333335,1.9097222222222223,3.25,2.6083333333333334,io_intensive,423000490,Round Robin,0.12287491180188827,0.16369810165118215,0.09077040427154842,0.28933976161778496,0.8164414414414414
12.0,1.0,11.833333333333334,16.63888888888889,1.0,2.6666666666666665,1.8888888888888888,3.75,2.507042253521127,io_intensive,423000491,SJF,0.0945870088211708,0.06750957854406131,0.08488958029378849,0.30035885903388965,0.7974137931034483
12.0,1.2,11.833333333333334,8.805555555555555,1.0,2.4166666666666665,1.9097222222222223,3.8333333333333335,2.5211267605633805,io_intensive,423000492,Round Robin,0.09645638275308305,0.13776867455033323,0.0915243618360209,0.2885579937304075,0.7733160621761658
12.0,1.3333333333333333,12.666666666666666,10.222222222222221,1.0,2.75,1.6875,3.4166666666666665,2.414473684210526,io_intensive,423000493,FCFS,0.11831989326003693,0.1322415445295981,0.13220732211803643,0.2990384615384615,0.782122905027933
12.0,1.0,9.916666666666666,12.07638888888889,1.0,2.4166666666666665,1.2430555555555556,3,2.361344537815126,io_intensive,423000494,SJF,0.11152331621774561,0.05759215544469852,0.0707196029776675,0.3446812353259888,0.7921974522292994
12.0,1.0909090909090908,12,23.333333333333332,1.0,2.9166666666666665,1.7430555555555556,3.5833333333333335,2.1944444444444446,io_intensive,423000495,SJF,0.12608161289121178,0.0839388632913634,0.08432506287785038,0.30594679186228485,0.7874617737003058
12.0,0.75,11.5,13.083333333333334,1.0,3.0833333333333335,1.9097222222222223,3.4166666666666665,2.2318840579710146,io_intensive,423000496,SJF,0.08918544233709816,0.03662420382165605,0.08857247794647634,0.3440162115547985,0.7786624203821656
12.0,1.0909090909090908,14,11.5,1.0,2.8333333333333335,2.138888888888889,4.5,2.5535714285714284,io_intensive,423000497,SJF,0.08336250746514548,0.07678669274687189,0.07801429362697972,0.32553344091805625,0.7811224489795918
12.0,1.5,11.5,8.416666666666666,1.0,2.4166666666666665,1.4097222222222223,3.5,2.3840579710144927,io_intensive,423000498,FCFS,0.08805829689777224,0.10893912289973963,0.09726196441195997,0.2777327935222672,0.786
12.0,0.9230769230769231,13.916666666666666,6.743055555555555,1.0,2.8333333333333335,1.3055555555555556,4.083333333333333,2.3532934131736525,io_intensive,423000499,Round Robin,0.10368853887633096,0.13919064015334448,0.07925961082107263,0.27320987654320983,0.778954802259887
12.0,1.5,16.166666666666668,65.97222222222223,0.5,2.5833333333333335,1.0763888888888888,1.8333333333333333,0.7938144329896907,mixed,424000000,Round Robin,0.29462212799751086,0.20023148148148148,0.1449953227315248,0.3168849391955098,0.757716049382716
12.0,0.8571428571428571,17.833333333333332,134.13888888888889,0.5833333333333334,3.75,1.8541666666666667,1.8333333333333333,0.6822429906542056,mixed,424000001,SJF,0.4046304750123751,0.12281213535589265,0.14689826302729528,0.4370211646491108,0.764585764294049
12.0,1.5,18.916666666666668,154.74305555555554,0.3333333333333333,3,2,1.0833333333333333,0.3524229074889868,mixed,424000002,Round Robin,0.2784339093957158,0.13113050706566914,0.11696306429548566,0.38261790440329946,0.7537406483790523
12.0,1.0909090909090908,23.083333333333332,295.90972222222223,0.4166666666666667,2.6666666666666665,1.0555555555555556,1.1666666666666667,0.259927797833935,mixed,424000003,Round Robin,0.42256545379161364,0.1361706222500358,0.1252644942869234,0.376322471434617,0.7537726358148893
12.0,1.0,16.416666666666668,136.07638888888889,0.6666666666666666,3,2.8333333333333335,2.3333333333333335,0.766497461928934,mixed,424000004,Round Robin,0.2788354266748743,0.11444708680142689,0.1013986013986014,0.38199984185188085,0.7693222354340071
12.0,1.3333333333333333,18.083333333333332,131.74305555555554,0.6666666666666666,3.6666666666666665,1.5555555555555556,2.5833333333333335,0.8294930875576036,mixed,424000005,SJF,0.36032108189084633,0.11677115987460815,0.14329805996472664,0.4051386798333638,0.7703761755485894
12.0,2.0,20.833333333333332,221.97222222222223,0.5833333333333334,2.5,2.25,2.1666666666666665,0.736,mixed,424000006,SJF,0.3529919872313677,0.13098729227761485,0.13595106550907654,0.44549327612143685,0.7558651026392962
12.0,1.0909090909090908,14.75,104.6875,0.5833333333333334,3.1666666666666665,1.9722222222222223,2,0.807909604519774,mixed,424000007,Round Robin,0.37013821114372514,0.1597560975609756,0.12329885683179095,0.3787384731562166,0.7605691056910568
12.0,1.3333333333333333,13,34.166666666666664,0.5833333333333334,2.6666666666666665,2.0555555555555554,1.75,0.7051282051282052,mixed,424000008,Round Robin,0.29558718125526545,0.1452755905511811,0.13465723612622416,0.37612212596978645,0.7586614173228347
12.0,0.9230769230769231,19,223,0.5,2.75,2.0208333333333335,1.5,0.4956140350877193,mixed,424000009,SJF,0.354874670319969,0.11457260556127702,0.13125769407238072,0.4304158544024412,0.7579814624098867
12.0,1.0909090909090908,13.916666666666666,101.07638888888889,0.75,2.6666666666666665,2.7222222222222223,2.0833333333333335,0.9940119760479041,mixed,424000010,Round Robin,0.33231962791903036,0.12470167064439143,0.1082402234636872,0.29704160307659283,0.7744630071599046
12.0,1.3333333333333333,21.583333333333332,157.90972222222223,0.25,2.9166666666666665,2.2430555555555554,0.9166666666666666,0.18532818532818532,mixed,424000011,Round Robin,0.240184400901375,0.14987190435525194,0.12641937925813773,0.36544516588093723,0.7538428693424424
12.0,1.3333333333333333,26.75,321.8541666666667,0.5,2.8333333333333335,1.1388888888888888,2.0833333333333335,0.4672897196261682,mixed,424000012,Round Robin,0.3880819364899311,0.15854738706820193,0.13860103626943,0.34310233160621756,0.7557573073516386
12.0,1.0909090909090908,17,132.83333333333334,0.5833333333333334,3.4166666666666665,0.9097222222222222,2,0.7401960784313726,mixed,424000013,SJF,0.2852615857626291,0.12331081081081081,0.13339872486513,0.44652300547487267,0.7621058558558558
12.0,0.9230769230769231,24.916666666666668,258.90972222222223,0.4166666666666667,2.0833333333333335,2.2430555555555554,1.4166666666666667,0.3076923076923077,mixed,424000014,Round Robin,0.38708012259630936,0.1501851851851852,0.13515291022689907,0.3885442494030255,0.7542592592592592
12.0,0.75,18.916666666666668,135.90972222222223,0.5,3,1.6666666666666667,1.9166666666666667,0.5991189427312775,mixed,424000015,Round Robin,0.3405790940996797,0.13862397820163488,0.12026777469990767,0.34925839890224536,0.760558583106267
12.0,1.5,25.583333333333332,272.40972222222223,0.5,3.0833333333333335,1.9097222222222223,2,0.44625407166123776,mixed,424000016,Round Robin,0.3290779411506939,0.12215700660308142,0.11979522184300341,0.3712723153230048,0.7536683785766691
12.0,1.7142857142857142,16.166666666666668,175.13888888888889,0.5833333333333334,3.4166666666666665,2.4097222222222223,1.5,0.6391752577319587,mixed,424000017,Round Robin,0.30202398181767554,0.10286624203821655,0.10122520420070012,0.45534422622329146,0.7578048780487805
12.0,1.5,19.75,156.02083333333334,0.4166666666666667,3.4166666666666665,2.2430555555555554,1.25,0.2911392405063291,mixed,424000018,Round Robin,0.3476387075406656,0.23389458272327962,0.12538360368259535,0.3861111953094769,0.7646412884333822
12.0,1.0,15.833333333333334,54.80555555555556,0.4166666666666667,2.5,1.9166666666666667,1.5833333333333333,0.6736842105263158,mixed,424000019,Round Robin,0.2888986814631177,0.16559202813599064,0.13445378151260504,0.36676416169560005,0.757913247362251
12.0,0.9230769230769231,14.833333333333334,46.47222222222222,0.5833333333333334,2.25,2.3541666666666665,1.9166666666666667,0.848314606741573,mixed,424000020,Round Robin,0.29079448040107386,0.17133956386292834,0.1471556182416549,0.3633364095418236,0.7612928348909658
12.0,1.7142857142857142,17.25,91.02083333333333,0.5,2.5833333333333335,1.9097222222222223,1.8333333333333333,0.782608695652174,mixed,424000021,Round Robin,0.3304771993781314,0.23980978260869565,0.11122047244094488,0.3196456212358653,0.7540760869565217
12.0,1.0909090909090908,17.75,102.35416666666667,0.4166666666666667,3.4166666666666665,1.7430555555555556,1.4166666666666667,0.43661971830985913,mixed,424000022,Round Robin,0.307911147896672,0.15342227378190257,0.13964181994191674,0.34999216259019544,0.7621809744779582
12.0,2.0,13.166666666666666,15.472222222222221,0.5,2.6666666666666665,1.7222222222222223,1.8333333333333333,0.9177215189873418,mixed,424000023,Round Robin,0.2293218506490579,0.25,0.13109161793372318,0.33740410322870507,0.7543520309477756
12.0,1.3333333333333333,19.166666666666668,117.63888888888889,0.5,2.5,1.4166666666666667,2.25,0.7478260869565218,mixed,424000024,Round Robin,0.2614218930311398,0.15068829891838742,0.1346306592533757,0.4086026463124043,0.7561455260570304
12.0,1.2,19.333333333333332,98.38888888888889,0.4166666666666667,3.3333333333333335,2.7222222222222223,1.5833333333333333,0.46120689655172414,mixed,424000025,Round Robin,0.28988868291197406,0.2112676056338028,0.12339011217282922,0.31314914831740753,0.7591549295774648
12.0,1.7142857142857142,19.75,139.6875,0.4166666666666667,3.0833333333333335,3.076388888888889,1.6666666666666667,0.4641350210970464,mixed,424000026,Round Robin,0.3409735506023163,0.17338251986379113,0.14726594863297432,0.3784055034866059,0.7539727582292849
12.0,2.0,20.166666666666668,176.30555555555554,0.3333333333333333,3.8333333333333335,2.3055555555555554,1.5,0.5,mixed,424000027,Round Robin,0.39119868717054657,0.1573830534007005,0.13501094091903715,0.41102847727423636,0.7649907749077491
12.0,1.7142857142857142,17.666666666666668,86.38888888888889,0.75,2.75,2.3541666666666665,3,1.1886792452830188,mixed,424000028,Round Robin,0.2671987051407161,0.17423014586709887,0.11636532220676865,0.3462621499593527,0.766612641815235
12.0,1.5,20.583333333333332,73.40972222222223,0.25,2.8333333333333335,1.1388888888888888,1.3333333333333333,0.3522267206477733,mixed,424000029,Round Robin,0.30754587929762317,0.18120375215492715,0.12715368711233632,0.3367479959869994,0.7543215211754537
12.0,1.3333333333333333,18.666666666666668,232.72222222222223,0.6666666666666666,3.1666666666666665,1.9722222222222223,2.5,0.9241071428571429,mixed,424000030,SJF,0.34330904265437623,0.09722222222222221,0.10749868904037754,0.5227544116641207,0.7608251633986929
12.0,1.7142857142857142,15.416666666666666,97.24305555555556,0.75,3.1666666666666665,2.3055555555555554,2.5,1.037837837837838,mixed,424000031,Round Robin,0.28441494841179715,0.1645220588235294,0.12548262548262548,0.3804837207092846,0.7619485294117647
12.0,1.2,25,221.5,0.25,2.8333333333333335,2.138888888888889,1.5833333333333333,0.38,mixed,424000032,Round Robin,0.26478032431631293,0.14971550497866287,0.11765665796344645,0.4007771222269081,0.7571123755334281
12.0,0.8571428571428571,18.666666666666668,181.72222222222223,0.5,3.5833333333333335,1.9097222222222223,1.9166666666666667,0.5803571428571429,mixed,424000033,SJF,0.3073740934521046,0.12835947590765776,0.1355181576616475,0.41065657763563124,0.7612332695984704
12.0,0.9230769230769231,18.416666666666668,210.24305555555554,0.5,2.75,1.0208333333333333,1.75,0.5927601809954751,mixed,424000034,Round Robin,0.36419916860069274,0.16568483063328426,0.11677282377919321,0.42225331875013405,0.7610456553755522
12.0,1.5,23.166666666666668,211.63888888888889,0.5833333333333334,2.75,2.1875,2.5833333333333335,0.7086330935251799,mixed,424000035,SJF,0.30324830237440603,0.12920837124658782,0.1473246565437455,0.41514688420946916,0.755459508644222
12.0,1.0,17.25,71.1875,0.5833333333333334,2.75,1.3541666666666667,2.3333333333333335,0.7874396135265701,mixed,424000036,Round Robin,0.30716007079340374,0.18930521138372516,0.12783318223028103,0.39142446746781845,0.7526002971768202
12.0,1.3333333333333333,21.916666666666668,160.74305555555554,0.3333333333333333,3.3333333333333335,1.2222222222222223,1.4166666666666667,0.3916349809885932,mixed,424000037,Round Robin,0.38644210594294715,0.22003865979381446,0.13059273422562137,0.3306354108574994,0.7686855670103092
12.0,1.0,20.416666666666668,174.57638888888889,0.5,3,1.6666666666666667,1.9166666666666667,0.6489795918367347,mixed,424000038,Round Robin,0.34477926869761794,0.19020578201944627,0.12960609911054638,0.3495328948829091,0.7685873605947955
12.0,1.0909090909090908,17.833333333333332,106.97222222222223,0.5,2.5,1.9166666666666667,1.6666666666666667,0.5186915887850467,mixed,424000039,Round Robin,0.3387766716211972,0.1669535794723831,0.13093023255813954,0.3865726275375969,0.7609707446808511
12.0,1.3333333333333333,15.083333333333334,116.07638888888889,0.6666666666666666,2.9166666666666665,2.4097222222222223,2.25,0.9392265193370166,mixed,424000040,Round Robin,0.43439737029175424,0.1633211678832117,0.13313253012048193,0.2782178892597326,0.7609489051094891
12.0,0.9230769230769231,16.666666666666668,90.72222222222223,0.5,2.8333333333333335,1.9722222222222223,1.75,0.67,mixed,424000041,Round Robin,0.3622929900345341,0.18586421754389693,0.12965616045845274,0.38310442085816393,0.7528328611898016
12.0,1.7142857142857142,19.75,142.6875,0.4166666666666667,2.4166666666666665,1.5763888888888888,1.75,0.5654008438818565,mixed,424000042,Round Robin,0.2670124384254222,0.13344277673545968,0.11901865369018652,0.4009621698117656,0.7596153846153846
12.0,0.9230769230769231,14.833333333333334,92.97222222222223,0.75,3.4166666666666665,1.5763888888888888,2.3333333333333335,1.247191011235955,mixed,424000043,Round Robin,0.32957266223562454,0.12934027777777776,0.1276849642004773,0.4046146772877083,0.7769097222222222
12.0,1.0909090909090908,15,136.66666666666666,0.75,3.1666666666666665,1.1388888888888888,2.5,1.0944444444444446,mixed,424000044,Round Robin,0.3430576597719722,0.1618984119886206,0.12413139608338597,0.3593243335325399,0.7830490405117271
12.0,1.0,23.5,172.08333333333334,0.3333333333333333,3.5833333333333335,1.4097222222222223,1.5,0.40425531914893614,mixed,424000045,SJF,0.26952504080852985,0.11823181049069374,0.11921835783434925,0.3291143400687419,0.7548646362098139
12.0,0.8571428571428571,23.75,142.35416666666666,0.25,2.4166666666666665,3.076388888888889,1.0833333333333333,0.23508771929824562,mixed,424000046,Round Robin,0.34770094845306326,0.20419878218586449,0.13666044776119404,0.35388198446815244,0.7552415679124886
12.0,1.2,15.833333333333334,36.30555555555556,0.5,3,1.5,1.9166666666666667,0.9263157894736842,mixed,424000047,Round Robin,0.2722153497982666,0.20777777777777778,0.13722051731696625,0.3475570803807243,0.7625925925925926
12.0,0.9230769230769231,26.5,319.0833333333333,0.4166666666666667,2.75,2.0208333333333335,1.5,0.2893081761006289,mixed,424000048,Round Robin,0.4175103386508268,0.20409765355417528,0.12243058059862967,0.2893076090876307,0.7526455026455026
12.0,1.2,18.5,184.75,0.5833333333333334,3,2.3333333333333335,2.1666666666666665,0.8063063063063063,mixed,424000049,Round Robin,0.3328483187784984,0.15013787706287532,0.12332738626226582,0.41235330686424493,0.7559288537549407
12.0,1.0909090909090908,19,200.16666666666666,0.5,2.6666666666666665,1.0555555555555556,1.4166666666666667,0.40789473684210525,mixed,424000050,Round Robin,0.46953833143228624,0.1665402124430956,0.13219829744616926,0.35434188926274707,0.7579666160849772
12.0,0.9230769230769231,23.333333333333332,122.72222222222223,0.16666666666666666,3.1666666666666665,2.3055555555555554,1,0.16071428571428573,mixed,424000051,Round Robin,0.2431210847183634,0.1968090584397776,0.1341542449773169,0.28927920169745824,0.7538531278331821
12.0,1.2,14.916666666666666,43.74305555555556,0.5,2.9166666666666665,2.576388888888889,1.6666666666666667,0.6424581005586593,mixed,424000052,Round Robin,0.2752006648402706,0.1447225244831338,0.13010555300596605,0.3852174669576716,0.7627856365614798
12.0,1.3333333333333333,14.833333333333334,42.30555555555556,0.4166666666666667,3.3333333333333335,0.7222222222222222,1,0.43820224719101125,mixed,424000053,Round Robin,0.32841110048037025,0.16882750845546785,0.14184397163120568,0.32380600585387814,0.7691657271702368
12.0,0.8,12.583333333333334,20.57638888888889,0.8333333333333334,3.4166666666666665,2.4097222222222223,2.6666666666666665,1.4635761589403973,mixed,424000054,Round Robin,0.1372125992804799,0.1930091185410334,0.1059765865680838,0.2900465415377462,0.8092705167173252
12.0,1.2,22.083333333333332,127.07638888888889,0.4166666666666667,3.75,1.8541666666666667,1.8333333333333333,0.4528301886792453,mixed,424000055,Round Robin,0.31187041851177116,0.22594093458755113,0.16115011701771983,0.342020248656825,0.7630385487528344
12.0,0.8571428571428571,26.916666666666668,274.5763888888889,0.4166666666666667,3.4166666666666665,1.9097222222222223,1.5833333333333333,0.2724458204334365,mixed,424000056,SJF,0.35576188476590576,0.13140161725067384,0.13857098669965975,0.36770931718367356,0.7543800539083558
12.0,1.3333333333333333,14.833333333333334,97.63888888888889,0.6666666666666666,2.4166666666666665,1.7430555555555556,2,0.9550561797752809,mixed,424000057,Round Robin,0.2991838348540402,0.1390117994100295,0.1236215902495647,0.3598247968659315,0.7621681415929203
12.0,0.9230769230769231,15,49.833333333333336,0.5833333333333334,2.8333333333333335,1.6388888888888888,2,0.75,mixed,424000058,Round Robin,0.27141061926339927,0.17714285714285716,0.13687943262411348,0.3788474333384513,0.76
12.0,1.2,23.5,90.75,0.3333333333333333,3.5833333333333335,1.2430555555555556,1.9166666666666667,0.5035460992907801,mixed,424000059,Round Robin,0.24744649640106764,0.16174183514774496,0.12056074766355143,0.3354395211038021,0.755054432348367
12.0,0.9230769230769231,18.916666666666668,109.40972222222223,0.5,2.5833333333333335,1.5763888888888888,2.4166666666666665,0.8546255506607929,mixed,424000060,Round Robin,0.3103625676471173,0.17320703653585925,0.13994045087196938,0.34295374492164166,0.7611637347767253
12.0,1.3333333333333333,20.833333333333332,120.80555555555556,0.3333333333333333,2.3333333333333335,2.2222222222222223,1.4166666666666667,0.46,mixed,424000061,Round Robin,0.26236796835398085,0.18577755905511809,0.11750095529231944,0.340539892630016,0.7514763779527559
12.0,1.3333333333333333,13,125.83333333333333,0.75,3.5833333333333335,0.5763888888888888,2.1666666666666665,1.2820512820512822,mixed,424000062,Round Robin,0.338897042453637,0.18292163395002445,0.11,0.4075318839761858,0.7848837209302326
12.0,0.75,15.583333333333334,85.07638888888889,0.6666666666666666,3.4166666666666665,1.4097222222222223,2.5,1.1925133689839573,mixed,424000063,Round Robin,0.25375546720821973,0.12305900621118011,0.11510225485055058,0.36989422368070624,0.7670807453416149
12.0,1.0,16.5,158.25,0.6666666666666666,2.25,1.5208333333333333,2.5,1.0757575757575757,mixed,424000064,SJF,0.30484699372069524,0.10557959630019954,0.14205092522642185,0.4329253773989237,0.7615819209039548
12.0,1.2,13.333333333333334,49.72222222222222,0.6666666666666666,3,1.5,2.25,1.075,mixed,424000065,Round Robin,0.2546504190842161,0.16284860557768926,0.11760085127189224,0.3286094048826937,0.7634462151394422
12.0,2.4,13.666666666666666,59.55555555555556,0.5833333333333334,3.3333333333333335,2.5555555555555554,1.9166666666666667,0.9634146341463414,mixed,424000066,SJF,0.33906798337146965,0.12465940054495912,0.1440531177829099,0.4179157255369726,0.7649863760217983
12.0,0.9230769230769231,14.583333333333334,76.24305555555556,0.5833333333333334,2.9166666666666665,1.9097222222222223,2.0833333333333335,0.8857142857142857,mixed,424000067,Round Robin,0.3209614320272071,0.14505247376311844,0.13238702201622246,0.3747801009284501,0.77023988005997
12.0,0.75,13.5,168.08333333333334,0.75,3.4166666666666665,0.7430555555555556,2.0833333333333335,1.1604938271604939,mixed,424000068,Round Robin,0.44794181685217094,0.16885964912280704,0.12099014398971739,0.3180713240167504,0.7982456140350878
12.0,1.0,11.166666666666666,20.805555555555557,0.5833333333333334,1.8333333333333333,1.3055555555555556,1.6666666666666667,1.0895522388059702,mixed,424000069,Round Robin,0.3531894506725246,0.21087533156498675,0.17312171207757612,0.3935863897169362,0.7639257294429709
12.0,0.9230769230769231,17.75,132.02083333333334,0.5,3.4166666666666665,2.4097222222222223,1.8333333333333333,0.6431924882629108,mixed,424000070,Round Robin,0.3583372558756491,0.156856403622251,0.1326097215667768,0.3878365390298437,0.7616429495472186
12.0,1.0909090909090908,20.916666666666668,177.24305555555554,0.5,3.0833333333333335,2.576388888888889,1.9166666666666667,0.5617529880478087,mixed,424000071,Round Robin,0.3340253789791064,0.15002411537737625,0.13404771532551557,0.39898090061439045,0.7582859848484849
12.0,1.0,15.25,36.1875,0.4166666666666667,3.1666666666666665,1.6388888888888888,1.5,0.7486338797814208,mixed,424000072,Round Robin,0.23613107828883484,0.2136913767019667,0.11646110056925994,0.3075223637842234,0.7560514372163389
12.0,1.5,12.666666666666666,78.22222222222223,0.5,3.1666666666666665,1.9722222222222223,1.1666666666666667,0.506578947368421,mixed,424000073,Round Robin,0.40884717927935066,0.22348484848484848,0.14779270633397312,0.36336768830055916,0.7632575757575757
12.0,1.2,21.5,234.75,0.5,2.25,1.1875,1.8333333333333333,0.5193798449612403,mixed,424000074,Round Robin,0.36722769188224336,0.16559953434225844,0.14323258869908018,0.3768624905326391,0.7566938300349244
12.0,2.0,22.583333333333332,117.07638888888889,0.4166666666666667,3.1666666666666665,1.9722222222222223,2.0833333333333335,0.5350553505535055,mixed,424000075,Round Robin,0.2662019067410765,0.17056788939975845,0.15147886783907002,0.3447556615017879,0.7575881870385561
12.0,1.0909090909090908,17.833333333333332,75.13888888888889,0.5,3,1.3333333333333333,2,0.8457943925233645,mixed,424000076,Round Robin,0.32612833359767607,0.1926070038910506,0.13895680521597392,0.3713700845558272,0.7584306095979247
12.0,1.0,18.333333333333332,153.72222222222223,0.5,2.75,1.8541666666666667,1.9166666666666667,0.55,mixed,424000077,Round Robin,0.35555866909287187,0.17688679245283018,0.14091122592766556,0.36049481614309287,0.7651617250673854
12.0,0.8,24.833333333333332,251.47222222222223,0.5,2.75,1.6875,2.1666666666666665,0.43288590604026844,mixed,424000078,Round Robin,0.4329501346448893,0.20761715123410998,0.1503663003663004,0.3477129618380095,0.7645381984036488
12.0,1.2,20.833333333333332,187.63888888888889,0.4166666666666667,3.25,1.6875,1.5,0.324,mixed,424000079,Round Robin,0.3698707716583139,0.1647557328015952,0.1489983305509182,0.3673875124410515,0.7622133599202392
12.0,1.0909090909090908,19.666666666666668,185.22222222222223,0.5833333333333334,2.8333333333333335,2.138888888888889,2,0.5423728813559322,mixed,424000080,Round Robin,0.3925948845381641,0.15625,0.13454288407163056,0.3309436188164349,0.7650462962962963
12.0,1.0909090909090908,11.5,30.583333333333332,0.8333333333333334,2.4166666666666665,1.7430555555555556,2.8333333333333335,1.6304347826086956,mixed,424000081,Round Robin,0.190043621211628,0.11757828064028537,0.10908272414430566,0.34992593035437336,0.7777149321266968
12.0,1.7142857142857142,16.583333333333332,117.74305555555556,0.6666666666666666,2.75,1.5208333333333333,2.3333333333333335,0.7487437185929648,mixed,424000082,Round Robin,0.3591308075434416,0.15809379727685324,0.13936170212765958,0.3629197804403545,0.7598335854765507
12.0,0.9230769230769231,16.25,103.35416666666667,0.5,3,1.6666666666666667,1.75,0.6974358974358974,mixed,424000083,Round Robin,0.3495402238137654,0.1766304347826087,0.1492462311557789,0.3501357632439873,0.7597049689440993
12.0,1.0,19.416666666666668,72.74305555555556,0.16666666666666666,2.4166666666666665,2.076388888888889,1,0.37339055793991416,mixed,424000084,Round Robin,0.2192849197654381,0.17398049645390073,0.12694113398338752,0.3702090922143105,0.7535460992907801
12.0,1.0909090909090908,20,133.5,0.5,3.1666666666666665,1.4722222222222223,2.1666666666666665,0.65,mixed,424000085,SJF,0.2987308988630023,0.12451133698201722,0.13948339483394834,0.39405804328313554,0.7593823299452698
12.0,1.0,24.416666666666668,230.07638888888889,0.3333333333333333,3,1.5,1.3333333333333333,0.2935153583617747,mixed,424000086,Round Robin,0.35543033304952504,0.14580181543116488,0.12938970337538358,0.3634101330355467,0.7592662632375189
12.0,0.8571428571428571,20.166666666666668,149.80555555555554,0.5833333333333334,2.75,1.0208333333333333,2.25,0.6900826446280992,mixed,424000087,Round Robin,0.31771530798111597,0.1445578231292517,0.12807377049180324,0.41340114009767076,0.7610544217687074
12.0,1.0909090909090908,21.083333333333332,245.74305555555554,0.5,2.9166666666666665,1.9097222222222223,2,0.5968379446640316,mixed,424000088,Round Robin,0.38387390598994764,0.16465621230398067,0.14598084131611827,0.36892815149268987,0.7629674306393245
12.0,1.0,20.833333333333332,177.47222222222223,0.4166666666666667,2.3333333333333335,2.5555555555555554,1.6666666666666667,0.576,mixed,424000089,Round Robin,0.37849502673310237,0.19070152245420072,0.11866501854140916,0.3713431707350138,0.7511792452830188
12.0,0.8,16.166666666666668,110.13888888888889,0.5,3,1.8333333333333333,2.1666666666666665,0.9072164948453608,mixed,424000090,Round Robin,0.3143013257476934,0.20466853937560056,0.14005305039787797,0.39624818631588254,0.7724770642201835
12.0,1.0909090909090908,14.916666666666666,73.40972222222223,0.6666666666666666,2.5,1.5833333333333333,1.9166666666666667,0.8268156424581006,mixed,424000091,Round Robin,0.3925656222724176,0.21817129629629628,0.12924970691676435,0.3896628581521399,0.7662037037037037
12.0,1.0909090909090908,19.416666666666668,179.40972222222223,0.4166666666666667,2.8333333333333335,2.3055555555555554,1.5,0.39914163090128757,mixed,424000092,SJF,0.2977520229889813,0.1023925385239254,0.13705697622252133,0.4409412018623223,0.7585158150851581
12.0,2.4,17.166666666666668,167.63888888888889,0.5833333333333334,3.1666666666666665,1.6388888888888888,2,0.558252427184466,mixed,424000093,SJF,0.3655065522392314,0.1319534282018111,0.1323529411764706,0.39421458966952605,0.7639068564036222
12.0,1.7142857142857142,21,90,0.25,2.6666666666666665,2.2222222222222223,0.8333333333333334,0.17857142857142858,mixed,424000094,Round Robin,0.28875156513886524,0.18202668890742288,0.1241531165311653,0.32811553053992076,0.7520850708924103
12.0,0.75,20.333333333333332,62.72222222222222,0.25,3.3333333333333335,1.0555555555555556,1.5,0.5081967213114754,mixed,424000095,Round Robin,0.2993834103337547,0.20120041753653445,0.12790311877903118,0.29483795757510434,0.7609603340292276
12.0,1.2,18.833333333333332,164.97222222222223,0.5,3.8333333333333335,2.9722222222222223,1.5833333333333333,0.4557522123893805,mixed,424000096,Round Robin,0.4284024832366295,0.22934595524956972,0.10926966292134832,0.30240806856275565,0.7689328743545611
12.0,2.0,28.083333333333332,214.57638888888889,0.16666666666666666,3.0833333333333335,2.076388888888889,0.75,0.08011869436201781,mixed,424000097,Round Robin,0.2845279551986317,0.1621577307988277,0.1332966125034426,0.30246488570641694,0.7546604527296937
12.0,1.3333333333333333,21.583333333333332,202.40972222222223,0.3333333333333333,3.4166666666666665,2.2430555555555554,1.25,0.28957528957528955,mixed,424000098,SJF,0.327907555148359,0.12145049884881043,0.13624031007751936,0.38298533125042983,0.7555640828856485
12.0,1.3333333333333333,13,79.33333333333333,0.4166666666666667,3.5,1.4166666666666667,1.0833333333333333,0.5192307692307693,mixed,424000099,SJF,0.3547820817829611,0.13833075734157652,0.14879005886200128,0.40264392933836324,0.768160741885626
12.0,1.3333333333333333,14.25,60.854166666666664,0.5833333333333334,3.25,2.5208333333333335,1.8333333333333333,0.7368421052631579,mixed,424000100,Round Robin,0.30744926429419916,0.1689740698201667,0.12165924276169263,0.3417882259860751,0.7626811594202898
12.0,1.0,22.25,224.85416666666666,0.4166666666666667,3.0833333333333335,2.4097222222222223,1.5833333333333333,0.46441947565543074,mixed,424000101,Round Robin,0.37925360350023923,0.16182037768994287,0.1333333333333333,0.375609756097561,0.7663888888888889
12.0,1.2,18.083333333333332,98.90972222222223,0.5,3.0833333333333335,1.7430555555555556,1.75,0.5023041474654378,mixed,424000102,Round Robin,0.3173768785688721,0.15261341222879685,0.12928416485900218,0.37661240402088136,0.7618343195266273
12.0,1.3333333333333333,15.583333333333334,61.076388888888886,0.4166666666666667,3.8333333333333335,1.3055555555555556,1.1666666666666667,0.40106951871657753,mixed,424000103,Round Robin,0.33300042970221216,0.15342227378190257,0.14909781576448244,0.3954418699120048,0.7630510440835268
12.0,1.3333333333333333,18.333333333333332,189.38888888888889,0.5,3.1666666666666665,1.9722222222222223,1.5,0.4681818181818182,mixed,424000104,Round Robin,0.43363142638604313,0.1851032448377581,0.15245413981160139,0.388974371133905,0.7706489675516224
12.0,1.0909090909090908,15.75,43.020833333333336,0.6666666666666666,3.25,1.8541666666666667,2.9166666666666665,1.2116402116402116,mixed,424000105,Round Robin,0.1909443943838564,0.13776178010471202,0.12340237990304098,0.3564132285361967,0.7650523560209423
12.0,1.0909090909090908,15.166666666666666,98.97222222222223,0.6666666666666666,3,2.3333333333333335,2.3333333333333335,1.054945054945055,mixed,424000106,Round Robin,0.2647590410103855,0.1251778093883357,0.11292166952544311,0.400042369061064,0.7617354196301565
12.0,1.0909090909090908,21.166666666666668,148.30555555555554,0.3333333333333333,3.1666666666666665,1.6388888888888888,1.3333333333333333,0.21653543307086615,mixed,424000107,Round Robin,0.30814920047676286,0.1524644430213694,0.13226181254841213,0.35561126797917125,0.7597911227154047
12.0,1.3333333333333333,20,111.33333333333333,0.5833333333333334,3.1666666666666665,2.3055555555555554,2.1666666666666665,0.7333333333333333,mixed,424000108,Round Robin,0.291098859905695,0.1738431876606684,0.11657597321054834,0.3186700651189636,0.7567480719794344
12.0,1.3333333333333333,18.916666666666668,167.57638888888889,0.5,3.9166666666666665,1.7430555555555556,1.9166666666666667,0.6960352422907489,mixed,424000109,Round Robin,0.30211002738185366,0.15259740259740256,0.13151769087523277,0.4096706807647154,0.7591499409681228
12.0,1.5,18.333333333333332,226.55555555555554,0.6666666666666666,2.5833333333333335,1.7430555555555556,2.25,0.85,mixed,424000110,SJF,0.33223161866088163,0.09319545700295809,0.12345090562440417,0.5198565795044521,0.7568259385665529
12.0,1.7142857142857142,22.916666666666668,213.74305555555554,0.25,3.0833333333333335,1.9097222222222223,0.9166666666666666,0.3018181818181818,mixed,424000111,Round Robin,0.3513462485191997,0.16972477064220184,0.13891853432942014,0.3573371493333178,0.7559633027522936
12.0,1.2,12.416666666666666,59.74305555555556,0.75,3.0833333333333335,0.9097222222222222,2,1.0738255033557047,mixed,424000112,Round Robin,0.3358038608368214,0.16860465116279072,0.10869565217391301,0.3829261550415396,0.7724252491694352
12.0,1.2,22.916666666666668,149.90972222222223,0.25,2.5833333333333335,1.7430555555555556,1.1666666666666667,0.2545454545454545,mixed,424000113,Round Robin,0.2551835653918703,0.1570915619389587,0.11660415956358676,0.3479842591019761,0.752019748653501
12.0,1.3333333333333333,24.916666666666668,232.24305555555554,0.25,2.5,2.4166666666666665,1.1666666666666667,0.1806020066889632,mixed,424000114,Round Robin,0.2913182853298994,0.16034011892181807,0.13449097718760641,0.3189479060265577,0.7546491969568893
12.0,1.3333333333333333,18.75,93.02083333333333,0.4166666666666667,2.75,1.3541666666666667,1.75,0.6044444444444445,mixed,424000115,Round Robin,0.3120345064460802,0.2114948240656325,0.13028169014084506,0.3232266977925849,0.7588932806324111
12.0,1.0,14.666666666666666,41.05555555555556,0.6666666666666666,2.4166666666666665,2.2430555555555554,2.5833333333333335,1.1818181818181819,mixed,424000116,Round Robin,0.2564534286007074,0.1799660441426146,0.14970930232558138,0.40253524059528983,0.7678268251273345
12.0,1.3333333333333333,20.666666666666668,217.05555555555554,0.4166666666666667,2.75,0.8541666666666666,1.75,0.5161290322580645,mixed,424000117,Round Robin,0.31903845561462574,0.17216413092398233,0.14075010535187527,0.3585124315212811,0.7585034013605443
12.0,1.3333333333333333,13.083333333333334,47.90972222222222,0.5833333333333334,2.6666666666666665,1.2222222222222223,1.6666666666666667,0.821656050955414,mixed,424000118,Round Robin,0.303756581369933,0.17647058823529413,0.1280193236714976,0.40777681553066836,0.7533206831119544
12.0,1.5,23.833333333333332,294.80555555555554,0.4166666666666667,2.75,2.5208333333333335,1.6666666666666667,0.3356643356643357,mixed,424000119,SJF,0.2808748162809296,0.11361754966887416,0.11903077467279802,0.41200919702865224,0.7576572847682119
12.0,1.2,16.083333333333332,104.40972222222223,0.6666666666666666,2.0833333333333335,1.0763888888888888,2.5,1.0259067357512954,mixed,424000120,Round Robin,0.27000395507363756,0.19609329467744047,0.12456489308801591,0.373766975433565,0.7706692913385826
12.0,0.8571428571428571,16.75,70.35416666666667,0.3333333333333333,3.3333333333333335,1.5555555555555556,0.75,0.2736318407960199,mixed,424000121,Round Robin,0.27435749492145894,0.1823562570462232,0.12561466249441217,0.37120203299636534,0.7629650507328072
12.0,0.75,11.833333333333334,26.47222222222222,0.6666666666666666,3.0833333333333335,1.5763888888888888,2.1666666666666665,1.4014084507042253,mixed,424000122,Round Robin,0.27435558915170194,0.1456043956043956,0.10637019230769232,0.332075916060291,0.7818681318681319
12.0,0.9230769230769231,19.75,82.02083333333333,0.3333333333333333,3.3333333333333335,1.5555555555555556,1.6666666666666667,0.5654008438818565,mixed,424000123,Round Robin,0.25974474133410586,0.17454268292682928,0.11042084168336672,0.3145495407980426,0.7672764227642277
12.0,1.3333333333333333,21.083333333333332,225.40972222222223,0.5,2.8333333333333335,1.9722222222222223,1.9166666666666667,0.5454545454545454,mixed,424000124,SJF,0.3536601800884208,0.13929773801573725,0.1448484848484848,0.4404013986366927,0.7595753538717736
12.0,1.0909090909090908,21.333333333333332,220.38888888888889,0.4166666666666667,2.4166666666666665,1.2430555555555556,1.4166666666666667,0.31640625,mixed,424000125,SJF,0.3401321160453584,0.11970746728252503,0.12665066026410562,0.4342711573431709,0.7515396458814473
12.0,0.9230769230769231,22.916666666666668,167.40972222222223,0.16666666666666666,2.6666666666666665,1.3888888888888888,0.75,0.1709090909090909,mixed,424000126,Round Robin,0.3113973563970036,0.16601222337354996,0.13636363636363638,0.34312638580931265,0.7525370804059328
12.0,1.0,20.083333333333332,146.40972222222223,0.3333333333333333,3.25,2.1875,1,0.2697095435684647,mixed,424000127,Round Robin,0.3202622711576272,0.17748958057549416,0.1397736797988265,0.3602263202011735,0.7631164742917104
12.0,2.0,19.166666666666668,177.97222222222223,0.3333333333333333,3.1666666666666665,1.6388888888888888,1.25,0.3347826086956522,mixed,424000128,Round Robin,0.3426861908618123,0.17385057471264367,0.10306553911205073,0.322759852104098,0.757183908045977
12.0,0.9230769230769231,24.333333333333332,156.88888888888889,0.3333333333333333,4.083333333333333,1.4097222222222223,1.75,0.4897260273972603,mixed,424000129,Round Robin,0.3436124027982482,0.1771460843373494,0.13648041104688502,0.37506307918157633,0.7580948795180723
12.0,1.0,17.833333333333332,82.80555555555556,0.3333333333333333,3.5,2.5833333333333335,1.3333333333333333,0.5887850467289719,mixed,424000130,Round Robin,0.34731491465537817,0.21228868660598182,0.14203645007923932,0.3465593081350235,0.7682054616384916
12.0,1.0,18.75,132.52083333333334,0.5,3.4166666666666665,1.7430555555555556,1.75,0.5688888888888889,mixed,424000131,Round Robin,0.35797501455897507,0.18323529411764705,0.1436970837253057,0.4103902721612035,0.7608823529411765
12.0,1.5,15.916666666666666,63.90972222222222,0.4166666666666667,2.8333333333333335,1.8055555555555556,1.75,0.7591623036649214,mixed,424000132,Round Robin,0.2812773514965142,0.16737804878048781,0.10973187686196624,0.3648534892025725,0.7594512195121952
12.0,1.3333333333333333,19.25,178.85416666666666,0.3333333333333333,3.4166666666666665,0.7430555555555556,1.25,0.33766233766233766,mixed,424000133,SJF,0.29432663023587186,0.12105649412892405,0.13647798742138365,0.4377515934604721,0.7608326253186066
12.0,1.2,16.666666666666668,217.72222222222223,0.6666666666666666,2.9166666666666665,1.9097222222222223,2.0833333333333335,0.855,mixed,424000134,SJF,0.32047862379397596,0.10374554102259216,0.12580645161290321,0.4220043198278974,0.7660523186682521
12.0,1.0,17,68.16666666666667,0.5833333333333334,2.6666666666666665,1.7222222222222223,2.5,0.8872549019607843,mixed,424000135,Round Robin,0.3036043577390727,0.17368968682786531,0.14312578353531133,0.36651883033843524,0.7630834512022631
12.0,0.8571428571428571,17.833333333333332,133.80555555555554,0.4166666666666667,3.4166666666666665,1.4097222222222223,1.25,0.40654205607476634,mixed,424000136,Round Robin,0.38966490589705766,0.16226993865030678,0.13965517241379305,0.42568876644152154,0.7644171779141105
12.0,1.7142857142857142,17.833333333333332,89.30555555555556,0.3333333333333333,2.6666666666666665,1.7222222222222223,0.8333333333333334,0.24299065420560748,mixed,424000137,Round Robin,0.3489149633274793,0.1404602109300096,0.13971807628524047,0.3357159142726858,0.7576701821668265
12.0,0.9230769230769231,18.416666666666668,151.24305555555554,0.5833333333333334,3.0833333333333335,1.7430555555555556,2.1666666666666665,0.8144796380090498,mixed,424000138,Round Robin,0.3483050761605903,0.12682215743440234,0.11070496083550918,0.4105201669463063,0.7548590864917395
12.0,1.3333333333333333,19.833333333333332,294.47222222222223,0.6666666666666666,3.25,1.6875,2,0.5840336134453782,mixed,424000139,SJF,0.41275398605054264,0.11231101511879048,0.13841254287114158,0.4367292368788024,0.7653887688984882
12.0,1.5,20.916666666666668,172.74305555555554,0.5833333333333334,3.75,1.5208333333333333,2.1666666666666665,0.6892430278884463,mixed,424000140,Round Robin,0.31862625401467776,0.15930113052415212,0.10519536281665952,0.3701817384760992,0.7643884892086331
12.0,0.75,18,96.83333333333333,0.6666666666666666,3.3333333333333335,2.0555555555555554,2.5,0.8564814814814815,mixed,424000141,Round Robin,0.3565263119477343,0.24825174825174826,0.1233115468409586,0.3458320406718407,0.7692307692307692
12.0,1.0909090909090908,14.583333333333334,130.07638888888889,0.5,4.25,0.8541666666666666,1.4166666666666667,0.5771428571428572,mixed,424000142,SJF,0.32170808614178803,0.10526315789473684,0.11764705882352942,0.46519844410127725,0.762280701754386
12.0,1.7142857142857142,25.25,112.85416666666667,0.16666666666666666,2.4166666666666665,1.7430555555555556,1.25,0.26732673267326734,mixed,424000143,Round Robin,0.273017826246834,0.18587521663778162,0.1057444984281223,0.2714346956273221,0.7534662045060658
12.0,1.5,13.75,83.6875,0.5833333333333334,2.8333333333333335,2.138888888888889,1.75,0.6909090909090909,mixed,424000144,SJF,0.22811293095966503,0.1298611111111111,0.1341534856473345,0.38280121070103496,0.7663194444444444
12.0,1.0,12.166666666666666,62.638888888888886,0.75,2.3333333333333335,1.5555555555555556,2.25,1.178082191780822,mixed,424000145,SJF,0.2614249139576634,0.10892116182572613,0.11268603827073,0.4287768992286193,0.7707468879668049
12.0,2.0,23.916666666666668,231.07638888888889,0.4166666666666667,3.5,2.4166666666666665,2,0.4843205574912892,mixed,424000146,Round Robin,0.2802909856256543,0.16141732283464566,0.13587134886773877,0.3803948103064502,0.7563429571303587
12.0,0.8,22.083333333333332,230.90972222222223,0.5,3.8333333333333335,0.9722222222222222,1.9166666666666667,0.5169811320754717,mixed,424000147,Round Robin,0.4156014189793458,0.1376779359430605,0.1109631602308034,0.3818481087378405,0.7540035587188612
12.0,1.7142857142857142,15,140.5,0.75,3.0833333333333335,1.7430555555555556,2.0833333333333335,0.8777777777777778,mixed,424000148,SJF,0.30182780361533623,0.06078860898138007,0.12091301665638494,0.5053326945078305,0.7571193866374589
12.0,1.3333333333333333,19.75,91.1875,0.3333333333333333,3.3333333333333335,1.8888888888888888,1.3333333333333333,0.35864978902953587,mixed,424000149,Round Robin,0.23957418922597992,0.15034965034965034,0.1359632324779778,0.39076565780253053,0.7593968531468531
12.0,0.7058823529411765,20.083333333333332,240.24305555555554,0.5,3.75,2.0208333333333335,1.9166666666666667,0.4854771784232365,mixed,424000150,SJF,0.3291215054441739,0.09632838283828382,0.12025862068965519,0.5052149054216184,0.7568069306930694
12.0,1.5,12.916666666666666,41.576388888888886,0.75,3.0833333333333335,2.4097222222222223,2.25,1.2451612903225806,mixed,424000151,SJF,0.2807188522591402,0.12077067669172932,0.12098188194038573,0.32305669199298653,0.7650375939849624
12.0,0.9230769230769231,23.666666666666668,169.72222222222223,0.3333333333333333,3.25,1.8541666666666667,1.25,0.2746478873239437,mixed,424000152,Round Robin,0.30279110331148446,0.16027020843816056,0.1383957922419461,0.35580265300634767,0.760387323943662
12.0,1.5,13,81.83333333333333,0.5833333333333334,3.4166666666666665,1.0763888888888888,1.75,0.9102564102564102,mixed,424000153,SJF,0.35397472054965207,0.12479131886477464,0.13708563535911605,0.4578573212223367,0.763355592654424
12.0,1.5,15,134.83333333333334,0.75,3.25,2.1875,2.0833333333333335,0.9,mixed,424000154,Round Robin,0.3476509496351765,0.15769777807280952,0.11049382716049384,0.35871889442449056,0.7729885057471264
12.0,1.2,19.75,206.1875,0.5,3.1666666666666665,1.9722222222222223,1.5,0.510548523206751,mixed,424000155,Round Robin,0.410866907690714,0.1499413145539906,0.13095238095238093,0.38646384479717816,0.755575117370892
12.0,1.3333333333333333,16.25,89.1875,0.5833333333333334,2.75,2.6875,1.75,0.6307692307692307,mixed,424000156,Round Robin,0.3088736569364041,0.15088105726872247,0.14113110539845758,0.4266986743283432,0.7646842878120411
12.0,0.8571428571428571,21.75,139.35416666666666,0.25,3.4166666666666665,2.076388888888889,0.9166666666666666,0.210727969348659,mixed,424000157,Round Robin,0.30625503689994144,0.1906614785992218,0.1301446051167964,0.30895439377085654,0.7563229571984436
12.0,1.2,15.083333333333334,190.24305555555554,0.6666666666666666,3,2,1.6666666666666667,0.6850828729281768,mixed,424000158,Round Robin,0.6103736241605721,0.23918675254091445,0.06011183597390492,0.34319664492078283,0.7554466230936819
12.0,1.3333333333333333,13.416666666666666,25.07638888888889,0.5833333333333334,3,1,1.9166666666666667,0.9006211180124224,mixed,424000159,Round Robin,0.23356398026821099,0.25,0.11576455264373565,0.28628339041623396,0.7596590909090909
12.0,1.0909090909090908,18.5,94.58333333333333,0.5833333333333334,3.25,1.6875,2.25,0.6531531531531531,mixed,424000160,Round Robin,0.2884541710221481,0.1704268292682927,0.13542544229149112,0.3585430462950894,0.7603658536585366
12.0,1.2,15,149,0.75,2.75,1.6875,2.3333333333333335,0.8944444444444445,mixed,424000161,SJF,0.251614473326504,0.07435344827586207,0.10835913312693499,0.4646461733932026,0.7626616379310345
12.0,1.0,14.416666666666666,40.74305555555556,0.75,2.75,2.3541666666666665,2.8333333333333335,1.329479768786127,mixed,424000162,Round Robin,0.2070811890478206,0.14570858283433133,0.10899111343439621,0.33292882035197763,0.7679640718562875
12.0,1.2,12.666666666666666,29.72222222222222,0.5,3.0833333333333335,2.576388888888889,1.3333333333333333,0.7368421052631579,mixed,424000163,Round Robin,0.2769261067654064,0.17850467289719626,0.1339964891749561,0.38200547613947267,0.7724299065420561
12.0,0.9230769230769231,15.166666666666666,87.97222222222223,0.6666666666666666,2.5,2.0833333333333335,2.0833333333333335,0.7967032967032966,mixed,424000164,Round Robin,0.40699450213805743,0.16176470588235295,0.15058032987171655,0.31724379376660844,0.7708333333333333
12.0,3.0,20.916666666666668,234.07638888888889,0.5,2.3333333333333335,1.3888888888888888,1.75,0.4940239043824701,mixed,424000165,Round Robin,0.38124054345284,0.1698008849557522,0.14136904761904762,0.450454095584,0.7577433628318584
12.0,3.0,15,77.83333333333333,0.5,3.1666666666666665,2.8055555555555554,1.5833333333333333,0.5944444444444444,mixed,424000166,Round Robin,0.353498823010762,0.14348533991834794,0.13748118414450577,0.4019203368662707,0.7604042806183116
12.0,1.2,21.666666666666668,200.22222222222223,0.5833333333333334,2.75,2.3541666666666665,2.0833333333333335,0.5307692307692308,mixed,424000167,Round Robin,0.31603739523711794,0.13099547511312215,0.12429605792437652,0.3903678024322096,0.7574660633484163
12.0,1.2,27.083333333333332,177.90972222222223,0.16666666666666666,3.4166666666666665,1.7430555555555556,1.1666666666666667,0.15692307692307692,mixed,424000168,Round Robin,0.22449340762568148,0.13159437280187575,0.12340136054421769,0.3459081940441995,0.7527842907385698
12.0,0.8571428571428571,17.25,196.85416666666666,0.5833333333333334,3.4166666666666665,1.5763888888888888,2,0.8695652173913043,mixed,424000169,SJF,0.3524769437618439,0.12221448467966574,0.13215042372881353,0.39245901314747345,0.7632311977715878
12.0,1.0909090909090908,13,51.166666666666664,0.8333333333333334,2.5833333333333335,1.9097222222222223,2.8333333333333335,1.3461538461538463,mixed,424000170,SJF,0.2747080620032935,0.10594059405940597,0.11199238578680204,0.3407856528844222,0.7693069306930693
12.0,1.3333333333333333,20.583333333333332,165.40972222222223,0.5833333333333334,3.5,0.9166666666666666,2.0833333333333335,0.6072874493927125,mixed,424000171,SJF,0.3066613306779013,0.12474949899799599,0.1260347682119205,0.39781881120186313,0.7612725450901804
12.0,0.8571428571428571,15.916666666666666,178.40972222222223,0.6666666666666666,3.9166666666666665,0.7430555555555556,1.9166666666666667,0.7539267015706806,mixed,424000172,SJF,0.3653606136891791,0.10070921985815605,0.11669770328988208,0.47360726863146213,0.7666666666666666
12.0,1.2,15.416666666666666,139.57638888888889,0.5833333333333334,3.4166666666666665,1.2430555555555556,1.8333333333333333,0.7081081081081081,mixed,424000173,Round Robin,0.4046334773884672,0.15941385435168737,0.14232209737827714,0.34425717852684146,0.7704262877442274
12.0,1.7142857142857142,15.833333333333334,43.47222222222222,0.5833333333333334,2.75,2.3541666666666665,2.5833333333333335,0.9210526315789473,mixed,424000174,Round Robin,0.2560308009242677,0.16790040376850604,0.1429840142095915,0.3301403059569244,0.7577388963660834
12.0,1.0909090909090908,22.416666666666668,257.90972222222223,0.4166666666666667,2.4166666666666665,2.4097222222222223,1.4166666666666667,0.3159851301115242,mixed,424000175,Round Robin,0.36723172608386906,0.15785256410256412,0.11783696529459242,0.3736363043586115,0.758613782051282
12.0,1.7142857142857142,16.583333333333332,62.90972222222222,0.6666666666666666,2.8333333333333335,2.3055555555555554,2.3333333333333335,1.0,mixed,424000176,Round Robin,0.29800866818784494,0.1471830985915493,0.1379231473010064,0.34130291438738436,0.7580985915492957
12.0,1.2,17.75,119.85416666666667,0.4166666666666667,3.25,2.0208333333333335,1.6666666666666667,0.6338028169014085,mixed,424000177,Round Robin,0.4088826224515007,0.17132863705592224,0.15077772202709483,0.3891492864651728,0.7621571072319202
12.0,1.0909090909090908,19.833333333333332,109.13888888888889,0.3333333333333333,2.5,2.25,1.4166666666666667,0.44537815126050423,mixed,424000178,Round Robin,0.31119727427064103,0.1680327868852459,0.1291024120205615,0.2946816923685251,0.755464480874317
12.0,1.0909090909090908,14.833333333333334,56.138888888888886,0.6666666666666666,3.4166666666666665,1.4097222222222223,2.25,0.9382022471910112,mixed,424000179,Round Robin,0.3275366365294277,0.15564771937114477,0.14275074478649455,0.34740964611478764,0.7523328149300155
12.0,1.0909090909090908,14.166666666666666,35.97222222222222,0.8333333333333334,3.1666666666666665,1.6388888888888888,3.25,1.7647058823529411,mixed,424000180,SJF,0.2563932378844126,0.10462382445141066,0.11540456431535272,0.3594314212682729,0.7601880877742946
12.0,1.5,16.083333333333332,133.07638888888889,0.4166666666666667,3.25,1.0208333333333333,1.3333333333333333,0.47668393782383417,mixed,424000181,SJF,0.3559491521907676,0.13278271918678522,0.1337278106508876,0.42879473900694065,0.7573062261753494
12.0,1.3333333333333333,13.75,35.6875,0.75,3,2.3333333333333335,2.75,1.309090909090909,mixed,424000182,Round Robin,0.31368954257955123,0.19238281250000003,0.14391043145821952,0.39927442532620283,0.76611328125
12.0,1.0,15.166666666666666,66.47222222222223,0.5833333333333334,2.5833333333333335,1.4097222222222223,1.5833333333333333,0.5989010989010989,mixed,424000183,Round Robin,0.29761317474305987,0.1724537037037037,0.14328808446455507,0.3822242491052935,0.7584876543209876
12.0,1.2,12.583333333333334,41.576388888888886,0.75,3,2.6666666666666665,2.4166666666666665,1.218543046357616,mixed,424000184,Round Robin,0.1799732983839158,0.15065502183406113,0.09385009609224856,0.3536393607179405,0.777292576419214
12.0,0.631578947368421,18.833333333333332,182.13888888888889,0.5,3,1.8333333333333333,1.5,0.36283185840707965,mixed,424000185,SJF,0.3383278365239041,0.09533702677746998,0.1352755194218609,0.42244764048261774,0.7573868882733148
12.0,1.5,19.916666666666668,193.24305555555554,0.5,2.8333333333333335,1.1388888888888888,1.5,0.39330543933054396,mixed,424000186,Round Robin,0.39666944701007784,0.14094903143939905,0.13622426631625054,0.4282820412190559,0.7549371633752244
12.0,1.0,21.583333333333332,176.24305555555554,0.3333333333333333,3,2.1666666666666665,1.6666666666666667,0.4980694980694981,mixed,424000187,Round Robin,0.2274810907886219,0.12567269925017105,0.1153133110863923,0.4106162102217093,0.7568937550689376
12.0,0.8,20.5,156.41666666666666,0.3333333333333333,3.1666666666666665,1.8055555555555556,0.9166666666666666,0.17479674796747968,mixed,424000188,Round Robin,0.31202440907252876,0.18722943722943722,0.09967650626769105,0.32743631217145164,0.759090909090909
12.0,1.0909090909090908,14.583333333333334,70.40972222222223,0.75,3.0833333333333335,1.7430555555555556,2.8333333333333335,1.2685714285714285,mixed,424000189,Round Robin,0.2792387495216608,0.15554414784394255,0.13198118753674312,0.3650217552090589,0.7618069815195072
12.0,1.5,17.666666666666668,92.22222222222223,0.4166666666666667,3.3333333333333335,1.8888888888888888,1.4166666666666667,0.5141509433962265,mixed,424000190,Round Robin,0.28955975338515655,0.14973821989528793,0.12912709181365897,0.3996170985038125,0.757068062827225
12.0,1.0909090909090908,15,103.83333333333333,0.5833333333333334,3,2.5,1.6666666666666667,0.6833333333333333,mixed,424000191,Round Robin,0.3129966896926421,0.14502332814930013,0.12955700421003488,0.3331826401446655,0.75
12.0,1.0,14.833333333333334,96.13888888888889,0.5833333333333334,3.3333333333333335,1.7222222222222223,2.1666666666666665,0.9157303370786517,mixed,424000192,Round Robin,0.41472059921410215,0.21458773784355178,0.14397590361445783,0.3761817085137211,0.7811839323467231
12.0,1.2,17.083333333333332,174.57638888888889,0.6666666666666666,2.6666666666666665,2.0555555555555554,2.0833333333333335,0.8341463414634146,mixed,424000193,SJF,0.44449229089470377,0.11889305374474866,0.13445610160132523,0.4460046306689252,0.7581148564294632
12.0,1.0,17.416666666666668,59.24305555555556,0.4166666666666667,2.6666666666666665,1.8888888888888888,1.5833333333333333,0.6267942583732058,mixed,424000194,Round Robin,0.3281469309285042,0.25,0.1382063882063882,0.348334968203554,0.7629179331306991
12.0,1.3333333333333333,15.5,77.08333333333333,0.5833333333333334,2.4166666666666665,1.7430555555555556,2,0.8010752688172043,mixed,424000195,Round Robin,0.2433105403373073,0.14264705882352943,0.11866931479642502,0.3865677630325098,0.7628676470588236
12.0,2.0,13.333333333333334,51.72222222222222,0.5833333333333334,3.0833333333333335,1.2430555555555556,1.6666666666666667,0.71875,mixed,424000196,Round Robin,0.3515188043328402,0.18512974051896205,0.14467952706907278,0.3488340673311332,0.7594810379241517
12.0,1.0,20.5,135.91666666666666,0.5,2.1666666666666665,1.1388888888888888,2,0.6097560975609756,mixed,424000197,Round Robin,0.2791581395221081,0.18695920889987644,0.12743950039032007,0.33433801354100035,0.7605067985166873
12.0,1.5,17.25,97.6875,0.3333333333333333,2.4166666666666665,1.4097222222222223,0.9166666666666666,0.30917874396135264,mixed,424000198,Round Robin,0.36281222689237774,0.1919291338582677,0.12760675273088384,0.35397324159753013,0.7545931758530184
12.0,1.3333333333333333,17.583333333333332,149.07638888888889,0.5833333333333334,3.5,1.5833333333333333,1.75,0.5308056872037915,mixed,424000199,Round Robin,0.3112339345166581,0.15334916880732757,0.1293759512937595,0.3984590257513368,0.7579750346740638
12.0,0.9230769230769231,23.666666666666668,172.05555555555554,0.3333333333333333,2.9166666666666665,2.576388888888889,1.4166666666666667,0.31690140845070425,mixed,424000200,Round Robin,0.3262024185729853,0.1610629067245119,0.1216117216117216,0.31341248772329017,0.753524945770065
12.0,1.5,16.333333333333332,101.72222222222223,0.5833333333333334,3,3.5,1.9166666666666667,0.8469387755102041,mixed,424000201,SJF,0.3416012083845884,0.12725090036014408,0.1423469387755102,0.45459015417430293,0.7635054021608643
12.0,1.2,16.416666666666668,147.24305555555554,0.5,3.6666666666666665,2.2222222222222223,1.5,0.5583756345177665,mixed,424000202,Round Robin,0.41844903772094294,0.21394072462764493,0.12493105350248208,0.3913963004901249,0.7664728682170543
12.0,1.0909090909090908,18.583333333333332,177.24305555555554,0.3333333333333333,3.1666666666666665,1.8055555555555556,1,0.21973094170403587,mixed,424000203,Round Robin,0.38957318845647215,0.14363920750782067,0.13736263736263735,0.39193784416748156,0.7591240875912408
12.0,1.5,21.083333333333332,279.5763888888889,0.4166666666666667,2.25,1.0208333333333333,1.6666666666666667,0.2964426877470356,mixed,424000204,SJF,0.3191222357889025,0.11813186813186813,0.13558201058201058,0.4348176794891303,0.7518315018315018
12.0,0.75,18.333333333333332,159.88888888888889,0.4166666666666667,3.0833333333333335,1.9097222222222223,1.4166666666666667,0.5045454545454545,mixed,424000205,Round Robin,0.45820194318308693,0.20232371794871795,0.15727143533870205,0.3288196215792734,0.7680288461538461
12.0,1.5,15.25,74.85416666666667,0.3333333333333333,2.9166666666666665,1.7430555555555556,1.0833333333333333,0.366120218579235,mixed,424000206,Round Robin,0.3050922450754352,0.17504684357769915,0.13461538461538464,0.34167400125836855,0.7559006211180124
12.0,0.9230769230769231,11.083333333333334,32.74305555555556,0.75,2.75,2.1875,2.0833333333333335,1.4285714285714286,mixed,424000207,Round Robin,0.24011647487372165,0.22791519434628976,0.10240686158404823,0.3115600722439156,0.7879858657243817
12.0,1.7142857142857142,23.083333333333332,196.74305555555554,0.4166666666666667,3.1666666666666665,1.9722222222222223,1.9166666666666667,0.49458483754512633,mixed,424000208,Round Robin,0.3273436379841877,0.24614044925372752,0.13858211613822585,0.29132525828286426,0.7610479797979798
12.0,1.3333333333333333,22.25,200.52083333333334,0.25,2.5833333333333335,1.7430555555555556,1.0833333333333333,0.21348314606741572,mixed,424000209,Round Robin,0.2688346402043769,0.19053254437869827,0.13323065075086643,0.27291105121293796,0.7523668639053254
12.0,1.0,9.083333333333334,12.743055555555555,0.9166666666666666,3.5,1.75,2.4166666666666665,1.651376146788991,mixed,424000210,SJF,0.1325141541903287,0.09423076923076926,0.0943791946308725,0.337670486861563,0.796474358974359
12.0,0.8571428571428571,19.5,103.91666666666667,0.3333333333333333,3.4166666666666665,1.5763888888888888,1.3333333333333333,0.452991452991453,mixed,424000211,Round Robin,0.36174501863050734,0.18849651297088288,0.14527938342967245,0.3890477746961656,0.7564766839378239
12.0,1.0909090909090908,15.666666666666666,63.22222222222222,0.5833333333333334,3.25,0.8541666666666666,2,0.9361702127659575,mixed,424000212,Round Robin,0.24944934569639038,0.17283464566929135,0.12569573283858995,0.4061619058970818,0.768503937007874
12.0,1.3333333333333333,19.166666666666668,107.30555555555556,0.3333333333333333,3.4166666666666665,1.9097222222222223,1.3333333333333333,0.43043478260869567,mixed,424000213,Round Robin,0.36684489705607715,0.22451994091580502,0.13857758620689653,0.29655172413793107,0.7562776957163959
12.0,1.0909090909090908,14.166666666666666,116.80555555555556,0.75,3.5,1.5833333333333333,2.0833333333333335,0.9411764705882353,mixed,424000214,SJF,0.33971563410293765,0.11566558441558443,0.11714781385191128,0.46505027384506215,0.7784090909090908
12.0,0.9230769230769231,19.416666666666668,214.07638888888889,0.5,2.25,1.5208333333333333,2.0833333333333335,0.6223175965665236,mixed,424000215,Round Robin,0.37856483257376444,0.18769230769230769,0.13316953316953317,0.35245757403418404,0.7692307692307692
12.0,1.3333333333333333,11.333333333333334,31.72222222222222,0.8333333333333334,3.4166666666666665,2.7430555555555554,2.4166666666666665,1.4926470588235294,mixed,424000216,Round Robin,0.2798993063239938,0.15849056603773587,0.11479499027083213,0.3436966487920178,0.8075471698113208
12.0,1.0909090909090908,15.666666666666666,104.22222222222223,0.6666666666666666,3.3333333333333335,1.5555555555555556,2,0.8138297872340425,mixed,424000217,Round Robin,0.38244106898846997,0.17010869565217393,0.1399006622516556,0.3101545253863135,0.7717391304347826
12.0,1.3333333333333333,15.583333333333334,107.07638888888889,0.5833333333333334,2.8333333333333335,1.6388888888888888,1.3333333333333333,0.48128342245989303,mixed,424000218,Round Robin,0.33515599978648447,0.15900735294117646,0.11494252873563218,0.4306786749612721,0.7555147058823529
12.0,0.8,20.416666666666668,63.40972222222222,0.5,3.25,1.8541666666666667,2.5833333333333335,0.9551020408163265,mixed,424000219,Round Robin,0.2553424216537028,0.18392664509169362,0.12658227848101267,0.3665662784906267,0.7575512405609492
12.0,1.3333333333333333,18,179.5,0.5833333333333334,3.5833333333333335,1.7430555555555556,2,0.8055555555555556,mixed,424000220,Round Robin,0.36970055703978044,0.16512784090909088,0.10720315137872818,0.40994537065885167,0.7659801136363636
12.0,1.2,19.083333333333332,180.24305555555554,0.5833333333333334,2.6666666666666665,2.7222222222222223,2.3333333333333335,0.8995633187772926,mixed,424000221,Round Robin,0.335756619963016,0.1570668979995405,0.12746942615239887,0.35031267415354267,0.7592137592137592
12.0,0.8571428571428571,21.166666666666668,186.63888888888889,0.4166666666666667,3.0833333333333335,1.4097222222222223,1.25,0.3188976377952756,mixed,424000222,Round Robin,0.3241861680538644,0.13857938718662952,0.12934131736526944,0.38431307567130735,0.7595171773444753
12.0,1.3333333333333333,14.5,36.416666666666664,0.4166666666666667,3.3333333333333335,1.8888888888888888,1.4166666666666667,0.47126436781609193,mixed,424000223,Round Robin,0.19407283166917919,0.18452019673954445,0.12728169708929452,0.3508064183941642,0.7634668508287292
12.0,2.0,20.083333333333332,166.24305555555554,0.4166666666666667,2.6666666666666665,2.5555555555555554,1.4166666666666667,0.44813278008298757,mixed,424000224,SJF,0.28780228332489677,0.12431569343065696,0.1322330888345558,0.36797066014669927,0.7534215328467153
12.0,1.2,18.333333333333332,88.88888888888889,0.5,3.1666666666666665,1.9722222222222223,2,0.6954545454545454,mixed,424000225,Round Robin,0.31793278781603357,0.1784260515603799,0.13490650044523597,0.3176494429676323,0.7591587516960652
12.0,1.2,17.25,109.52083333333333,0.4166666666666667,2.75,1.8541666666666667,1.5833333333333333,0.6280193236714976,mixed,424000226,Round Robin,0.3730007038023752,0.17390011890606422,0.14223722275795564,0.38379942140790746,0.7630796670630202
12.0,1.5,19.25,113.6875,0.3333333333333333,3,1.5,1.4166666666666667,0.43722943722943725,mixed,424000227,Round Robin,0.3380939733855713,0.12755536626916528,0.1250492319810949,0.41532134382762764,0.7506388415672913
12.0,0.9230769230769231,16.916666666666668,194.74305555555554,0.6666666666666666,3.5833333333333335,0.4097222222222222,2.5833333333333335,0.8522167487684729,mixed,424000228,Round Robin,0.3248874553078152,0.1317291421657886,0.1245892661555312,0.41327512774273706,0.7595447870778267
12.0,1.5,17.666666666666668,99.22222222222223,0.3333333333333333,2.5,1.75,1.0833333333333333,0.3584905660377358,mixed,424000229,Round Robin,0.31358613794728574,0.1566901408450704,0.13236568457538997,0.36850325056999905,0.755281690140845
12.0,1.0909090909090908,25.916666666666668,230.24305555555554,0.4166666666666667,3.0833333333333335,1.4097222222222223,1.6666666666666667,0.3504823151125402,mixed,424000230,Round Robin,0.33469759171265817,0.1523772408417771,0.1307126877596676,0.3223873441994247,0.7554559625876851
12.0,0.9230769230769231,13.833333333333334,46.97222222222222,0.5833333333333334,2.6666666666666665,2.2222222222222223,1.75,0.927710843373494,mixed,424000231,Round Robin,0.26510445074459404,0.18760683760683758,0.12972222222222224,0.39635246585862627,0.764102564102564
12.0,1.2,16.5,49.25,0.3333333333333333,2.8333333333333335,2.638888888888889,0.9166666666666666,0.3686868686868687,mixed,424000232,Round Robin,0.3234172824340236,0.18444576877234806,0.1416376142232817,0.34666392821031344,0.75
12.0,1.5,24.416666666666668,142.24305555555554,0.3333333333333333,3.0833333333333335,2.2430555555555554,1.75,0.4129692832764505,mixed,424000233,Round Robin,0.3064171182685025,0.17208966015907445,0.13356474494415935,0.3539042601270934,0.7552422270426609
12.0,1.3333333333333333,20.416666666666668,206.74305555555554,0.3333333333333333,3.0833333333333335,1.4097222222222223,0.9166666666666666,0.23265306122448978,mixed,424000234,SJF,0.3515298201110891,0.12170308967596083,0.15128623928133933,0.443362287071203,0.7550866616428034
12.0,1.0,17.916666666666668,68.90972222222223,0.3333333333333333,3.5,2.0833333333333335,1.4166666666666667,0.5627906976744186,mixed,424000235,Round Robin,0.2423553935567475,0.14090064995357474,0.12213279678068414,0.3781067010088868,0.7641597028783658
12.0,1.2,16.25,86.02083333333333,0.5833333333333334,3.4166666666666665,2.4097222222222223,1.9166666666666667,0.9282051282051282,mixed,424000236,Round Robin,0.3316119915355149,0.2152641878669276,0.13113534952900344,0.3569348384039532,0.7627201565557731
12.0,1.0,14.833333333333334,141.30555555555554,0.6666666666666666,2.9166666666666665,2.076388888888889,1.8333333333333333,0.6460674157303371,mixed,424000237,Round Robin,0.3281566950001751,0.11051930758988016,0.085277554304103,0.4361378049305692,0.7663115845539281
12.0,1.5,16.416666666666668,287.5763888888889,0.6666666666666666,3.1666666666666665,1.9722222222222223,1.75,0.6954314720812182,mixed,424000238,SJF,0.5371025873519408,0.08439201451905626,0.09462915601023017,0.5893460249136008,0.7586206896551724
12.0,1.0,15.75,61.854166666666664,0.5833333333333334,2.6666666666666665,1.5555555555555556,2,0.8941798941798942,mixed,424000239,Round Robin,0.292210851447385,0.16476462196861624,0.1196623634558093,0.3603158911714385,0.761055634807418
12.0,0.8,17.75,168.6875,0.5833333333333334,3.3333333333333335,1.7222222222222223,1.6666666666666667,0.5446009389671361,mixed,424000240,Round Robin,0.4828720564052535,0.23899725087317178,0.1273135165451486,0.342419718249517,0.7652259332023575
12.0,1.5,19.75,135.02083333333334,0.5,3,2.1666666666666665,1.75,0.46835443037974683,mixed,424000241,Round Robin,0.2795598786029829,0.14636542239685657,0.13095714857829394,0.376210752497274,0.7554027504911591
12.0,1.7142857142857142,18.083333333333332,161.07638888888889,0.5833333333333334,3,1.8333333333333333,2,0.7096774193548387,mixed,424000242,SJF,0.3369346616057668,0.1070127504553734,0.12325905292479108,0.38579387186629527,0.7527322404371585
12.0,1.2,21.583333333333332,201.90972222222223,0.5,2.8333333333333335,2.138888888888889,2.1666666666666665,0.6023166023166023,mixed,424000243,SJF,0.37517931883298705,0.11560247167868176,0.14189794091316027,0.3368397493285586,0.7618434603501545
12.0,1.0,17,149.83333333333334,0.4166666666666667,3.0833333333333335,2.576388888888889,1.25,0.44607843137254904,mixed,424000244,Round Robin,0.36229201635387664,0.15900383141762453,0.13761928679055752,0.4229251065531569,0.766602809706258
12.0,1.0909090909090908,25.083333333333332,276.74305555555554,0.4166666666666667,3.25,2.3541666666666665,1.5833333333333333,0.31893687707641194,mixed,424000245,Round Robin,0.3972285240616463,0.18444071913236013,0.1360187861271676,0.3640695213745976,0.7606032045240338
12.0,1.0,14.5,80.58333333333333,0.6666666666666666,2.3333333333333335,0.8888888888888888,2.0833333333333335,0.8735632183908046,mixed,424000246,Round Robin,0.35080354003047715,0.18508373205741624,0.1350339137477222,0.34521582645289106,0.7668421052631579
12.0,2.4,19,203.16666666666666,0.5,2.5833333333333335,2.4097222222222223,1.9166666666666667,0.793859649122807,mixed,424000247,SJF,0.34358094591133964,0.11766144814090021,0.13037249283667623,0.4872654695322396,0.759784735812133
12.0,0.8571428571428571,14.5,108.08333333333333,0.5,3.3333333333333335,1.8888888888888888,1.5833333333333333,0.7528735632183908,mixed,424000248,SJF,0.24168841782228467,0.12234042553191488,0.1285796105383734,0.4317422209669067,0.7669547872340425
12.0,1.2,15.25,185.6875,0.6666666666666666,3,1.8333333333333333,2.0833333333333335,0.7704918032786885,mixed,424000249,SJF,0.29351320136812337,0.11311914323962516,0.12096774193548387,0.44843967609400837,0.7707496653279786
12.0,1.0909090909090908,17.166666666666668,140.30555555555554,0.5833333333333334,2.75,2.1875,2.0833333333333335,0.6504854368932039,mixed,424000250,Round Robin,0.3001390154462223,0.12724014336917563,0.09965831435079728,0.37215261958997725,0.759557945041816
12.0,1.0909090909090908,19.416666666666668,266.0763888888889,0.75,2.4166666666666665,0.5763888888888888,2.4166666666666665,0.8326180257510729,mixed,424000251,Round Robin,0.4033894174400192,0.1670934699103713,0.04026632847178184,0.4349919165981278,0.7535211267605634
12.0,1.3333333333333333,20.916666666666668,189.40972222222223,0.5,2.9166666666666665,1.2430555555555556,1.8333333333333333,0.5577689243027888,mixed,424000252,Round Robin,0.3928058803536939,0.18867334167709635,0.14623217922606926,0.3332993890020366,0.7575093867334168
12.0,1.0,18.333333333333332,73.72222222222223,0.3333333333333333,2.5833333333333335,1.5763888888888888,1.1666666666666667,0.5045454545454545,mixed,424000253,Round Robin,0.29523419207376267,0.1749502982107356,0.13511507052709726,0.37755455057585824,0.7547216699801194
12.0,0.8571428571428571,18.333333333333332,145.55555555555554,0.5,2.6666666666666665,1.5555555555555556,1.75,0.6681818181818182,mixed,424000254,Round Robin,0.4291074283825066,0.23332566651532166,0.14419038730751282,0.4073017793619703,0.7634168157423971
12.0,0.9230769230769231,17.083333333333332,110.24305555555556,0.3333333333333333,3.0833333333333335,1.5763888888888888,1,0.2634146341463415,mixed,424000255,Round Robin,0.3471210841329319,0.2237936756388822,0.15931787297186895,0.3073689416419387,0.7711678832116788
12.0,1.3333333333333333,17.166666666666668,145.63888888888889,0.4166666666666667,2.4166666666666665,2.076388888888889,1.0833333333333333,0.3106796116504854,mixed,424000256,Round Robin,0.518972950466752,0.18049327354260086,0.14359504132231404,0.4264850679623407,0.7541106128550075
12.0,0.8571428571428571,18.416666666666668,156.40972222222223,0.5,2.75,2.5208333333333335,1.6666666666666667,0.6199095022624435,mixed,424000257,SJF,0.42041938765934816,0.1197813121272366,0.13806660499537465,0.42075514466276354,0.75720675944334
12.0,1.0909090909090908,15.666666666666666,121.88888888888889,0.5,2.3333333333333335,1.8888888888888888,1.4166666666666667,0.6702127659574468,mixed,424000258,Round Robin,0.4289772868378171,0.20594059405940596,0.13145939806927884,0.4011076552942248,0.7618811881188119
12.0,1.0,16.5,117.75,0.5833333333333334,3.1666666666666665,2.4722222222222223,2,0.6919191919191919,mixed,424000259,Round Robin,0.32609585744924013,0.24815724815724816,0.137948984903696,0.2747267048412285,0.7708845208845209
12.0,1.0,15.416666666666666,122.07638888888889,0.6666666666666666,2.75,1.1875,2.6666666666666665,1.2378378378378379,mixed,424000260,SJF,0.3201534488194146,0.123046875,0.12493340436867345,0.4105264260886067,0.7671875
12.0,1.3333333333333333,22.083333333333332,298.5763888888889,0.4166666666666667,3.3333333333333335,1.8888888888888888,1.1666666666666667,0.2679245283018868,mixed,424000261,SJF,0.3692427607311937,0.08827586206896551,0.12319168173598555,0.4598758836100608,0.758448275862069
12.0,1.2,14.25,64.35416666666667,0.5833333333333334,3.25,2.3541666666666665,1.6666666666666667,0.5730994152046783,mixed,424000262,Round Robin,0.3173417307403019,0.22671102661596956,0.11641791044776119,0.3625611749829371,0.7694866920152091
12.0,1.3333333333333333,19,176,0.5,4.083333333333333,1.4097222222222223,2.1666666666666665,0.706140350877193,mixed,424000263,SJF,0.2587698520310509,0.1074938574938575,0.13039901275195392,0.4204619975080333,0.7692465192465192
12.0,0.8571428571428571,19.666666666666668,149.38888888888889,0.5833333333333334,3.0833333333333335,2.076388888888889,2.4166666666666665,0.7033898305084746,mixed,424000264,Round Robin,0.3166937281625557,0.20663631433421,0.1158999553372041,0.34656830856916865,0.7684748427672956
12.0,1.0,18,110.33333333333333,0.4166666666666667,3.0833333333333335,2.076388888888889,1.8333333333333333,0.6990740740740741,mixed,424000265,Round Robin,0.328491883948811,0.1576603325415677,0.14432029795158288,0.3885142325086459,0.7586104513064134
12.0,1.3333333333333333,15,193.5,0.6666666666666666,2.9166666666666665,2.2430555555555554,2.1666666666666665,0.8722222222222222,mixed,424000266,SJF,0.3890802247354605,0.08738796414852754,0.13740458015267176,0.5194400646830362,0.7663252240717029
12.0,0.8571428571428571,14.583333333333334,19.743055555555557,0.5,4,1.3333333333333333,1.9166666666666667,0.9542857142857143,mixed,424000267,Round Robin,0.23979467871078214,0.25,0.11734714555885252,0.31785791070022945,0.7663316582914572
12.0,1.0909090909090908,19.333333333333332,111.05555555555556,0.5,3.1666666666666665,2.138888888888889,2.1666666666666665,0.7456896551724138,mixed,424000268,Round Robin,0.3691785889019907,0.19175604175604175,0.14855653568564553,0.3342020850040096,0.7702702702702703
12.0,1.5,16,130.5,0.5833333333333334,3.5833333333333335,2.076388888888889,1.75,0.703125,mixed,424000269,Round Robin,0.32616105416890395,0.1276662484316186,0.11398963730569947,0.3942215465069823,0.7641154328732748
12.0,1.0909090909090908,24.916666666666668,200.07638888888889,0.25,2.6666666666666665,1.5555555555555556,1.4166666666666667,0.3177257525083612,mixed,424000270,Round Robin,0.2943311358682419,0.14691679049034173,0.1286248830682881,0.37597443093233557,0.75055720653789
12.0,0.9230769230769231,18.833333333333332,63.638888888888886,0.4166666666666667,2.75,2.6875,1.8333333333333333,0.668141592920354,mixed,424000271,Round Robin,0.2509440909719374,0.17135922330097086,0.14194994396712735,0.37265465440751566,0.7575242718446602
12.0,1.5,25.833333333333332,212.30555555555554,0.4166666666666667,3.1666666666666665,1.9722222222222223,1.9166666666666667,0.38387096774193546,mixed,424000272,Round Robin,0.31321822126373144,0.1850430468380141,0.13507821901323708,0.3915677080757628,0.7552173913043478
12.0,1.2,23.583333333333332,141.07638888888889,0.4166666666666667,3.5,2.4166666666666665,1.6666666666666667,0.43109540636042404,mixed,424000273,Round Robin,0.28581795988128933,0.20155954631379963,0.1248380829015544,0.34611561960930953,0.7613421550094518
12.0,1.0909090909090908,15.833333333333334,79.80555555555556,0.5,2.6666666666666665,2.2222222222222223,1.8333333333333333,0.7157894736842105,mixed,424000274,Round Robin,0.26457973485047337,0.14655172413793102,0.14032901296111666,0.3459621136590229,0.7596551724137931
12.0,1.3333333333333333,14.5,54.083333333333336,0.5,3.5,1.5833333333333333,1.3333333333333333,0.5977011494252874,mixed,424000275,Round Robin,0.2650734227097521,0.15040650406504066,0.13973651476859897,0.40461627775237113,0.7781165311653117
12.0,1.5,16.583333333333332,104.57638888888889,0.3333333333333333,2.5833333333333335,2.076388888888889,1.0833333333333333,0.4371859296482412,mixed,424000276,Round Robin,0.39924000963955136,0.181058495821727,0.14646214745175656,0.38272502694053867,0.7587047353760445
12.0,1.0,15.5,113.25,0.6666666666666666,2.8333333333333335,1.3055555555555556,2.0833333333333335,0.8064516129032258,mixed,424000277,SJF,0.30272303109129417,0.12191401480675254,0.1470971446229733,0.4011220037162884,0.75
12.0,1.0,17.166666666666668,55.47222222222222,0.4166666666666667,2.75,1.8541666666666667,1.4166666666666667,0.470873786407767,mixed,424000278,Round Robin,0.3547189953814634,0.15371809100998887,0.13454395377631037,0.31417664052827077,0.7599889012208657
12.0,0.9230769230769231,15.25,78.35416666666667,0.4166666666666667,3.5833333333333335,2.576388888888889,1.3333333333333333,0.5027322404371585,mixed,424000279,Round Robin,0.33279000856412405,0.14604922279792748,0.14421669106881405,0.4113687789026823,0.7626295336787565
12.0,1.7142857142857142,19.916666666666668,149.90972222222223,0.5833333333333334,3.5833333333333335,1.4097222222222223,2.0833333333333335,0.7364016736401674,mixed,424000280,Round Robin,0.33047523658255473,0.13565891472868216,0.10703363914373087,0.454005467267727,0.7555986218776917
12.0,1.3333333333333333,23.833333333333332,128.30555555555554,0.3333333333333333,2.6666666666666665,1.8888888888888888,1.6666666666666667,0.3356643356643357,mixed,424000281,Round Robin,0.263159387804139,0.14708265802269047,0.12322946175637395,0.37226915855185483,0.7568881685575365
12.0,1.7142857142857142,11.5,7.25,0.6666666666666666,2.5,1.9166666666666667,2.25,1.181159420289855,mixed,424000282,Round Robin,0.27334590521376123,0.16713747645951033,0.13648335364873837,0.3063787832785563,0.7641242937853108
12.0,1.0,17,127.16666666666667,0.6666666666666666,3.25,2.0208333333333335,2.4166666666666665,1.0588235294117647,mixed,424000283,Round Robin,0.3684681735958032,0.181420233463035,0.10806174957118354,0.4065662321030482,0.7543774319066148
12.0,1.0909090909090908,19.5,171.08333333333334,0.5833333333333334,2.5833333333333335,1.5763888888888888,2.3333333333333335,0.8675213675213675,mixed,424000284,Round Robin,0.31540422470395313,0.1741913746630728,0.13773819386909697,0.3553442807580779,0.7702156334231807
12.0,1.7142857142857142,13.333333333333334,79.22222222222223,0.5833333333333334,3,1.5,1.75,0.7375,mixed,424000285,Round Robin,0.33874521321144335,0.19566234280265543,0.13718528082633957,0.35224150286077244,0.773719165085389
12.0,1.7142857142857142,16.25,57.520833333333336,0.5,3.5,2.0833333333333335,1.6666666666666667,0.7692307692307693,mixed,424000286,Round Robin,0.3769560994500857,0.1582244008714597,0.14227458087902128,0.3682445656105669,0.7595315904139434
12.0,1.5,19.333333333333332,146.88888888888889,0.4166666666666667,2.6666666666666665,1.7222222222222223,1.6666666666666667,0.5474137931034483,mixed,424000287,Round Robin,0.35935145523566947,0.13719563620534858,0.12911334552102377,0.40724992954744166,0.7621722846441947
12.0,1.0909090909090908,21.083333333333332,157.90972222222223,0.3333333333333333,2.9166666666666665,2.076388888888889,1.3333333333333333,0.34782608695652173,mixed,424000288,SJF,0.29889342568441835,0.11896807720861174,0.13726910539659545,0.37776544984114,0.7511135857461024
12.0,1.0,17.916666666666668,181.07638888888889,0.6666666666666666,3.6666666666666665,1.8888888888888888,2.5833333333333335,1.027906976744186,mixed,424000289,SJF,0.35758585130073894,0.10283170244107746,0.13151174668028603,0.44162050094392963,0.7598958333333333
12.0,1.0,17.416666666666668,148.40972222222223,0.5833333333333334,3.25,2.1875,2.1666666666666665,0.6602870813397129,mixed,424000290,Round Robin,0.2967690896305229,0.11854460093896715,0.09459459459459457,0.4309249159807611,0.760856807511737
12.0,1.0909090909090908,16.166666666666668,114.97222222222223,0.6666666666666666,3.6666666666666665,1.7222222222222223,2.0833333333333335,0.8350515463917526,mixed,424000291,Round Robin,0.3099033837321872,0.16619718309859158,0.0996523754345307,0.37920046349942066,0.7647887323943662
12.0,1.5,14.583333333333334,42.74305555555556,0.5,2.75,2.3541666666666665,1.4166666666666667,0.6342857142857142,mixed,424000292,Round Robin,0.36426596488946605,0.22659010600706714,0.14438369781312127,0.37216991273307076,0.7597173144876326
12.0,0.9230769230769231,17.833333333333332,222.13888888888889,0.5833333333333334,2.5833333333333335,1.7430555555555556,1.9166666666666667,0.6214953271028038,mixed,424000293,SJF,0.39840324275507366,0.1062431544359255,0.12114771519659939,0.45795757830979905,0.7587623220153341
12.0,1.3333333333333333,24.5,244.75,0.3333333333333333,2.5833333333333335,1.0763888888888888,1.1666666666666667,0.17687074829931973,mixed,424000294,Round Robin,0.2990771724354282,0.13167938931297712,0.12773972602739725,0.3681506849315069,0.7562977099236641
12.0,1.2,15.166666666666666,94.30555555555556,0.5833333333333334,2.75,1.8541666666666667,1.8333333333333333,0.8571428571428571,mixed,424000295,Round Robin,0.26602634873708314,0.1631239155347159,0.1226023846552618,0.36114245248816645,0.7570789865871833
12.0,1.2,13.916666666666666,43.90972222222222,0.5,3.25,2.3541666666666665,1.5833333333333333,0.6706586826347305,mixed,424000296,Round Robin,0.3382033608224461,0.25,0.13352112676056338,0.28481885905528886,0.7657303370786517
12.0,0.9230769230769231,21.666666666666668,204.22222222222223,0.5833333333333334,2.4166666666666665,1.4097222222222223,2.1666666666666665,0.6153846153846154,mixed,424000297,SJF,0.3591000982461185,0.11164383561643836,0.1383238405207486,0.41374735870938933,0.756392694063927
12.0,1.7142857142857142,17.083333333333332,145.40972222222223,0.4166666666666667,2.75,1.8541666666666667,1.5,0.5560975609756098,mixed,424000298,Round Robin,0.2902459023859492,0.19857594936708858,0.14711632453567935,0.3667595809457616,0.7610759493670887
12.0,1.2,18.083333333333332,149.07638888888889,0.5833333333333334,2.8333333333333335,1.4722222222222223,2.1666666666666665,0.7695852534562212,mixed,424000299,Round Robin,0.39365926033230786,0.18920972644376902,0.1082184788157223,0.3005248083662766,0.7545592705167173
12.0,0.75,13.833333333333334,76.13888888888889,0.5833333333333334,2.8333333333333335,2.638888888888889,1.75,0.8373493975903614,mixed,424000300,Round Robin,0.38712260906351154,0.14718934911242604,0.11938841899804815,0.4257527139605278,0.7607248520710059
12.0,1.0,16.833333333333332,112.13888888888889,0.5833333333333334,3.4166666666666665,1.5763888888888888,2.25,0.7227722772277227,mixed,424000301,Round Robin,0.4161770995106308,0.20917339762482584,0.15100671140939598,0.34189468249870936,0.7594339622641509
12.0,1.2,16.166666666666668,113.97222222222223,0.5,2.4166666666666665,1.5763888888888888,1.75,0.7010309278350515,mixed,424000302,Round Robin,0.2624593347256436,0.14759797724399498,0.1350071056371388,0.3931012478083537,0.7534766118836915
12.0,1.0,17.916666666666668,131.24305555555554,0.5,2.8333333333333335,2.138888888888889,2.0833333333333335,0.8930232558139535,mixed,424000303,SJF,0.3330946588656886,0.11924041422111036,0.1303960836671117,0.4100820553199102,0.7545703839122486
12.0,1.3333333333333333,25.583333333333332,373.40972222222223,0.3333333333333333,2.5,1.9166666666666667,1.1666666666666667,0.2247557003257329,mixed,424000304,SJF,0.3962263635926533,0.09068441064638783,0.11407956318252732,0.416440255375946,0.755893536121673
12.0,1.5,16.75,50.520833333333336,0.5833333333333334,2.9166666666666665,1.7430555555555556,1.9166666666666667,0.8208955223880597,mixed,424000305,Round Robin,0.2881659421389142,0.15947786606129402,0.1269943941354032,0.3425940634661635,0.7551078320090806
12.0,1.7142857142857142,13.666666666666666,104.22222222222223,0.5833333333333334,3.3333333333333335,1.8888888888888888,1.9166666666666667,0.8597560975609756,mixed,424000306,Round Robin,0.3055752156878823,0.14038785834738618,0.12273032952252858,0.47655738917036655,0.7588532883642496
12.0,1.2,18.416666666666668,120.74305555555556,0.5833333333333334,2.9166666666666665,1.5763888888888888,2.5,0.8959276018099548,mixed,424000307,SJF,0.290055731727146,0.12131519274376416,0.13934065934065937,0.42394854496256873,0.7636054421768708
12.0,1.0909090909090908,23.75,110.02083333333333,0.25,3.0833333333333335,1.9097222222222223,1.5,0.45964912280701753,mixed,424000308,Round Robin,0.26526411271973455,0.16360921501706485,0.12291537986411363,0.33081676664035686,0.754692832764505
12.0,0.9230769230769231,11.416666666666666,35.90972222222222,0.75,2.6666666666666665,1.0555555555555556,1.8333333333333333,1.1167883211678833,mixed,424000309,Round Robin,0.36414827041063863,0.13826815642458098,0.12809315866084425,0.345123905314148,0.776536312849162
12.0,1.0,15.916666666666666,87.90972222222223,0.5,2.9166666666666665,1.7430555555555556,1.4166666666666667,0.4712041884816754,mixed,424000310,Round Robin,0.30251662768063503,0.20193591455273702,0.11303191489361701,0.37797986981018544,0.7586782376502003
12.0,1.5,16.916666666666668,100.74305555555556,0.3333333333333333,2.9166666666666665,1.4097222222222223,1.4166666666666667,0.5172413793103449,mixed,424000311,Round Robin,0.3183849065657362,0.1834349418574173,0.132859109683341,0.2926801284993116,0.7601351351351351
12.0,1.0,17.25,173.1875,0.75,2.0833333333333335,1.5763888888888888,2.5,1.0048309178743962,mixed,424000312,Round Robin,0.34120683457401974,0.15202892441259377,0.11917234154007335,0.4222668739926303,0.7621163166397416
12.0,0.8,14.666666666666666,173.22222222222223,0.75,2.5,0.9166666666666666,2.6666666666666665,1.0965909090909092,mixed,424000313,Round Robin,0.271454393935515,0.1121751025991792,0.08981028675207174,0.40350093034469,0.7729138166894665
12.0,1.2,22.833333333333332,156.30555555555554,0.4166666666666667,3.4166666666666665,1.0763888888888888,1.6666666666666667,0.4562043795620438,mixed,424000314,Round Robin,0.33080085341034315,0.19781059063136458,0.13679867986798683,0.3376237623762376,0.7576374745417516
12.0,1.2,13.25,49.1875,0.75,2.6666666666666665,1.5555555555555556,2.3333333333333335,1.251572327044025,mixed,424000315,Round Robin,0.33783400679373954,0.15618556701030928,0.13601645123384254,0.358269394486514,0.7628865979381443
12.0,1.2,11.416666666666666,30.07638888888889,0.6666666666666666,2.75,1.3541666666666667,2,1.2554744525547445,mixed,424000316,Round Robin,0.2160222771945825,0.1728110599078341,0.11925675675675672,0.38666044092873364,0.778225806451613
12.0,1.2,15.666666666666666,119.72222222222223,0.6666666666666666,2.75,1.1875,2.1666666666666665,0.8138297872340425,mixed,424000317,Round Robin,0.3238990404961156,0.19132653061224494,0.12466415905427192,0.4115675044394077,0.764795918367347
12.0,2.0,21.416666666666668,123.40972222222223,0.5,3.0833333333333335,2.4097222222222223,2.3333333333333335,0.6926070038910506,mixed,424000318,Round Robin,0.2607120794453249,0.1849529989518291,0.13968579234972675,0.3833745049097823,0.7584541062801933
12.0,0.8571428571428571,22.666666666666668,84.38888888888889,0.25,2.8333333333333335,1.4722222222222223,1.0833333333333333,0.29044117647058826,mixed,424000319,Round Robin,0.28061464848282525,0.20224471830985916,0.11891208096141682,0.32142998643081677,0.7550616197183099
12.0,1.5,17.416666666666668,121.07638888888889,0.4166666666666667,2.8333333333333335,1.8055555555555556,1.3333333333333333,0.41626794258373206,mixed,424000320,SJF,0.4313216675034522,0.13214541504164862,0.15922687528762078,0.4082983174851246,0.7546027131782946
12.0,1.2,18.583333333333332,110.07638888888889,0.3333333333333333,3.25,1.6875,1.3333333333333333,0.5067264573991032,mixed,424000321,Round Robin,0.2528460098094932,0.14769874476987446,0.0960490463215259,0.3745864778748186,0.7556485355648536
12.0,1.5,24.25,123.6875,0.25,3.4166666666666665,2.076388888888889,1.25,0.27491408934707906,mixed,424000322,Round Robin,0.3374621278837617,0.18276239067055394,0.1405622489959839,0.32027490400944164,0.7556486880466473
12.0,0.9230769230769231,17.083333333333332,82.40972222222223,0.5,2.75,2.8541666666666665,2,0.7902439024390244,mixed,424000323,Round Robin,0.3555844920474446,0.23643969547049562,0.13362247005369682,0.3389396095814945,0.7631172839506173
12.0,1.2,18.333333333333332,203.55555555555554,0.6666666666666666,2.3333333333333335,2.2222222222222223,2.6666666666666665,1.0045454545454546,mixed,424000324,SJF,0.29399048237722064,0.10535931790499393,0.12412009974749438,0.47428852283397344,0.7573081607795371
12.0,1.2,16,67.33333333333333,0.5833333333333334,3.0833333333333335,2.076388888888889,2,0.828125,mixed,424000325,Round Robin,0.25748587158572367,0.1916030534351145,0.12795648060548723,0.3411601608711153,0.7606870229007634
12.0,1.2,25.5,263.75,0.25,3.0833333333333335,1.2430555555555556,0.9166666666666666,0.18627450980392157,mixed,424000326,Round Robin,0.263950817915652,0.13565604151223132,0.11216481360366251,0.39171678767457835,0.7529651593773166
12.0,0.9230769230769231,16.083333333333332,113.07638888888889,0.5,2.9166666666666665,1.2430555555555556,1.5833333333333333,0.694300518134715,mixed,424000327,Round Robin,0.31680680163634517,0.15589660743134084,0.11380490587564177,0.31574097006855023,0.7609046849757674
12.0,1.2,15.916666666666666,60.24305555555556,0.5833333333333334,2.8333333333333335,2.3055555555555554,2.1666666666666665,0.8481675392670157,mixed,424000328,Round Robin,0.3666199579403709,0.19457186544342508,0.15275877792977655,0.39172700881383404,0.7576452599388379
12.0,1.3333333333333333,15.75,73.02083333333333,0.4166666666666667,3.0833333333333335,2.076388888888889,1.0833333333333333,0.48148148148148145,mixed,424000329,Round Robin,0.4062363718784429,0.18669985775248932,0.15681233933161953,0.2803422350777242,0.7617354196301565
12.0,1.2,19.083333333333332,153.57638888888889,0.5,3.5833333333333335,2.076388888888889,1.6666666666666667,0.462882096069869,mixed,424000330,Round Robin,0.284749816487965,0.11966080402010051,0.10973137354282818,0.37527746372865683,0.7688442211055276
12.0,1.0909090909090908,14.333333333333334,102.72222222222223,0.5833333333333334,2.9166666666666665,2.076388888888889,1.3333333333333333,0.6162790697674418,mixed,424000331,Round Robin,0.39115250462544426,0.14883093525179855,0.13838028169014085,0.3352112676056338,0.7616906474820144
12.0,1.2,22.333333333333332,183.72222222222223,0.5,2.5833333333333335,1.4097222222222223,2.0833333333333335,0.5634328358208955,mixed,424000332,SJF,0.2830278384878506,0.11593264248704663,0.12296296296296297,0.42253932355592105,0.7553972366148531
12.0,0.8571428571428571,14.916666666666666,78.90972222222223,0.6666666666666666,2.6666666666666665,1.5555555555555556,2,1.094972067039106,mixed,424000333,SJF,0.2462184638983061,0.11215538847117792,0.11766304347826084,0.35432215833804714,0.7603383458646616
12.0,1.0909090909090908,18.25,83.35416666666667,0.5833333333333334,3.0833333333333335,2.576388888888889,2.3333333333333335,0.7990867579908676,mixed,424000334,Round Robin,0.23840838344622092,0.1935483870967742,0.13399602385685883,0.33392658986022067,0.7589950372208436
12.0,1.0,14.75,139.85416666666666,0.5,3.0833333333333335,1.7430555555555556,1.3333333333333333,0.5084745762711864,mixed,424000335,SJF,0.3962754255951872,0.11087223587223584,0.14182389937106915,0.4386019952448396,0.7616707616707616
12.0,1.3333333333333333,25.583333333333332,292.24305555555554,0.4166666666666667,3,2.1666666666666665,1.9166666666666667,0.44625407166123776,mixed,424000336,Round Robin,0.3739858930197612,0.20590446734286444,0.14423402096719648,0.37901589448765644,0.7612390350877193
12.0,1.2,13.583333333333334,72.90972222222223,0.5833333333333334,2.5,1.4166666666666667,1.75,0.754601226993865,mixed,424000337,SJF,0.31201174008008736,0.12910447761194033,0.13702359346642468,0.38904550648652286,0.7593283582089552
12.0,1.2,13.75,103.02083333333333,0.75,2.3333333333333335,2.7222222222222223,2.25,1.0666666666666667,mixed,424000338,Round Robin,0.283538014145655,0.14009900990099008,0.10350218886804255,0.38503901454039957,0.7668316831683168
12.0,1.0,18.75,71.02083333333333,0.4166666666666667,3.4166666666666665,1.9097222222222223,1.5833333333333333,0.56,mixed,424000339,Round Robin,0.25616814376124153,0.20577164366373907,0.13594562175129948,0.2837864854058377,0.7725846925972397
12.0,1.7142857142857142,15.75,99.52083333333333,0.5,3.0833333333333335,1.9097222222222223,1.75,0.7301587301587301,mixed,424000340,Round Robin,0.36827364710029287,0.20171849427168576,0.13512064343163538,0.3318023905272565,0.763911620294599
12.0,1.0909090909090908,19.666666666666668,132.05555555555554,0.4166666666666667,3.6666666666666665,1.2222222222222223,1.6666666666666667,0.4322033898305085,mixed,424000341,Round Robin,0.4131010191107493,0.18268124280782513,0.15277223773434384,0.3240026011500693,0.7612197928653626
12.0,1.0909090909090908,18.833333333333332,82.30555555555556,0.4166666666666667,3.25,1.5208333333333333,1.5833333333333333,0.588495575221239,mixed,424000342,Round Robin,0.2914224431801412,0.14073514602215506,0.12067578439259855,0.3785525126588653,0.75730110775428
12.0,1.0909090909090908,15.333333333333334,78.88888888888889,0.5,2.6666666666666665,1.0555555555555556,1.5833333333333333,0.6793478260869565,mixed,424000343,Round Robin,0.28344382661153283,0.1702417068132266,0.1243482794577685,0.40301298333790897,0.7534626038781164
12.0,1.0909090909090908,17.333333333333332,98.22222222222223,0.25,2.75,1.5208333333333333,0.8333333333333334,0.21634615384615385,mixed,424000344,Round Robin,0.32281155766026226,0.17610062893081763,0.13905191873589168,0.30733634311512414,0.7613207547169811
12.0,1.7142857142857142,18.666666666666668,107.72222222222223,0.4166666666666667,3,2.6666666666666665,1.5833333333333333,0.4419642857142857,mixed,424000345,Round Robin,0.2834597235143557,0.16104651162790695,0.13161235717308506,0.3611733354448292,0.7572674418604651
12.0,1.0909090909090908,15.833333333333334,185.63888888888889,0.75,2.6666666666666665,1.5555555555555556,2.5,0.9210526315789473,mixed,424000346,Round Robin,0.28363508717966246,0.18620155688920367,0.11385041167710735,0.358674200083834,0.7553956834532374
12.0,1.0909090909090908,13.333333333333334,63.72222222222222,0.75,3.6666666666666665,2.2222222222222223,2.5,1.25625,mixed,424000347,Round Robin,0.32419113264987887,0.151525984353363,0.1297805642633229,0.3466502731214687,0.786117381489842
12.0,0.8,15.333333333333334,89.72222222222223,0.5833333333333334,2.25,1.6875,2.0833333333333335,0.6739130434782609,mixed,424000348,Round Robin,0.2904245769458886,0.1650485436893204,0.13621353880022016,0.36402017658377167,0.7562413314840499
12.0,1.7142857142857142,22.833333333333332,217.63888888888889,0.5,3.5833333333333335,2.076388888888889,2.0833333333333335,0.45985401459854014,mixed,424000349,Round Robin,0.4003444121828904,0.1544282511210762,0.141994546162836,0.37904302720976146,0.7620515695067265
12.0,0.9230769230769231,19.416666666666668,167.74305555555554,0.5,2.1666666666666665,0.6388888888888888,1.3333333333333333,0.41630901287553645,mixed,424000350,Round Robin,0.34645240212010675,0.19343590705819813,0.12102196324518152,0.3913241771212852,0.7545018007202882
12.0,1.7142857142857142,16.916666666666668,111.40972222222223,0.3333333333333333,3.25,1.8541666666666667,1,0.2857142857142857,mixed,424000351,Round Robin,0.3459778783308195,0.18267973856209152,0.13323278029160382,0.2982654600301659,0.761437908496732
12.0,1.0909090909090908,21.083333333333332,162.24305555555554,0.5,2.8333333333333335,1.6388888888888888,1.5833333333333333,0.5217391304347826,mixed,424000352,Round Robin,0.30382937052222175,0.14913479052823314,0.13143418467583498,0.36580163176420294,0.7545537340619308
12.0,1.0909090909090908,15.666666666666666,92.38888888888889,0.6666666666666666,3.3333333333333335,2.0555555555555554,2.4166666666666665,0.8936170212765957,mixed,424000353,Round Robin,0.2760975387262893,0.12157769091153839,0.1124811273276296,0.3500903658215114,0.7580541237113403
12.0,1.2,21.75,295.8541666666667,0.5833333333333334,2.5833333333333335,1.9097222222222223,1.9166666666666667,0.5517241379310345,mixed,424000354,Round Robin,0.5324175521111031,0.16220068415051309,0.13388804841149773,0.41805984360043213,0.7588369441277081
12.0,1.0909090909090908,14,85.33333333333333,0.3333333333333333,2.8333333333333335,1.9722222222222223,0.6666666666666666,0.3273809523809524,mixed,424000355,Round Robin,0.3994135186795299,0.1982421875,0.11717435119579447,0.29821105609582543,0.759765625
12.0,0.9230769230769231,19.083333333333332,210.24305555555554,0.5,2.8333333333333335,1.6388888888888888,1.3333333333333333,0.4104803493449782,mixed,424000356,Round Robin,0.37873025638182994,0.15226781857451402,0.13030303030303034,0.3628787878787879,0.7667386609071274
12.0,0.75,12.5,70.41666666666667,0.75,3,2.1666666666666665,2,1.16,mixed,424000357,Round Robin,0.34611516868709347,0.15898876404494386,0.13081617086193742,0.3789142499345978,0.7707865168539325
12.0,0.9230769230769231,18.583333333333332,243.24305555555554,0.6666666666666666,2.1666666666666665,0.9722222222222222,2.0833333333333335,0.7937219730941704,mixed,424000358,Round Robin,0.5316038723512294,0.15796344513300042,0.14695232347616172,0.36526855763427885,0.7547923322683706
12.0,1.3333333333333333,18.416666666666668,99.40972222222223,0.5,3.6666666666666665,1.5555555555555556,1.8333333333333333,0.47058823529411764,mixed,424000359,Round Robin,0.31586860093905267,0.19505494505494506,0.1481558226274347,0.35733526730211357,0.7692307692307692
12.0,1.0909090909090908,16.083333333333332,104.74305555555556,0.5833333333333334,2.5833333333333335,1.4097222222222223,1.8333333333333333,0.5803108808290155,mixed,424000360,SJF,0.3026514856749706,0.11981020166073546,0.12156862745098039,0.3968103865411941,0.7674970344009491
12.0,0.8571428571428571,21.166666666666668,245.47222222222223,0.4166666666666667,3.1666666666666665,1.6388888888888888,1.4166666666666667,0.33070866141732286,mixed,424000361,SJF,0.3761802659956866,0.13434579439252334,0.15033259423503326,0.41067485196795545,0.7563084112149533
12.0,1.3333333333333333,20.75,157.1875,0.5833333333333334,3.3333333333333335,1.8888888888888888,2.4166666666666665,0.678714859437751,mixed,424000362,Round Robin,0.37109392168848093,0.1767497034400949,0.14167324388318864,0.3823722359030187,0.7603795966785291
12.0,1.2,14.916666666666666,84.24305555555556,0.5833333333333334,2.3333333333333335,0.5555555555555556,1.9166666666666667,0.8268156424581006,mixed,424000363,Round Robin,0.3620729213370877,0.16320072332730562,0.13381088825214899,0.4489574912937438,0.7635623869801085
12.0,1.0909090909090908,17.5,213.25,0.5,3.3333333333333335,2.0555555555555554,1.1666666666666667,0.38571428571428573,mixed,424000364,SJF,0.3311487734542438,0.09280912065340469,0.1128031584884377,0.49053079558333895,0.7604006163328197
12.0,2.0,17.5,141.08333333333334,0.5833333333333334,2.8333333333333335,1.6388888888888888,2.1666666666666665,0.780952380952381,mixed,424000365,Round Robin,0.3946148498076218,0.22756876078968408,0.13571778539931406,0.3352734856360326,0.7597042513863217
12.0,0.9230769230769231,9.75,16.520833333333332,0.6666666666666666,2.4166666666666665,1.5763888888888888,1.6666666666666667,1.0256410256410255,mixed,424000366,Round Robin,0.23121492528018217,0.25,0.12843464015947154,0.26630301259976963,0.7736363636363637
12.0,1.0909090909090908,20.166666666666668,177.13888888888889,0.5,3.25,1.0208333333333333,2.1666666666666665,0.71900826446281,mixed,424000367,Round Robin,0.3216220187130195,0.1388095889238646,0.11505190311418684,0.4737428942165101,0.763251582278481
12.0,1.5,17.25,117.52083333333333,0.5,3,2.5,1.4166666666666667,0.5217391304347826,mixed,424000368,SJF,0.3955522028438695,0.13167735042735043,0.1488028994539411,0.4346347424666927,0.7590811965811965
12.0,1.3333333333333333,24.916666666666668,207.40972222222223,0.4166666666666667,2.75,2.6875,2.1666666666666665,0.4682274247491639,mixed,424000369,Round Robin,0.30750226691540766,0.15950570342205322,0.11606535057862491,0.3574972504033366,0.7562737642585551
12.0,0.9230769230769231,20.583333333333332,162.40972222222223,0.5833333333333334,2.9166666666666665,2.576388888888889,2.25,0.7246963562753036,mixed,424000370,Round Robin,0.33580216698195325,0.14256678281068527,0.12909090909090912,0.3986455862477935,0.755226480836237
12.0,1.0909090909090908,15.916666666666666,46.74305555555556,0.5833333333333334,2.4166666666666665,0.9097222222222222,2.25,1.036649214659686,mixed,424000371,Round Robin,0.23464142684585798,0.18660287081339713,0.13327205882352947,0.36366617827981357,0.7811004784688995
12.0,1.0909090909090908,22.083333333333332,115.57638888888889,0.4166666666666667,3,2,1.5833333333333333,0.3849056603773585,mixed,424000372,Round Robin,0.31685973813096424,0.20667870036101083,0.13734567901234568,0.35870349439612653,0.756768953068592
12.0,1.5,14.5,67.75,0.5,2.6666666666666665,2.0555555555555554,1.5,0.735632183908046,mixed,424000373,Round Robin,0.35718377475143476,0.14951321279554936,0.13696456901110524,0.4323200567280419,0.7579972183588317
12.0,1.0909090909090908,14.333333333333334,129.22222222222223,0.5833333333333334,2.75,2.0208333333333335,2.1666666666666665,0.8546511627906976,mixed,424000374,Round Robin,0.32749557714018646,0.15853614057816476,0.09087423312883437,0.46282748015393776,0.7619047619047619
12.0,1.3333333333333333,20.333333333333332,167.72222222222223,0.3333333333333333,2.6666666666666665,0.8888888888888888,1.0833333333333333,0.29098360655737704,mixed,424000375,Round Robin,0.36456128126956955,0.16614420062695925,0.11592958351223702,0.3285744954916273,0.7536572622779519
12.0,1.3333333333333333,17.5,279.9166666666667,0.6666666666666666,3.4166666666666665,2.2430555555555554,2.0833333333333335,0.9666666666666667,mixed,424000376,SJF,0.6114789626861916,0.11199294532627865,0.13639455782312926,0.4271504164528835,0.7663139329805997
12.0,1.3333333333333333,15.833333333333334,100.80555555555556,0.5,3.1666666666666665,1.9722222222222223,1.5,0.5105263157894737,mixed,424000377,Round Robin,0.3512022196017885,0.21359223300970875,0.12369720241360395,0.3388907212826662,0.7694174757281553
12.0,1.2,10.583333333333334,14.243055555555555,0.75,2.5833333333333335,1.9097222222222223,2.5,1.6220472440944882,mixed,424000378,Round Robin,0.2001195997516707,0.15228426395939085,0.11478090255068674,0.32719642467843907,0.7779187817258884
12.0,0.8,14.75,71.85416666666667,0.6666666666666666,2.4166666666666665,1.4097222222222223,1.9166666666666667,0.7570621468926554,mixed,424000379,Round Robin,0.34975571739898464,0.19817767653758542,0.11609131403118039,0.3366784554067143,0.7596810933940774
12.0,1.2,13.583333333333334,75.40972222222223,0.6666666666666666,3.3333333333333335,1.2222222222222223,1.9166666666666667,0.8220858895705522,mixed,424000380,SJF,0.3843582887700535,0.14410058027079306,0.1590909090909091,0.38016842636232334,0.7654738878143134
12.0,1.3333333333333333,20.5,70.08333333333333,0.25,2.5833333333333335,1.9097222222222223,1.3333333333333333,0.35365853658536583,mixed,424000381,Round Robin,0.27007205717615906,0.2220244150559512,0.13240242261103635,0.3092193808882907,0.7527975584944049
12.0,1.0909090909090908,15,77.5,0.5833333333333334,2.5833333333333335,2.2430555555555554,2.25,1.0777777777777777,mixed,424000382,Round Robin,0.2737561305331835,0.1867694371777671,0.12766524520255865,0.3560045395144095,0.765370705244123
12.0,1.3333333333333333,12.833333333333334,30.47222222222222,0.5,2.9166666666666665,1.5763888888888888,1.3333333333333333,0.7337662337662337,mixed,424000383,Round Robin,0.33483433788106737,0.2043650793650794,0.14553472987872107,0.31348325286089035,0.7614087301587302
12.0,1.3333333333333333,17.916666666666668,160.74305555555554,0.5,3.3333333333333335,1.3888888888888888,1.75,0.6465116279069767,mixed,424000384,Round Robin,0.4107940770922747,0.18769716088328078,0.14481927710843373,0.3201647222498811,0.7693217665615142
12.0,1.0,15.416666666666666,91.57638888888889,0.5833333333333334,3.3333333333333335,2.2222222222222223,1.9166666666666667,0.7567567567567568,mixed,424000385,Round Robin,0.2705117774248188,0.13658940397350994,0.10553337136337708,0.39832287682707934,0.7635209713024282
12.0,1.0,18.916666666666668,147.90972222222223,0.5,3.5,1.75,1.8333333333333333,0.5198237885462555,mixed,424000386,Round Robin,0.35541333683508675,0.17915430267062316,0.12528788576692768,0.4176221382424739,0.7618694362017804
12.0,1.0909090909090908,15.583333333333334,143.57638888888889,0.5833333333333334,2.25,1.1875,1.3333333333333333,0.5935828877005348,mixed,424000387,Round Robin,0.31430346487081107,0.15191027185671255,0.11496247286956802,0.4011764705882353,0.7588300220750552
12.0,1.5,16.666666666666668,69.88888888888889,0.5,3.6666666666666665,1.5555555555555556,1.8333333333333333,0.815,mixed,424000388,Round Robin,0.3779691979846995,0.24756335282651074,0.14188873305282843,0.33298387802269436,0.7743664717348928
12.0,1.5,19.083333333333332,98.24305555555556,0.5833333333333334,2.5833333333333335,2.076388888888889,2.6666666666666665,0.9082969432314411,mixed,424000389,Round Robin,0.27605632522534596,0.206233611597157,0.13689776733254994,0.33188393052753773,0.7603492884864166
12.0,1.0,18.583333333333332,223.24305555555554,0.6666666666666666,2.4166666666666665,1.2430555555555556,2.3333333333333335,0.7713004484304933,mixed,424000390,SJF,0.4356621245690265,0.099197247706422,0.13503649635036497,0.46636468348247884,0.7600344036697247
12.0,1.0909090909090908,16.25,92.02083333333333,0.5,2.0833333333333335,1.5763888888888888,1.5833333333333333,0.5641025641025641,mixed,424000391,Round Robin,0.2944996287766399,0.16508795669824086,0.138640873015873,0.36303892531247606,0.760148849797023
12.0,1.0909090909090908,16.333333333333332,114.55555555555556,0.6666666666666666,2.8333333333333335,1.9722222222222223,2.4166666666666665,1.0510204081632653,mixed,424000392,SJF,0.2986098424695965,0.10613303013183747,0.13338122605363983,0.4802188349493782,0.7606741573033708
12.0,0.9230769230769231,15.833333333333334,23.305555555555557,0.5,3.1666666666666665,1.8055555555555556,2,0.7315789473684211,mixed,424000393,Round Robin,0.19540766869513707,0.23387096774193547,0.11853088480801335,0.2669483017252335,0.7625
12.0,1.7142857142857142,18,200.33333333333334,0.6666666666666666,3.1666666666666665,1.9722222222222223,2.3333333333333335,0.8333333333333334,mixed,424000394,SJF,0.3764320566983338,0.12683187683346586,0.1360163015792155,0.4704525314965517,0.7551963048498845
12.0,1.0,18.166666666666668,107.47222222222223,0.5,2.8333333333333335,2.138888888888889,1.6666666666666667,0.6009174311926605,mixed,424000395,Round Robin,0.2630816036905166,0.1546336206896552,0.12527328377787494,0.36188948221194395,0.7602370689655172
12.0,1.0,18.75,125.6875,0.6666666666666666,3.3333333333333335,2.388888888888889,2.8333333333333335,1.031111111111111,mixed,424000396,Round Robin,0.29094557984159086,0.15046916890080428,0.12154821186057041,0.4266407228544662,0.760053619302949
12.0,1.5,21.25,144.85416666666666,0.25,2.9166666666666665,2.076388888888889,0.9166666666666666,0.21568627450980393,mixed,424000397,Round Robin,0.29110879765007985,0.15472312703583063,0.12118245888801882,0.3241973375097886,0.755700325732899
12.0,1.2,21.333333333333332,144.88888888888889,0.4166666666666667,3.5833333333333335,2.4097222222222223,1.4166666666666667,0.3359375,mixed,424000398,Round Robin,0.3394058008913406,0.15046101048285143,0.1377513030528667,0.38009665772208096,0.7569901315789473
12.0,1.5,17.083333333333332,214.07638888888889,0.5833333333333334,3.5,2.0833333333333335,1.5833333333333333,0.43902439024390244,mixed,424000399,SJF,0.3901901167382,0.10831046847728044,0.14233797698364625,0.46032360146623436,0.7641982182628062
12.0,1.0,21.416666666666668,193.40972222222223,0.3333333333333333,2.8333333333333335,1.9722222222222223,1.5,0.4357976653696498,mixed,424000400,Round Robin,0.300685111956017,0.1687258687258687,0.12073981712385704,0.43084085287499746,0.7527027027027027
12.0,1.7142857142857142,19,186.5,0.5,3,1.8333333333333333,1.6666666666666667,0.5964912280701754,mixed,424000401,SJF,0.3394349107580698,0.11053130929791273,0.12900096993210478,0.4308355055771096,0.7644686907020872
12.0,0.8,14.666666666666666,163.22222222222223,0.8333333333333334,2.6666666666666665,1.3888888888888888,2.5833333333333335,0.7897727272727273,mixed,424000402,Round Robin,0.41675076962137797,0.13086419753086417,0.12459221694512415,0.32693759863425675,0.7827160493827161
12.0,0.8571428571428571,18.416666666666668,136.24305555555554,0.4166666666666667,2.4166666666666665,1.2430555555555556,1.4166666666666667,0.5294117647058824,mixed,424000403,Round Robin,0.4230673478143354,0.16073446327683616,0.13982150446238842,0.3808394400155365,0.7505649717514125
12.0,1.0909090909090908,20.583333333333332,224.74305555555554,0.5,3.5833333333333335,2.2430555555555554,1.5833333333333333,0.4574898785425101,mixed,424000404,SJF,0.3023127476081296,0.08562166285278412,0.12874251497005987,0.45169739032872863,0.7541952707856598
12.0,1.0,19.666666666666668,213.05555555555554,0.4166666666666667,3,2.1666666666666665,1.1666666666666667,0.3220338983050847,mixed,424000405,Round Robin,0.4487227613049868,0.191817215727949,0.11681056373793804,0.391792154136273,0.7577045696068012
12.0,1.2,17.75,180.02083333333334,0.4166666666666667,3.1666666666666665,2.138888888888889,1.1666666666666667,0.3004694835680751,mixed,424000406,Round Robin,0.3684502510809132,0.12090516443103952,0.10982367758186398,0.42229219143576824,0.7602389078498293
12.0,1.0,17.25,105.52083333333333,0.4166666666666667,2.6666666666666665,2.0555555555555554,1.5833333333333333,0.5555555555555556,mixed,424000407,Round Robin,0.32082655013933237,0.21071428571428572,0.11626213592233012,0.3160677811142743,0.7545454545454545
12.0,1.7142857142857142,23.833333333333332,105.30555555555556,0.25,3.6666666666666665,0.8888888888888888,1.3333333333333333,0.3041958041958042,mixed,424000408,Round Robin,0.272665761359699,0.20613636363636365,0.13036856533658236,0.2824398416082851,0.7613636363636364
12.0,1.7142857142857142,12.25,33.1875,0.8333333333333334,2.6666666666666665,1.8888888888888888,2.75,1.653061224489796,mixed,424000409,Round Robin,0.19515482410309992,0.11549999999999999,0.10479797979797978,0.35244508984367,0.758
12.0,1.2,16.333333333333332,122.55555555555556,0.5833333333333334,3.5,1.0833333333333333,2,0.7755102040816326,mixed,424000410,Round Robin,0.39632428583841406,0.15137283236994223,0.14281886387995713,0.37245444801714894,0.7658959537572254
12.0,0.9230769230769231,15.166666666666666,35.80555555555556,0.4166666666666667,3.3333333333333335,2.0555555555555554,1.3333333333333333,0.510989010989011,mixed,424000411,Round Robin,0.2873561295098706,0.23775855978478097,0.1312785388127854,0.32066557887147573,0.7560289389067525
12.0,1.3333333333333333,17.166666666666668,122.13888888888889,0.5,2.5833333333333335,1.7430555555555556,1.5833333333333333,0.5631067961165048,mixed,424000412,SJF,0.2913162820869243,0.1266564729867482,0.12855113636363635,0.42654721634954196,0.7520387359836901
12.0,1.3333333333333333,21.333333333333332,134.22222222222223,0.4166666666666667,3.8333333333333335,1.9722222222222223,1.6666666666666667,0.52734375,mixed,424000413,Round Robin,0.2669176353574488,0.16652323580034425,0.14955270322831585,0.3628128012853712,0.7663511187607572
12.0,1.5,14.916666666666666,59.24305555555556,0.4166666666666667,3.0833333333333335,2.076388888888889,0.9166666666666666,0.3687150837988827,mixed,424000414,Round Robin,0.3528995875991422,0.14353932584269663,0.13372389200203771,0.3520245646328173,0.7550561797752808
12.0,1.2,16.583333333333332,138.24305555555554,0.6666666666666666,3.0833333333333335,2.2430555555555554,1.8333333333333333,0.6432160804020101,mixed,424000415,Round Robin,0.39089025094153607,0.14279869067103113,0.12280187573270805,0.3622173716876237,0.765139116202946
12.0,1.3333333333333333,16.583333333333332,44.74305555555556,0.5,2.6666666666666665,1.0555555555555556,1.75,0.628140703517588,mixed,424000416,Round Robin,0.25913513510866665,0.15994623655913978,0.13574021782977008,0.38372769005998636,0.7548387096774194
12.0,1.0,12.333333333333334,59.22222222222222,0.5833333333333334,3,2,1.25,0.6891891891891891,mixed,424000417,Round Robin,0.28696271804811313,0.15363128491620112,0.1261904761904762,0.321505851449087,0.7690875232774674
12.0,1.3333333333333333,25.083333333333332,274.74305555555554,0.3333333333333333,3.5,1.4166666666666667,1.25,0.27906976744186046,mixed,424000418,Round Robin,0.3588594798790588,0.14342687843309834,0.1393470212049815,0.41934053420606154,0.7556545579163811
12.0,1.5,17.416666666666668,80.24305555555556,0.4166666666666667,2.5,1.4166666666666667,1.5,0.3397129186602871,mixed,424000419,Round Robin,0.24245501869562056,0.17404306220095692,0.1304920913884007,0.3651211006151142,0.7601674641148326
12.0,1.2,22.333333333333332,110.38888888888889,0.25,3.25,1.6875,0.8333333333333334,0.19029850746268656,mixed,424000420,Round Robin,0.28746338222790835,0.24619565217391304,0.12830642390930952,0.2939711439367915,0.7592391304347825
12.0,1.2,18.25,202.35416666666666,0.5833333333333334,3,1.5,1.5833333333333333,0.365296803652968,mixed,424000421,Round Robin,0.35239913126412475,0.147510781475013,0.12875536480686695,0.3861314336094752,0.7581521739130435
12.0,1.0,22.25,132.02083333333334,0.4166666666666667,3.25,1.1875,1.6666666666666667,0.36704119850187267,mixed,424000422,Round Robin,0.33961789397986475,0.20227524972253047,0.13093498904309717,0.28341855368882396,0.7610987791342952
12.0,1.0909090909090908,19.083333333333332,91.24305555555556,0.5,3.1666666666666665,1.1388888888888888,2.1666666666666665,0.7379912663755459,mixed,424000423,Round Robin,0.36370899489554187,0.20615796519410978,0.13870967741935483,0.32963709677419356,0.7580321285140562
12.0,1.7142857142857142,18.916666666666668,87.90972222222223,0.5,3.5833333333333335,2.076388888888889,2.0833333333333335,0.775330396475771,mixed,424000424,Round Robin,0.29061263874105847,0.18267973856209152,0.13757154538021255,0.38455432226508385,0.7656862745098039
12.0,2.0,16.583333333333332,81.74305555555556,0.5833333333333334,3.25,2.3541666666666665,2,0.8793969849246231,mixed,424000425,Round Robin,0.38889022450166805,0.20110544217687076,0.13764880952380953,0.3458040820548655,0.7576530612244898
12.0,1.3333333333333333,22.166666666666668,148.47222222222223,0.3333333333333333,3.5,1.5833333333333333,1.5,0.29699248120300753,mixed,424000426,Round Robin,0.26418536752787614,0.1500432220881855,0.12796123474515436,0.36207676506054365,0.7570189925681254
12.0,0.75,18.833333333333332,129.13888888888889,0.5,2.5,1.25,1.75,0.46017699115044247,mixed,424000427,Round Robin,0.2539619637033918,0.18001392757660165,0.12887047535979068,0.4218034170666081,0.7621866295264623
12.0,1.0,15.916666666666666,68.57638888888889,0.5833333333333334,3.3333333333333335,1.7222222222222223,2.0833333333333335,0.8219895287958116,mixed,424000428,Round Robin,0.32589277424195734,0.20450191570881224,0.1288297338021095,0.3391129840753135,0.7734674329501916
12.0,0.9230769230769231,15.666666666666666,69.38888888888889,0.75,3.6666666666666665,2.0555555555555554,3.0833333333333335,1.3404255319148937,mixed,424000429,Round Robin,0.264742745756807,0.14072642518648315,0.11741363211951447,0.35707691336439873,0.7683206106870228
12.0,0.9230769230769231,17.75,111.6875,0.5,2.5833333333333335,2.2430555555555554,1.8333333333333333,0.4694835680751174,mixed,424000430,Round Robin,0.368355607966457,0.1515625,0.15146750524109015,0.3511458041860907,0.7596875000000001
12.0,1.3333333333333333,15.833333333333334,48.97222222222222,0.5833333333333334,2.5833333333333335,2.4097222222222223,2.0833333333333335,0.8473684210526315,mixed,424000431,SJF,0.24221172194862428,0.12559952038369307,0.12824601366742597,0.34819889231318957,0.7589928057553956
12.0,1.0,17.25,169.35416666666666,0.5833333333333334,2.0833333333333335,1.4097222222222223,1.75,0.7632850241545893,mixed,424000432,Round Robin,0.26931954851777046,0.14792263610315187,0.13260219341974078,0.4393109276369345,0.7625358166189111
12.0,1.0,20.083333333333332,114.57638888888889,0.5833333333333334,2.75,1.3541666666666667,2.4166666666666665,0.7883817427385892,mixed,424000433,Round Robin,0.3091884626344176,0.2333068362480127,0.13616600790513833,0.365828388182777,0.7658982511923689
12.0,1.3333333333333333,21.333333333333332,220.88888888888889,0.4166666666666667,3.25,1.8541666666666667,1.3333333333333333,0.34375,mixed,424000434,Round Robin,0.3843637070337774,0.19122609673790772,0.08647873865265168,0.34245102723363596,0.7598425196850394
12.0,0.9230769230769231,15,152,0.6666666666666666,3.3333333333333335,1.7222222222222223,1.75,0.7555555555555555,mixed,424000435,Round Robin,0.35324112570068955,0.18083333333333332,0.039742619227857684,0.34457766599106243,0.7591666666666667
12.0,1.0,18.25,95.35416666666667,0.5833333333333334,3.25,2.0208333333333335,2.1666666666666665,0.7123287671232876,mixed,424000436,Round Robin,0.3405707523083532,0.14492753623188406,0.1436289959477713,0.36369550443998105,0.7672101449275363
12.0,1.3333333333333333,16,147.33333333333334,0.6666666666666666,3.0833333333333335,1.9097222222222223,2.0833333333333335,0.9375,mixed,424000437,Round Robin,0.33182353477549953,0.15592028135990618,0.08250311332503112,0.4175213560170229,0.7549824150058617
12.0,1.0,19.916666666666668,151.24305555555554,0.5,2.75,1.5208333333333333,1.8333333333333333,0.6485355648535565,mixed,424000438,Round Robin,0.4046975748430252,0.229562276744825,0.13888888888888887,0.3543771043771044,0.7629449838187703
12.0,0.9230769230769231,21,135.83333333333334,0.5,3.1666666666666665,1.8055555555555556,2,0.5,mixed,424000439,Round Robin,0.4402437768204422,0.22980677036848146,0.13516068052930058,0.3814854442344045,0.7543682795698925
12.0,1.0909090909090908,12.083333333333334,68.57638888888889,0.5833333333333334,3.5833333333333335,2.2430555555555554,1.8333333333333333,1.006896551724138,mixed,424000440,Round Robin,0.3099350666807438,0.17812499999999998,0.1384213029803068,0.4215793181005013,0.7725
12.0,1.0,22.833333333333332,137.13888888888889,0.3333333333333333,3.6666666666666665,1.3888888888888888,1.5833333333333333,0.4708029197080292,mixed,424000441,Round Robin,0.304924158165393,0.1911960797433776,0.12993477514589769,0.311963611397185,0.7609277430865299
12.0,1.0,19.75,156.85416666666666,0.5,3.4166666666666665,1.9097222222222223,2,0.6666666666666666,mixed,424000442,Round Robin,0.29984642616504864,0.16156840934371522,0.14609053497942384,0.4057252942865346,0.7619577308120133
12.0,1.2,17.333333333333332,62.05555555555556,0.4166666666666667,2.5,1.9166666666666667,1.8333333333333333,0.7019230769230769,mixed,424000443,Round Robin,0.30950908571972224,0.18533333333333335,0.1260393873085339,0.36308221319162237,0.7596666666666667
12.0,1.7142857142857142,21.5,141.91666666666666,0.4166666666666667,3.25,1.8541666666666667,1.5,0.3798449612403101,mixed,424000444,Round Robin,0.348526543976821,0.20166163141993956,0.12070982839313572,0.3051872074882996,0.7550352467270895
12.0,1.0909090909090908,17.333333333333332,106.38888888888889,0.5,3.75,1.5208333333333333,2,0.7307692307692307,mixed,424000445,SJF,0.27281360640478186,0.11665098777046093,0.13034095813552005,0.4402878976363959,0.76552210724365
12.0,1.3333333333333333,17,185.83333333333334,0.5,2.6666666666666665,1.7222222222222223,1.8333333333333333,0.5784313725490197,mixed,424000446,SJF,0.34763047270852976,0.11372646184340933,0.13730569948186527,0.44330835515441896,0.7579286422200198
12.0,1.0,15.416666666666666,139.90972222222223,0.5833333333333334,2.9166666666666665,2.4097222222222223,1.5833333333333333,0.654054054054054,mixed,424000447,SJF,0.29238740310719435,0.09051222351571594,0.11168384879725085,0.42662051552994773,0.7628055878928988
12.0,1.0,20.75,157.35416666666666,0.4166666666666667,3.25,1.8541666666666667,1.6666666666666667,0.4538152610441767,mixed,424000448,Round Robin,0.35858162046212205,0.15499404710905482,0.14405132192846035,0.38083203732503884,0.7565524193548387
12.0,1.0,20.75,150.1875,0.5,2.9166666666666665,2.2430555555555554,1.9166666666666667,0.606425702811245,mixed,424000449,SJF,0.2998061333727988,0.12832245975997034,0.13348232425843154,0.3858963730809862,0.7614533965244865
12.0,1.0,19.5,195.41666666666666,0.4166666666666667,2.75,1.8541666666666667,1.3333333333333333,0.48717948717948717,mixed,424000450,Round Robin,0.3734116011147941,0.20086083213773315,0.13057471264367818,0.4144465855307641,0.7661406025824964
12.0,1.0,19.833333333333332,224.63888888888889,0.5,3.0833333333333335,2.9097222222222223,1.5,0.3865546218487395,mixed,424000451,Round Robin,0.30640591616261925,0.1360062893081761,0.13086124401913876,0.4016506896899477,0.7617924528301887
12.0,0.8,16.583333333333332,160.57638888888889,0.5833333333333334,3.5,0.75,2.3333333333333335,0.9346733668341709,mixed,424000452,Round Robin,0.35367654937668835,0.20831054884395106,0.141353811149033,0.37372013651877134,0.7784090909090908
12.0,0.8,20.916666666666668,122.74305555555556,0.5,2.8333333333333335,0.8055555555555556,2.0833333333333335,0.7051792828685259,mixed,424000453,Round Robin,0.29567275374641566,0.15699268738574043,0.15012155591572124,0.3797670364159637,0.7616544789762341
12.0,1.2,16.333333333333332,79.38888888888889,0.6666666666666666,2.5,1.5833333333333333,2.5,1.239795918367347,mixed,424000454,Round Robin,0.3270064187339982,0.257783482630544,0.11626770884220809,0.407165024415854,0.7657004830917875
12.0,1.2,19.75,185.1875,0.4166666666666667,2.8333333333333335,1.4722222222222223,1.5,0.39662447257383965,mixed,424000455,Round Robin,0.30870454380479156,0.1339200761179829,0.12980769230769232,0.3851955629582441,0.7509514747859182
12.0,1.2,14.5,141.58333333333334,0.6666666666666666,3.5833333333333335,2.076388888888889,2.0833333333333335,0.9827586206896551,mixed,424000456,SJF,0.33435281521540267,0.09666666666666666,0.11235257603972688,0.5305417199402884,0.7793333333333333
12.0,1.5,19.333333333333332,139.88888888888889,0.5,3.5833333333333335,1.7430555555555556,2.0833333333333335,0.6637931034482759,mixed,424000457,Round Robin,0.2789263229036507,0.13056460369163952,0.1294277929155313,0.36208510363896096,0.7635722041259501
12.0,1.2,21.5,140.91666666666666,0.4166666666666667,1.8333333333333333,1.4722222222222223,1.75,0.5775193798449613,mixed,424000458,Round Robin,0.3442245588568848,0.20016429353778753,0.13491786088780147,0.3831394252111838,0.7532858707557503
12.0,0.8,20.5,178.08333333333334,0.5833333333333334,3.25,2.5208333333333335,2.4166666666666665,0.7357723577235772,mixed,424000459,SJF,0.3239842407430302,0.10066666666666667,0.12808308091735182,0.4375875900627091,0.7557777777777778
12.0,1.7142857142857142,14.833333333333334,51.30555555555556,0.5,3.0833333333333335,1.9097222222222223,1.8333333333333333,0.9662921348314607,mixed,424000460,Round Robin,0.3413563799833312,0.2059556780583377,0.14603718199608612,0.37802702680937084,0.7553986710963455
12.0,1.0909090909090908,24.416666666666668,328.90972222222223,0.5,3.4166666666666665,0.9097222222222222,1.5833333333333333,0.3310580204778157,mixed,424000461,Round Robin,0.4623620803323755,0.14739173228346455,0.13526856240126384,0.38526856240126384,0.7568897637795275
12.0,1.0909090909090908,14.583333333333334,134.24305555555554,0.6666666666666666,2.5833333333333335,1.5763888888888888,1.8333333333333333,0.8,mixed,424000462,SJF,0.39322538113405386,0.12479474548440067,0.14007537688442212,0.38119709120655804,0.756568144499179
12.0,1.7142857142857142,12.5,83.25,0.5833333333333334,3.75,2.0208333333333335,1.5833333333333333,0.7066666666666667,mixed,424000463,SJF,0.3114430139610636,0.11343365170670688,0.126008064516129,0.40545932323742906,0.774066091954023
12.0,1.0,18.5,63.916666666666664,0.4166666666666667,2.3333333333333335,1.8888888888888888,1.6666666666666667,0.5990990990990991,mixed,424000464,Round Robin,0.3907802991564441,0.2412751677852349,0.13277278060226833,0.31561604462533516,0.7536912751677852
12.0,1.7142857142857142,17.5,81.25,0.5833333333333334,3,2.3333333333333335,1.9166666666666667,0.7238095238095238,mixed,424000465,Round Robin,0.2761252829375202,0.19499999999999998,0.13334890238206443,0.3076259874820911,0.7623076923076924
12.0,1.0,16.833333333333332,86.63888888888889,0.3333333333333333,3.4166666666666665,2.2430555555555554,1.0833333333333333,0.3613861386138614,mixed,424000466,Round Robin,0.3963941447862529,0.23780487804878048,0.13228809407153358,0.2597991180793729,0.7731707317073171
12.0,1.0,21.75,224.85416666666666,0.5,2.9166666666666665,2.7430555555555554,2.0833333333333335,0.6245210727969349,mixed,424000467,SJF,0.30059835530773377,0.11695636114471696,0.12997658079625293,0.4277060847503649,0.759475806451613
12.0,1.3333333333333333,17.333333333333332,69.38888888888889,0.4166666666666667,3.3333333333333335,1.3888888888888888,1.5833333333333333,0.5240384615384616,mixed,424000468,Round Robin,0.2824195500974593,0.16358024691358025,0.12982536764705885,0.3857219283990192,0.7561728395061729
12.0,2.0,19.75,197.1875,0.5,3.5833333333333335,1.5763888888888888,1.5,0.4345991561181435,mixed,424000469,SJF,0.4787536632595219,0.14981493506493504,0.15670620437956206,0.42621425490253106,0.7578463203463204
12.0,2.0,20.5,148.91666666666666,0.3333333333333333,3.3333333333333335,1.0555555555555556,1.5833333333333333,0.5203252032520326,mixed,424000470,Round Robin,0.35576329625536995,0.21135165832600056,0.12363364518337847,0.282484311554079,0.7598684210526316
12.0,0.9230769230769231,19.916666666666668,158.57638888888889,0.5833333333333334,3.5833333333333335,2.9097222222222223,2,0.7238493723849372,mixed,424000471,Round Robin,0.3011292612401571,0.148986900781536,0.11864406779661019,0.4164084278960337,0.7612016293279023
12.0,1.2,20.75,232.52083333333334,0.4166666666666667,3.1666666666666665,1.8055555555555556,1.0833333333333333,0.24497991967871485,mixed,424000472,Round Robin,0.3390884601848179,0.16998525073746315,0.13057809330628803,0.36945438016638443,0.760693215339233
12.0,1.2,19.916666666666668,190.07638888888889,0.5,3.1666666666666665,1.4722222222222223,1.5833333333333333,0.39748953974895396,mixed,424000473,SJF,0.3304942718660344,0.10755813953488372,0.113330125120308,0.37956435586924214,0.7629492600422834
12.0,1.2,20.5,152.25,0.25,2.5833333333333335,2.7430555555555554,0.9166666666666666,0.25203252032520324,mixed,424000474,Round Robin,0.3167026909377197,0.1579163248564397,0.12807692307692306,0.37116848268011055,0.7596390484003281
12.0,1.0,14.25,143.85416666666666,0.75,2.6666666666666665,1.8888888888888888,2.3333333333333335,1.023391812865497,mixed,424000475,SJF,0.3809380727517456,0.09268114426871187,0.09351432880844646,0.4983155530600786,0.761444921316166
12.0,1.0909090909090908,19.583333333333332,133.24305555555554,0.4166666666666667,2.5,1.75,1.75,0.451063829787234,mixed,424000476,Round Robin,0.3750208566323263,0.17155860721616556,0.14567090685268771,0.3359663520722199,0.7583965330444203
12.0,1.0,14.5,39.916666666666664,0.5,3.5833333333333335,2.2430555555555554,1.9166666666666667,0.8333333333333334,mixed,424000477,Round Robin,0.21084013971152274,0.19471153846153846,0.1211378126532614,0.3623800301559459,0.7692307692307692
12.0,1.0,14.25,202.35416666666666,0.5833333333333334,2.8333333333333335,1.8055555555555556,1.4166666666666667,0.52046783625731,mixed,424000478,SJF,0.4485506235901847,0.08131496912546121,0.13816280806572068,0.5487645290765478,0.765399737876802
12.0,1.3333333333333333,19.166666666666668,209.30555555555554,0.4166666666666667,3,2.8333333333333335,1.5,0.4782608695652174,mixed,424000479,SJF,0.37756805351932127,0.127,0.14313440077632217,0.42933493374667203,0.75675
12.0,1.3333333333333333,20.75,211.85416666666666,0.5,3,2.1666666666666665,1.75,0.4738955823293173,mixed,424000480,Round Robin,0.382260104558016,0.14221698113207548,0.13395113732097727,0.3898483572030328,0.7563679245283019
12.0,0.7058823529411765,16.666666666666668,271.3888888888889,0.6666666666666666,3.4166666666666665,1.4097222222222223,1.6666666666666667,0.615,mixed,424000481,Round Robin,0.5867524541335701,0.12674714104193135,0.0841720036596523,0.5505489478499542,0.7576238881829733
12.0,0.8571428571428571,18.75,207.52083333333334,0.5,3.6666666666666665,1.5555555555555556,1.75,0.4888888888888889,mixed,424000482,Round Robin,0.40256710266683676,0.16634191053231429,0.11183851609383524,0.3378341516639389,0.7642424242424242
12.0,1.2,20.833333333333332,144.97222222222223,0.3333333333333333,2.6666666666666665,2.0555555555555554,1.5833333333333333,0.428,mixed,424000483,Round Robin,0.30578542123286256,0.16922669491525424,0.13923802042419478,0.3238151866008009,0.7563559322033898
12.0,0.8,15.333333333333334,77.55555555555556,0.6666666666666666,2,1.3333333333333333,2,0.782608695652174,mixed,424000484,Round Robin,0.2857662624145033,0.18620037807183365,0.12796208530805686,0.3696343128246347,0.7684310018903592
12.0,1.2,17.166666666666668,148.63888888888889,0.5833333333333334,3.1666666666666665,2.138888888888889,1.9166666666666667,0.6504854368932039,mixed,424000485,Round Robin,0.3569166393004054,0.14944134078212293,0.13315068493150684,0.38173028104832446,0.7685055865921788
12.0,1.3333333333333333,23.5,105.25,0.25,2.5833333333333335,1.9097222222222223,1.5,0.3262411347517731,mixed,424000486,Round Robin,0.31784729492452696,0.21528504186598982,0.12367864693446089,0.3024010872848082,0.7518248175182483
12.0,1.0909090909090908,15.75,210.52083333333334,0.6666666666666666,3.4166666666666665,2.076388888888889,1.6666666666666667,0.7037037037037037,mixed,424000487,SJF,0.5071114184665866,0.11960132890365449,0.14642609299097847,0.43931620766932034,0.7616279069767442
12.0,1.7142857142857142,19.166666666666668,183.13888888888889,0.5,2.9166666666666665,2.4097222222222223,2,0.717391304347826,mixed,424000488,Round Robin,0.4012192654925768,0.16952054794520546,0.12133995037220843,0.43690832154299947,0.7565068493150685
12.0,1.5,20.416666666666668,153.90972222222223,0.5833333333333334,3.25,2.0208333333333335,2.4166666666666665,0.7346938775510204,mixed,424000489,SJF,0.2661495731075626,0.12951184224627585,0.13488372093023254,0.40643410852713174,0.7596774193548388
12.0,1.2,14.5,76.25,0.6666666666666666,3.3333333333333335,2.0555555555555554,2.1666666666666665,1.0,mixed,424000490,Round Robin,0.27476842832591725,0.14469453376205785,0.12256027554535015,0.40554942224387425,0.7704983922829582
12.0,1.0,14.25,148.52083333333334,0.5833333333333334,2.4166666666666665,0.7430555555555556,1.6666666666666667,0.7309941520467836,mixed,424000491,Round Robin,0.3038997456547662,0.1255263157894737,0.08461025982678214,0.451830448572204,0.7563157894736843
12.0,1.0,13.083333333333334,31.90972222222222,0.6666666666666666,3.9166666666666665,1.0763888888888888,2.25,1.3312101910828025,mixed,424000492,Round Robin,0.31950621249271394,0.20406976744186045,0.14187221678846706,0.3966055439260693,0.7587209302325582
12.0,1.0909090909090908,15.083333333333334,77.74305555555556,0.5833333333333334,3.1666666666666665,1.3055555555555556,1.9166666666666667,0.856353591160221,mixed,424000493,Round Robin,0.38940125458211255,0.16945773524720895,0.13664079822616407,0.4181652158292488,0.766347687400319
12.0,1.0909090909090908,15.75,72.1875,0.4166666666666667,3.0833333333333335,1.4097222222222223,1.5,0.6243386243386243,mixed,424000494,Round Robin,0.31782427638708943,0.1698042168674699,0.12788906009244994,0.3039291217257319,0.7564006024096386
12.0,1.7142857142857142,13.666666666666666,60.888888888888886,0.5833333333333334,2.6666666666666665,1.3888888888888888,1.6666666666666667,0.8292682926829268,mixed,424000495,Round Robin,0.29568047789744095,0.22698209718670076,0.12985436893203883,0.32608257943512803,0.7736572890025575
12.0,1.0909090909090908,17.166666666666668,96.80555555555556,0.4166666666666667,3.3333333333333335,1.7222222222222223,1.3333333333333333,0.470873786407767,mixed,424000496,Round Robin,0.23145372318099774,0.15946843853820597,0.11342376052385406,0.3830116458624934,0.7599667774086378
12.0,1.5,23.833333333333332,203.30555555555554,0.25,3.3333333333333335,0.8888888888888888,1.25,0.3076923076923077,mixed,424000497,Round Robin,0.3237437169193165,0.15794649881982692,0.13160469667318986,0.33596347827470446,0.7559008654602675
12.0,1.0909090909090908,13,33.666666666666664,0.6666666666666666,3.4166666666666665,2.2430555555555554,2.0833333333333335,0.9487179487179487,mixed,424000498,Round Robin,0.2688542602648748,0.1573795402909327,0.14661349915192923,0.34440091747286194,0.7718531468531469
12.0,0.8571428571428571,18.583333333333332,136.90972222222223,0.5,3.1666666666666665,1.9722222222222223,1.9166666666666667,0.5739910313901345,mixed,424000499,Round Robin,0.3072254693223844,0.1988357843137255,0.10290948275862069,0.3744238444307873,0.7607230392156863
